model,military,block,spec,method,country,year,fitted,resid_raw,resid_innov
DefGDP_s1_FRUK_FE_AR1,DefGDP,FRUK,1,FE_AR1,FR,1981,10.86194182918386,-.0658806228193569,
DefGDP_s1_FRUK_FE_AR1,DefGDP,FRUK,1,FE_AR1,FR,1982,10.8920786392427,-.0885272870303027,-.0480005397340505
DefGDP_s1_FRUK_FE_AR1,DefGDP,FRUK,1,FE_AR1,FR,1983,10.93306262395583,-.0971140647468349,-.0426561249647945
DefGDP_s1_FRUK_FE_AR1,DefGDP,FRUK,1,FE_AR1,FR,1984,10.96050990277195,-.0895425430787462,-.029802410206923
DefGDP_s1_FRUK_FE_AR1,DefGDP,FRUK,1,FE_AR1,FR,1985,10.98630569797449,-.0690508463616943,-.013968367473078
DefGDP_s1_FRUK_FE_AR1,DefGDP,FRUK,1,FE_AR1,FR,1986,10.98672358526765,-.0468685255430454,-.0043916016565503
DefGDP_s1_FRUK_FE_AR1,DefGDP,FRUK,1,FE_AR1,FR,1987,10.97409146478719,-.0100265784295903,.0188047957976864
DefGDP_s1_FRUK_FE_AR1,DefGDP,FRUK,1,FE_AR1,FR,1988,11.00736302057067,.0120982784509334,.0182661711160687
DefGDP_s1_FRUK_FE_AR1,DefGDP,FRUK,1,FE_AR1,FR,1989,11.03611962397685,.0110613783355475,.0036190705291221
DefGDP_s1_FRUK_FE_AR1,DefGDP,FRUK,1,FE_AR1,FR,1990,11.05377042325776,.020582828884244,.0137783746248762
DefGDP_s1_FRUK_FE_AR1,DefGDP,FRUK,1,FE_AR1,FR,1991,11.07659493084776,.0082941789470379,-.0043674363980537
DefGDP_s1_FRUK_FE_AR1,DefGDP,FRUK,1,FE_AR1,FR,1992,11.09378117966323,.0197798608723723,.0146776611688543
DefGDP_s1_FRUK_FE_AR1,DefGDP,FRUK,1,FE_AR1,FR,1993,11.11234551234297,.0097295478734303,-.0024381182600193
DefGDP_s1_FRUK_FE_AR1,DefGDP,FRUK,1,FE_AR1,FR,1994,11.11651434195434,.029294066367358,.0233088933210364
DefGDP_s1_FRUK_FE_AR1,DefGDP,FRUK,1,FE_AR1,FR,1995,11.15537470492615,.0257866615204474,.007766291127095
DefGDP_s1_FRUK_FE_AR1,DefGDP,FRUK,1,FE_AR1,FR,1996,11.17128179652185,.0025307833523538,-.0133319919270886
DefGDP_s1_FRUK_FE_AR1,DefGDP,FRUK,1,FE_AR1,FR,1997,11.18851285174698,.0375520290672196,.0359952068485888
DefGDP_s1_FRUK_FE_AR1,DefGDP,FRUK,1,FE_AR1,FR,1998,11.22610805088986,.0333169085400353,.0102166170227309
DefGDP_s1_FRUK_FE_AR1,DefGDP,FRUK,1,FE_AR1,FR,1999,11.2389582201903,.0454544767597991,.0249594377739558
DefGDP_s1_FRUK_FE_AR1,DefGDP,FRUK,1,FE_AR1,FR,2000,11.27893778368133,.0484483777909688,.0204868617291246
DefGDP_s1_FRUK_FE_AR1,DefGDP,FRUK,1,FE_AR1,FR,2001,11.30337527465128,.0062836131879163,-.0235196139162308
DefGDP_s1_FRUK_FE_AR1,DefGDP,FRUK,1,FE_AR1,FR,2002,11.31125241831125,-.0069261969291468,-.0107915884946202
DefGDP_s1_FRUK_FE_AR1,DefGDP,FRUK,1,FE_AR1,FR,2003,11.30109730631435,-.000664259082054,.0035964206240451
DefGDP_s1_FRUK_FE_AR1,DefGDP,FRUK,1,FE_AR1,FR,2004,11.29568198355504,.0337210088564621,.0341296306758317
DefGDP_s1_FRUK_FE_AR1,DefGDP,FRUK,1,FE_AR1,FR,2005,11.32653298825142,.0093020900531791,-.0114415329730894
DefGDP_s1_FRUK_FE_AR1,DefGDP,FRUK,1,FE_AR1,FR,2006,11.24840917993621,.0914763039531934,.0857540834158155
DefGDP_s1_FRUK_FE_AR1,DefGDP,FRUK,1,FE_AR1,FR,2007,11.23631665956033,.1346182616548735,.078346221481978
DefGDP_s1_FRUK_FE_AR1,DefGDP,FRUK,1,FE_AR1,FR,2008,11.32229371390452,.0190498066963745,-.0637611935351663
DefGDP_s1_FRUK_FE_AR1,DefGDP,FRUK,1,FE_AR1,FR,2009,11.36497141562208,-.0542601081619818,-.0659786783422198
DefGDP_s1_FRUK_FE_AR1,DefGDP,FRUK,1,FE_AR1,FR,2010,11.37602057192225,-.0213431510161488,.0120351869175637
DefGDP_s1_FRUK_FE_AR1,DefGDP,FRUK,1,FE_AR1,FR,2011,11.45122890822355,-.062729222136646,-.0495998913756279
DefGDP_s1_FRUK_FE_AR1,DefGDP,FRUK,1,FE_AR1,FR,2012,11.42116483337075,-.0319073006093493,.0066808490593781
DefGDP_s1_FRUK_FE_AR1,DefGDP,FRUK,1,FE_AR1,FR,2013,11.42301675853896,-.0143675089263642,.0052604037035194
DefGDP_s1_FRUK_FE_AR1,DefGDP,FRUK,1,FE_AR1,FR,2014,11.42301138043688,-.0056464036112764,.0031918310413008
DefGDP_s1_FRUK_FE_AR1,DefGDP,FRUK,1,FE_AR1,FR,2015,11.41856691181251,.0431351978077874,.0466086071730008
DefGDP_s1_FRUK_FE_AR1,DefGDP,FRUK,1,FE_AR1,FR,2016,11.41274483726809,.0477855219185095,.0212507202375451
DefGDP_s1_FRUK_FE_AR1,DefGDP,FRUK,1,FE_AR1,FR,2017,11.42377896095492,.0482622061275748,.0188667376524051
DefGDP_s1_FRUK_FE_AR1,DefGDP,FRUK,1,FE_AR1,FR,2018,11.4300909021391,.0452541379851024,.0155654351770716
DefGDP_s1_FRUK_FE_AR1,DefGDP,FRUK,1,FE_AR1,FR,2019,11.43810895941413,.0292564695992663,.0014181927927346
DefGDP_s1_FRUK_FE_AR1,DefGDP,FRUK,1,FE_AR1,FR,2020,11.3726487985981,-.0480884824561976,-.0660857250366302
DefGDP_s1_FRUK_FE_AR1,DefGDP,FRUK,1,FE_AR1,FR,2021,11.40682032747337,-.037629498565666,-.0080476626181473
DefGDP_s1_FRUK_FE_AR1,DefGDP,FRUK,1,FE_AR1,FR,2022,11.45855593438396,-.0312055276599636,-.0080575804488854
DefGDP_s1_FRUK_FE_AR1,DefGDP,FRUK,1,FE_AR1,FR,2023,11.43795990779293,.0091535395665669,.0283497535609188
DefGDP_s1_FRUK_FE_AR1,DefGDP,FRUK,1,FE_AR1,FR,2024,11.42562218045832,.0253448119738717,.01971397290458
DefGDP_s1_FRUK_FE_AR1,DefGDP,FRUK,1,FE_AR1,UK,1981,10.91530788963354,-.1734447960703402,
DefGDP_s1_FRUK_FE_AR1,DefGDP,FRUK,1,FE_AR1,UK,1982,10.87984423702084,-.0978219516657379,.0088733575068308
DefGDP_s1_FRUK_FE_AR1,DefGDP,FRUK,1,FE_AR1,UK,1983,10.83129504913578,.0145172861459155,.0746928786878054
DefGDP_s1_FRUK_FE_AR1,DefGDP,FRUK,1,FE_AR1,UK,1984,10.82797814324056,.0660593368412421,.057128966090557
DefGDP_s1_FRUK_FE_AR1,DefGDP,FRUK,1,FE_AR1,UK,1985,10.83537892773905,.0870511991748533,.0464145151826002
DefGDP_s1_FRUK_FE_AR1,DefGDP,FRUK,1,FE_AR1,UK,1986,10.8909105512153,.0770807182716027,.0235308002559759
DefGDP_s1_FRUK_FE_AR1,DefGDP,FRUK,1,FE_AR1,UK,1987,10.93852615796979,.0797622018187081,.0323456678346211
DefGDP_s1_FRUK_FE_AR1,DefGDP,FRUK,1,FE_AR1,UK,1988,11.01470455319313,.0446264147740685,-.0044396452989046
DefGDP_s1_FRUK_FE_AR1,DefGDP,FRUK,1,FE_AR1,UK,1989,11.0266918539711,.0337763054575024,.0063241752727978
DefGDP_s1_FRUK_FE_AR1,DefGDP,FRUK,1,FE_AR1,UK,1990,11.04084776039713,.0071173952525747,-.0136602437146609
DefGDP_s1_FRUK_FE_AR1,DefGDP,FRUK,1,FE_AR1,UK,1991,11.01667490737272,.0784335018970772,.0740552057234125
DefGDP_s1_FRUK_FE_AR1,DefGDP,FRUK,1,FE_AR1,UK,1992,11.10566112336837,.036870243869533,-.0113784607557824
DefGDP_s1_FRUK_FE_AR1,DefGDP,FRUK,1,FE_AR1,UK,1993,11.1509810799326,.0269177719211982,.0042368834883596
DefGDP_s1_FRUK_FE_AR1,DefGDP,FRUK,1,FE_AR1,UK,1994,11.18270598982582,.0721942957139845,.0556357130269364
DefGDP_s1_FRUK_FE_AR1,DefGDP,FRUK,1,FE_AR1,UK,1995,11.26939880250062,-.064273235460524,-.1086838656795798
DefGDP_s1_FRUK_FE_AR1,DefGDP,FRUK,1,FE_AR1,UK,1996,11.26725478693913,-.0639320566998336,-.0243941006218616
DefGDP_s1_FRUK_FE_AR1,DefGDP,FRUK,1,FE_AR1,UK,1997,11.32829423634607,-.0907369540865659,-.0514088755845128
DefGDP_s1_FRUK_FE_AR1,DefGDP,FRUK,1,FE_AR1,UK,1998,11.33003763699303,-.0909998680022301,-.035182642066451
DefGDP_s1_FRUK_FE_AR1,DefGDP,FRUK,1,FE_AR1,UK,1999,11.36797351963052,-.103099876342716,-.0471209177856468
DefGDP_s1_FRUK_FE_AR1,DefGDP,FRUK,1,FE_AR1,UK,2000,11.39489242255424,-.0901106371319393,-.0266883066194773
DefGDP_s1_FRUK_FE_AR1,DefGDP,FRUK,1,FE_AR1,UK,2001,11.41972435493183,-.1027526232191285,-.0473206788405244
DefGDP_s1_FRUK_FE_AR1,DefGDP,FRUK,1,FE_AR1,UK,2002,11.45088642028612,-.0959535062094226,-.0327447899432322
DefGDP_s1_FRUK_FE_AR1,DefGDP,FRUK,1,FE_AR1,UK,2003,11.46746381548131,-.0706341849719117,-.0116079746550889
DefGDP_s1_FRUK_FE_AR1,DefGDP,FRUK,1,FE_AR1,UK,2004,11.4878496787274,-.0792351632541966,-.0357842418401336
DefGDP_s1_FRUK_FE_AR1,DefGDP,FRUK,1,FE_AR1,UK,2005,11.45152944115535,-.0104399976705452,.0383018523721448
DefGDP_s1_FRUK_FE_AR1,DefGDP,FRUK,1,FE_AR1,UK,2006,11.48826026971272,-.0402014744453236,-.0337792651634264
DefGDP_s1_FRUK_FE_AR1,DefGDP,FRUK,1,FE_AR1,UK,2007,11.48110501415586,-.0209735026683582,.0037566065209507
DefGDP_s1_FRUK_FE_AR1,DefGDP,FRUK,1,FE_AR1,UK,2008,11.45576568773307,.0209742084282336,.0338761484248919
DefGDP_s1_FRUK_FE_AR1,DefGDP,FRUK,1,FE_AR1,UK,2009,11.43443473938459,.0054602829709136,-.0074420911769549
DefGDP_s1_FRUK_FE_AR1,DefGDP,FRUK,1,FE_AR1,UK,2010,11.42383205018951,.1021948407567912,.0988359243006579
DefGDP_s1_FRUK_FE_AR1,DefGDP,FRUK,1,FE_AR1,UK,2011,11.46717381337043,.0624739660405691,-.0003916279549134
DefGDP_s1_FRUK_FE_AR1,DefGDP,FRUK,1,FE_AR1,UK,2012,11.49852503827633,.0400483167322712,.0016171889443159
DefGDP_s1_FRUK_FE_AR1,DefGDP,FRUK,1,FE_AR1,UK,2013,11.50132695329041,.0883991309735901,.0637632374074451
DefGDP_s1_FRUK_FE_AR1,DefGDP,FRUK,1,FE_AR1,UK,2014,11.51239711974857,.0838085804687321,.0294294764338751
DefGDP_s1_FRUK_FE_AR1,DefGDP,FRUK,1,FE_AR1,UK,2015,11.53467495066953,.0616692991055725,.0101140918752612
DefGDP_s1_FRUK_FE_AR1,DefGDP,FRUK,1,FE_AR1,UK,2016,11.5202644252286,.0784097523681044,.0404736188916279
DefGDP_s1_FRUK_FE_AR1,DefGDP,FRUK,1,FE_AR1,UK,2017,11.54181028719635,.0621881540140503,.0139540590132026
DefGDP_s1_FRUK_FE_AR1,DefGDP,FRUK,1,FE_AR1,UK,2018,11.55622999015822,.0344751894853843,-.0037801198103154
DefGDP_s1_FRUK_FE_AR1,DefGDP,FRUK,1,FE_AR1,UK,2019,11.58351161747829,.0179997044746081,-.0032078559957229
DefGDP_s1_FRUK_FE_AR1,DefGDP,FRUK,1,FE_AR1,UK,2020,11.52436669589819,.013194356086407,.0021217607855117
DefGDP_s1_FRUK_FE_AR1,DefGDP,FRUK,1,FE_AR1,UK,2021,11.51917269510483,.0939677942535724,.085851229595148
DefGDP_s1_FRUK_FE_AR1,DefGDP,FRUK,1,FE_AR1,UK,2022,11.57517971277551,.0105564796975877,-.0472482114047227
DefGDP_s1_FRUK_FE_AR1,DefGDP,FRUK,1,FE_AR1,UK,2023,11.58412083576361,.0342367894897944,.0277429257900655
DefGDP_s1_FRUK_FE_AR1,DefGDP,FRUK,1,FE_AR1,UK,2024,11.60683602231371,.0143886444218353,-.0066722632701333
DefGDP_s1_FRUK_POOLED_AR1,DefGDP,FRUK,1,POOLED_AR1,FR,1981,10.97218213550793,-.1761209291434263,
DefGDP_s1_FRUK_POOLED_AR1,DefGDP,FRUK,1,POOLED_AR1,FR,1982,11.00636919926173,-.202817847049328,-.064377539910807
DefGDP_s1_FRUK_POOLED_AR1,DefGDP,FRUK,1,POOLED_AR1,FR,1983,11.03229055764713,-.1963419984381325,-.036916510648338
DefGDP_s1_FRUK_POOLED_AR1,DefGDP,FRUK,1,POOLED_AR1,FR,1984,11.05595590901323,-.1849885493200265,-.030653418906137
DefGDP_s1_FRUK_POOLED_AR1,DefGDP,FRUK,1,POOLED_AR1,FR,1985,11.07347786588987,-.1562230142770691,-.0108122916018656
DefGDP_s1_FRUK_POOLED_AR1,DefGDP,FRUK,1,POOLED_AR1,FR,1986,11.07503168990015,-.1351766301755504,-.0123771299468732
DefGDP_s1_FRUK_POOLED_AR1,DefGDP,FRUK,1,POOLED_AR1,FR,1987,11.05534445275026,-.0912795663926627,.01497636974434
DefGDP_s1_FRUK_POOLED_AR1,DefGDP,FRUK,1,POOLED_AR1,FR,1988,11.08575290220269,-.0662916031810852,.0054589336138935
DefGDP_s1_FRUK_POOLED_AR1,DefGDP,FRUK,1,POOLED_AR1,FR,1989,11.1072188439603,-.0600378416478975,-.0079291572926121
DefGDP_s1_FRUK_POOLED_AR1,DefGDP,FRUK,1,POOLED_AR1,FR,1990,11.10973824253318,-.0353849903911829,.0118079087043023
DefGDP_s1_FRUK_POOLED_AR1,DefGDP,FRUK,1,POOLED_AR1,FR,1991,11.12584528355589,-.040956173761094,-.0131417114954557
DefGDP_s1_FRUK_POOLED_AR1,DefGDP,FRUK,1,POOLED_AR1,FR,1992,11.14746319100243,-.0339021504668278,-.0017084452537065
DefGDP_s1_FRUK_POOLED_AR1,DefGDP,FRUK,1,POOLED_AR1,FR,1993,11.17257252601793,-.0504974658015289,-.0238485936537909
DefGDP_s1_FRUK_POOLED_AR1,DefGDP,FRUK,1,POOLED_AR1,FR,1994,11.17100905026566,-.0252006419439557,.014493020298693
DefGDP_s1_FRUK_POOLED_AR1,DefGDP,FRUK,1,POOLED_AR1,FR,1995,11.19522381038422,-.0140624439376236,.0057465851640114
DefGDP_s1_FRUK_POOLED_AR1,DefGDP,FRUK,1,POOLED_AR1,FR,1996,11.21183788984069,-.0380253099664873,-.0269714899161887
DefGDP_s1_FRUK_POOLED_AR1,DefGDP,FRUK,1,POOLED_AR1,FR,1997,11.22829226293486,-.0022273821206635,.0276625101050979
DefGDP_s1_FRUK_POOLED_AR1,DefGDP,FRUK,1,POOLED_AR1,FR,1998,11.26019529246925,-.00077033303935,.0009805063776303
DefGDP_s1_FRUK_POOLED_AR1,DefGDP,FRUK,1,POOLED_AR1,FR,1999,11.27555747340433,.0088552235457744,.0094607458030396
DefGDP_s1_FRUK_POOLED_AR1,DefGDP,FRUK,1,POOLED_AR1,FR,2000,11.30999739849816,.0173887629741429,.0104280918408506
DefGDP_s1_FRUK_POOLED_AR1,DefGDP,FRUK,1,POOLED_AR1,FR,2001,11.32911471360191,-.0194558257627122,-.0331243074054525
DefGDP_s1_FRUK_POOLED_AR1,DefGDP,FRUK,1,POOLED_AR1,FR,2002,11.33616981843438,-.0318435970522817,-.0165502954138945
DefGDP_s1_FRUK_POOLED_AR1,DefGDP,FRUK,1,POOLED_AR1,FR,2003,11.31978129015643,-.0193482429241332,.0056824980431888
DefGDP_s1_FRUK_POOLED_AR1,DefGDP,FRUK,1,POOLED_AR1,FR,2004,11.30699413623202,.022408856179478,.0376175920522395
DefGDP_s1_FRUK_POOLED_AR1,DefGDP,FRUK,1,POOLED_AR1,FR,2005,11.33426574801483,.0015693302897724,-.0160452084660588
DefGDP_s1_FRUK_POOLED_AR1,DefGDP,FRUK,1,POOLED_AR1,FR,2006,11.29555875074067,.0443267331487309,.0430931570577205
DefGDP_s1_FRUK_POOLED_AR1,DefGDP,FRUK,1,POOLED_AR1,FR,2007,11.29097561423965,.0799593069755513,.0451161649287583
DefGDP_s1_FRUK_POOLED_AR1,DefGDP,FRUK,1,POOLED_AR1,FR,2008,11.33059425298847,.0107492676124288,-.0521029502932805
DefGDP_s1_FRUK_POOLED_AR1,DefGDP,FRUK,1,POOLED_AR1,FR,2009,11.37986560667124,-.0691542992111422,-.077603788530875
DefGDP_s1_FRUK_POOLED_AR1,DefGDP,FRUK,1,POOLED_AR1,FR,2010,11.38712909981013,-.0324516789040299,.0219072349928144
DefGDP_s1_FRUK_POOLED_AR1,DefGDP,FRUK,1,POOLED_AR1,FR,2011,11.45247729675029,-.0639776106633878,-.0384688854001004
DefGDP_s1_FRUK_POOLED_AR1,DefGDP,FRUK,1,POOLED_AR1,FR,2012,11.4483134086567,-.0590558758953037,-.0087661112812682
DefGDP_s1_FRUK_POOLED_AR1,DefGDP,FRUK,1,POOLED_AR1,FR,2013,11.44999881807879,-.0413495684661864,.0050714539361098
DefGDP_s1_FRUK_POOLED_AR1,DefGDP,FRUK,1,POOLED_AR1,FR,2014,11.45383205479084,-.0364670779652432,-.0039641438372817
DefGDP_s1_FRUK_POOLED_AR1,DefGDP,FRUK,1,POOLED_AR1,FR,2015,11.47242565472683,-.0107235451065328,.0179414948663221
DefGDP_s1_FRUK_POOLED_AR1,DefGDP,FRUK,1,POOLED_AR1,FR,2016,11.46865832015468,-.0081279609680767,.0003013091100593
DefGDP_s1_FRUK_POOLED_AR1,DefGDP,FRUK,1,POOLED_AR1,FR,2017,11.47045845139349,.0015827156890094,.0079717202116581
DefGDP_s1_FRUK_POOLED_AR1,DefGDP,FRUK,1,POOLED_AR1,FR,2018,11.46318882962452,.0121562104996844,.0109121127813435
DefGDP_s1_FRUK_POOLED_AR1,DefGDP,FRUK,1,POOLED_AR1,FR,2019,11.47219139603713,-.0048259670237289,-.0143813874010898
DefGDP_s1_FRUK_POOLED_AR1,DefGDP,FRUK,1,POOLED_AR1,FR,2020,11.41139990086632,-.0868395847244159,-.0830461209932467
DefGDP_s1_FRUK_POOLED_AR1,DefGDP,FRUK,1,POOLED_AR1,FR,2021,11.3974473273365,-.028256498428803,.0400039794116212
DefGDP_s1_FRUK_POOLED_AR1,DefGDP,FRUK,1,POOLED_AR1,FR,2022,11.43162991584947,-.0042795091254728,.0179315837876072
DefGDP_s1_FRUK_POOLED_AR1,DefGDP,FRUK,1,POOLED_AR1,FR,2023,11.41166121457377,.0354522327857349,.0388161518873091
DefGDP_s1_FRUK_POOLED_AR1,DefGDP,FRUK,1,POOLED_AR1,FR,2024,11.39609037770017,.0548766147320237,.0270092964100394
DefGDP_s1_FRUK_POOLED_AR1,DefGDP,FRUK,1,POOLED_AR1,UK,1981,10.86785772892117,-.1259946353579746,
DefGDP_s1_FRUK_POOLED_AR1,DefGDP,FRUK,1,POOLED_AR1,UK,1982,10.84597554332821,-.0639532579731075,.0350851476360252
DefGDP_s1_FRUK_POOLED_AR1,DefGDP,FRUK,1,POOLED_AR1,UK,1983,10.81001110946558,.0358012258161224,.0860718479356318
DefGDP_s1_FRUK_POOLED_AR1,DefGDP,FRUK,1,POOLED_AR1,UK,1984,10.80691771600376,.0871197640780412,.0589781188912657
DefGDP_s1_FRUK_POOLED_AR1,DefGDP,FRUK,1,POOLED_AR1,UK,1985,10.80618703516652,.1162430917473802,.0477623782089138
DefGDP_s1_FRUK_POOLED_AR1,DefGDP,FRUK,1,POOLED_AR1,UK,1986,10.86671193620171,.1012793332851949,.0099061534904569
DefGDP_s1_FRUK_POOLED_AR1,DefGDP,FRUK,1,POOLED_AR1,UK,1987,10.91135869511509,.1069296646734088,.0273187855179353
DefGDP_s1_FRUK_POOLED_AR1,DefGDP,FRUK,1,POOLED_AR1,UK,1988,10.99103603603141,.0682949319357942,-.0157574046695304
DefGDP_s1_FRUK_POOLED_AR1,DefGDP,FRUK,1,POOLED_AR1,UK,1989,11.00905668999224,.0514114694363634,-.0022719366141243
DefGDP_s1_FRUK_POOLED_AR1,DefGDP,FRUK,1,POOLED_AR1,UK,1990,11.02109018590878,.0268749697409163,-.0135371473983062
DefGDP_s1_FRUK_POOLED_AR1,DefGDP,FRUK,1,POOLED_AR1,UK,1991,11.00765871712123,.087449692148569,.0663245533966549
DefGDP_s1_FRUK_POOLED_AR1,DefGDP,FRUK,1,POOLED_AR1,UK,1992,11.09653539589681,.0459959713410907,-.0227440830016722
DefGDP_s1_FRUK_POOLED_AR1,DefGDP,FRUK,1,POOLED_AR1,UK,1993,11.14546427986241,.0324345719913914,-.0037206790089573
DefGDP_s1_FRUK_POOLED_AR1,DefGDP,FRUK,1,POOLED_AR1,UK,1994,11.17126560067952,.0836346848602822,.0581394065294599
DefGDP_s1_FRUK_POOLED_AR1,DefGDP,FRUK,1,POOLED_AR1,UK,1995,11.2449847101678,-.0398591431277033,-.1056004012269146
DefGDP_s1_FRUK_POOLED_AR1,DefGDP,FRUK,1,POOLED_AR1,UK,1996,11.24050241195599,-.0371796817166938,-.0058483002408229
DefGDP_s1_FRUK_POOLED_AR1,DefGDP,FRUK,1,POOLED_AR1,UK,1997,11.30702604626245,-.069468764002945,-.0402435800273376
DefGDP_s1_FRUK_POOLED_AR1,DefGDP,FRUK,1,POOLED_AR1,UK,1998,11.31871238869815,-.079674619707351,-.0250685199560308
DefGDP_s1_FRUK_POOLED_AR1,DefGDP,FRUK,1,POOLED_AR1,UK,1999,11.35944518099797,-.0945715377101735,-.0319430989602962
DefGDP_s1_FRUK_POOLED_AR1,DefGDP,FRUK,1,POOLED_AR1,UK,2000,11.38131596933809,-.0765341839157951,-.0021959846408152
DefGDP_s1_FRUK_POOLED_AR1,DefGDP,FRUK,1,POOLED_AR1,UK,2001,11.40326444487681,-.0862927131641058,-.0261328220061945
DefGDP_s1_FRUK_POOLED_AR1,DefGDP,FRUK,1,POOLED_AR1,UK,2002,11.42461841880177,-.0696855047250668,-.0018548966743541
DefGDP_s1_FRUK_POOLED_AR1,DefGDP,FRUK,1,POOLED_AR1,UK,2003,11.43474343699562,-.037913806486225,.0168626628644717
DefGDP_s1_FRUK_POOLED_AR1,DefGDP,FRUK,1,POOLED_AR1,UK,2004,11.44924592933649,-.0406314138632933,-.0108291692335877
DefGDP_s1_FRUK_POOLED_AR1,DefGDP,FRUK,1,POOLED_AR1,UK,2005,11.38383121740969,.057258226075108,.089196652939333
DefGDP_s1_FRUK_POOLED_AR1,DefGDP,FRUK,1,POOLED_AR1,UK,2006,11.43169821254337,.016360582724035,-.0286473924359729
DefGDP_s1_FRUK_POOLED_AR1,DefGDP,FRUK,1,POOLED_AR1,UK,2007,11.42036192354116,.0397695879463402,.0269093100208469
DefGDP_s1_FRUK_POOLED_AR1,DefGDP,FRUK,1,POOLED_AR1,UK,2008,11.39671383074309,.0800260654182114,.0487650790218694
DefGDP_s1_FRUK_POOLED_AR1,DefGDP,FRUK,1,POOLED_AR1,UK,2009,11.36488952226315,.0750055000923489,.0121008065419169
DefGDP_s1_FRUK_POOLED_AR1,DefGDP,FRUK,1,POOLED_AR1,UK,2010,11.35644462020161,.1695822707446855,.1106240054188934
DefGDP_s1_FRUK_POOLED_AR1,DefGDP,FRUK,1,POOLED_AR1,UK,2011,11.40513757608752,.124510203323478,-.0087903746448752
DefGDP_s1_FRUK_POOLED_AR1,DefGDP,FRUK,1,POOLED_AR1,UK,2012,11.44813195779812,.0904413972104763,-.0074301667985044
DefGDP_s1_FRUK_POOLED_AR1,DefGDP,FRUK,1,POOLED_AR1,UK,2013,11.44145172043045,.1482743638335506,.0771826720695417
DefGDP_s1_FRUK_POOLED_AR1,DefGDP,FRUK,1,POOLED_AR1,UK,2014,11.45936643011916,.1368392700981431,.0202878268953365
DefGDP_s1_FRUK_POOLED_AR1,DefGDP,FRUK,1,POOLED_AR1,UK,2015,11.48098593981766,.1153583099574433,.0077954514537238
DefGDP_s1_FRUK_POOLED_AR1,DefGDP,FRUK,1,POOLED_AR1,UK,2016,11.47176891267626,.1269052649204401,.0362275701163001
DefGDP_s1_FRUK_POOLED_AR1,DefGDP,FRUK,1,POOLED_AR1,UK,2017,11.48073065391467,.1232677872957257,.023513578988241
DefGDP_s1_FRUK_POOLED_AR1,DefGDP,FRUK,1,POOLED_AR1,UK,2018,11.48165080946639,.1090543701772102,.0121594104668349
DefGDP_s1_FRUK_POOLED_AR1,DefGDP,FRUK,1,POOLED_AR1,UK,2019,11.49823439743224,.1032769245206637,.0175544577158464
DefGDP_s1_FRUK_POOLED_AR1,DefGDP,FRUK,1,POOLED_AR1,UK,2020,11.41939035337083,.1181706986137705,.0369896077547787
DefGDP_s1_FRUK_POOLED_AR1,DefGDP,FRUK,1,POOLED_AR1,UK,2021,11.42631461205886,.1868258772995386,.093937497193723
DefGDP_s1_FRUK_POOLED_AR1,DefGDP,FRUK,1,POOLED_AR1,UK,2022,11.47894883972594,.1067873527471637,-.040067606289016
DefGDP_s1_FRUK_POOLED_AR1,DefGDP,FRUK,1,POOLED_AR1,UK,2023,11.48213696024246,.1362206650109385,.0522801930594894
DefGDP_s1_FRUK_POOLED_AR1,DefGDP,FRUK,1,POOLED_AR1,UK,2024,11.50144433087544,.1197803358601046,.0127037334685154
DefGDP_s1_GIS_FE_AR1,DefGDP,GIS,1,FE_AR1,DE,1991,11.16901056573739,-.1543656407584884,
DefGDP_s1_GIS_FE_AR1,DefGDP,GIS,1,FE_AR1,DE,1992,11.17342722674218,-.1225667561762798,.0042842630502985
DefGDP_s1_GIS_FE_AR1,DefGDP,GIS,1,FE_AR1,DE,1993,11.15861211817767,-.1409730476796724,-.0402529789657955
DefGDP_s1_GIS_FE_AR1,DefGDP,GIS,1,FE_AR1,DE,1994,11.17100417493764,-.1016825607786451,.014163003647324
DefGDP_s1_GIS_FE_AR1,DefGDP,GIS,1,FE_AR1,DE,1995,11.19842221351294,-.1050082170318412,-.0214498784730686
DefGDP_s1_GIS_FE_AR1,DefGDP,GIS,1,FE_AR1,DE,1996,11.20264713789427,-.0984462907528734,-.0121550714620785
DefGDP_s1_GIS_FE_AR1,DefGDP,GIS,1,FE_AR1,DE,1997,11.19625557614446,-.0493181530530595,.0315807585163621
DefGDP_s1_GIS_FE_AR1,DefGDP,GIS,1,FE_AR1,DE,1998,11.20085741384546,-.0306547319736605,.0098727970179812
DefGDP_s1_GIS_FE_AR1,DefGDP,GIS,1,FE_AR1,DE,1999,11.19578574178632,-.0187903924075243,.0064003428873867
DefGDP_s1_GIS_FE_AR1,DefGDP,GIS,1,FE_AR1,DE,2000,11.19602923541226,.0242797182079411,.039720851460457
DefGDP_s1_GIS_FE_AR1,DefGDP,GIS,1,FE_AR1,DE,2001,11.20721300192276,.0178787739171415,-.0020732502903055
DefGDP_s1_GIS_FE_AR1,DefGDP,GIS,1,FE_AR1,DE,2002,11.21739259187867,-.003671949476665,-.0183639540106226
DefGDP_s1_GIS_FE_AR1,DefGDP,GIS,1,FE_AR1,DE,2003,11.24191956089987,-.0032120999714742,-.000194650418745
DefGDP_s1_GIS_FE_AR1,DefGDP,GIS,1,FE_AR1,DE,2004,11.27694051030125,.0009750743387507,.0036146394209612
DefGDP_s1_GIS_FE_AR1,DefGDP,GIS,1,FE_AR1,DE,2005,11.28865177850017,.0140300742720285,.0132288002768282
DefGDP_s1_GIS_FE_AR1,DefGDP,GIS,1,FE_AR1,DE,2006,11.31220782270426,.0676714294389384,.0561421201153962
DefGDP_s1_GIS_FE_AR1,DefGDP,GIS,1,FE_AR1,DE,2007,11.36335333800543,.0392682469914671,-.0163412121774884
DefGDP_s1_GIS_FE_AR1,DefGDP,GIS,1,FE_AR1,DE,2008,11.37562974075744,-.027336436640736,-.0596053867104083
DefGDP_s1_GIS_FE_AR1,DefGDP,GIS,1,FE_AR1,DE,2009,11.26337425777228,-.0774132686761817,-.0549493652268031
DefGDP_s1_GIS_FE_AR1,DefGDP,GIS,1,FE_AR1,DE,2010,11.29719042604306,.061469080463338,.1250839625380241
DefGDP_s1_GIS_FE_AR1,DefGDP,GIS,1,FE_AR1,DE,2011,11.36605254133923,.0451328403619744,-.0053797961896683
DefGDP_s1_GIS_FE_AR1,DefGDP,GIS,1,FE_AR1,DE,2012,11.35806931250827,.0365942948276299,-.0004939248848393
DefGDP_s1_GIS_FE_AR1,DefGDP,GIS,1,FE_AR1,DE,2013,11.36242190083155,.0181988182161508,-.0118727934064473
DefGDP_s1_GIS_FE_AR1,DefGDP,GIS,1,FE_AR1,DE,2014,11.36510930075267,.0487267111815264,.0337717080597517
DefGDP_s1_GIS_FE_AR1,DefGDP,GIS,1,FE_AR1,DE,2015,11.32675961619647,.1010109847048302,.0609694771091974
DefGDP_s1_GIS_FE_AR1,DefGDP,GIS,1,FE_AR1,DE,2016,11.32190327939865,.1396112710390547,.0566048047041334
DefGDP_s1_GIS_FE_AR1,DefGDP,GIS,1,FE_AR1,DE,2017,11.32806543226473,.1396518175425747,.0249253023685799
DefGDP_s1_GIS_FE_AR1,DefGDP,GIS,1,FE_AR1,DE,2018,11.33219017810325,.113181260711352,-.0015785738287421
DefGDP_s1_GIS_FE_AR1,DefGDP,GIS,1,FE_AR1,DE,2019,11.30797536061776,.1164762143267399,.0234687405907518
DefGDP_s1_GIS_FE_AR1,DefGDP,GIS,1,FE_AR1,DE,2020,11.26507824361861,.1034128152868892,.0076976909211202
DefGDP_s1_GIS_FE_AR1,DefGDP,GIS,1,FE_AR1,DE,2021,11.35329790518083,.0686250217320694,-.0163551652821863
DefGDP_s1_GIS_FE_AR1,DefGDP,GIS,1,FE_AR1,DE,2022,11.38874954997158,.0215014968734231,-.0348915832730758
DefGDP_s1_GIS_FE_AR1,DefGDP,GIS,1,FE_AR1,DE,2023,11.38054836982931,.0391505001055847,.0214814982481178
DefGDP_s1_GIS_FE_AR1,DefGDP,GIS,1,FE_AR1,DE,2024,11.34727838316116,.0763356744149295,.0441634836526494
DefGDP_s1_GIS_FE_AR1,DefGDP,GIS,1,FE_AR1,ES,1985,10.85537075195938,.0894055548085237,
DefGDP_s1_GIS_FE_AR1,DefGDP,GIS,1,FE_AR1,ES,1986,10.86898543494263,.1173169865533712,.0438473614719536
DefGDP_s1_GIS_FE_AR1,DefGDP,GIS,1,FE_AR1,ES,1987,10.87098381574849,.1063630997955105,.0099570651121246
DefGDP_s1_GIS_FE_AR1,DefGDP,GIS,1,FE_AR1,ES,1988,10.89430905716245,.0952717893416519,.0078671858893332
DefGDP_s1_GIS_FE_AR1,DefGDP,GIS,1,FE_AR1,ES,1989,10.89806581577599,.08770703971331,.0094167963525066
DefGDP_s1_GIS_FE_AR1,DefGDP,GIS,1,FE_AR1,ES,1990,10.92513878115838,-.0087393169825809,-.0808131756878741
DefGDP_s1_GIS_FE_AR1,DefGDP,GIS,1,FE_AR1,ES,1991,10.94202697980842,-.0285816911071208,-.0214000977088919
DefGDP_s1_GIS_FE_AR1,DefGDP,GIS,1,FE_AR1,ES,1992,10.94352395715372,-.075240515553018,-.0517533157438977
DefGDP_s1_GIS_FE_AR1,DefGDP,GIS,1,FE_AR1,ES,1993,10.94368586146352,-.100343787048816,-.038514379687588
DefGDP_s1_GIS_FE_AR1,DefGDP,GIS,1,FE_AR1,ES,1994,10.95688276290827,-.0822912215413716,.0001669705644199
DefGDP_s1_GIS_FE_AR1,DefGDP,GIS,1,FE_AR1,ES,1995,10.97940067796985,-.0671825822863532,.0004407908595852
DefGDP_s1_GIS_FE_AR1,DefGDP,GIS,1,FE_AR1,ES,1996,10.99387589400862,-.0868070771533187,-.03159933146961
DefGDP_s1_GIS_FE_AR1,DefGDP,GIS,1,FE_AR1,ES,1997,10.9962092815801,-.0843266539936014,-.0129923456664863
DefGDP_s1_GIS_FE_AR1,DefGDP,GIS,1,FE_AR1,ES,1998,11.00100293386323,-.092977650016028,-.0236816463555299
DefGDP_s1_GIS_FE_AR1,DefGDP,GIS,1,FE_AR1,ES,1999,10.99752898790705,-.0986567231099453,-.0222517044032376
DefGDP_s1_GIS_FE_AR1,DefGDP,GIS,1,FE_AR1,ES,2000,10.99098659307693,-.0779047541501274,.0031670816454475
DefGDP_s1_GIS_FE_AR1,DefGDP,GIS,1,FE_AR1,ES,2001,10.98721894240887,-.0580734089817696,.0059453546367544
DefGDP_s1_GIS_FE_AR1,DefGDP,GIS,1,FE_AR1,ES,2002,10.98867461234038,-.0612971368482746,-.0135749165205991
DefGDP_s1_GIS_FE_AR1,DefGDP,GIS,1,FE_AR1,ES,2003,11.0016689129566,-.0808321164481978,-.0304607757361804
DefGDP_s1_GIS_FE_AR1,DefGDP,GIS,1,FE_AR1,ES,2004,10.99569367884302,-.085154303066922,-.0187299594933569
DefGDP_s1_GIS_FE_AR1,DefGDP,GIS,1,FE_AR1,ES,2005,10.9876547366977,-.0769381138229974,-.006961983885714
DefGDP_s1_GIS_FE_AR1,DefGDP,GIS,1,FE_AR1,ES,2006,10.99410640648182,-.0610768772270198,.0021475431029365
DefGDP_s1_GIS_FE_AR1,DefGDP,GIS,1,FE_AR1,ES,2007,11.0099971231561,-.0570808023948945,-.0068904615304686
DefGDP_s1_GIS_FE_AR1,DefGDP,GIS,1,FE_AR1,ES,2008,11.0214265297988,-.0661826388690034,-.019276099781126
DefGDP_s1_GIS_FE_AR1,DefGDP,GIS,1,FE_AR1,ES,2009,10.99022006167273,-.0267873318892295,.0275987034641461
DefGDP_s1_GIS_FE_AR1,DefGDP,GIS,1,FE_AR1,ES,2010,10.99974528125106,-.0059567692746594,.0160559035961494
DefGDP_s1_GIS_FE_AR1,DefGDP,GIS,1,FE_AR1,ES,2011,11.05568715774864,-.0185883493784402,-.0136933335570742
DefGDP_s1_GIS_FE_AR1,DefGDP,GIS,1,FE_AR1,ES,2012,11.04539715203117,.0034738870811246,.0187489900950394
DefGDP_s1_GIS_FE_AR1,DefGDP,GIS,1,FE_AR1,ES,2013,11.06556163941863,.0256205242781711,.0227658338512506
DefGDP_s1_GIS_FE_AR1,DefGDP,GIS,1,FE_AR1,ES,2014,11.05938784340477,.067976912157631,.0469230714076027
DefGDP_s1_GIS_FE_AR1,DefGDP,GIS,1,FE_AR1,ES,2015,11.04793419642582,.0936046725042754,.0377441808255473
DefGDP_s1_GIS_FE_AR1,DefGDP,GIS,1,FE_AR1,ES,2016,11.06333701382312,.0647296657209768,-.0121906129964519
DefGDP_s1_GIS_FE_AR1,DefGDP,GIS,1,FE_AR1,ES,2017,11.05475038910756,.0889322205803449,.0357401758315519
DefGDP_s1_GIS_FE_AR1,DefGDP,GIS,1,FE_AR1,ES,2018,11.06525110829599,.050808335723012,-.0222723237247044
DefGDP_s1_GIS_FE_AR1,DefGDP,GIS,1,FE_AR1,ES,2019,11.06233578768963,.0374649014418686,-.0042871953330468
DefGDP_s1_GIS_FE_AR1,DefGDP,GIS,1,FE_AR1,ES,2020,11.04829197199922,-.0076262872098205,-.0384133257617465
DefGDP_s1_GIS_FE_AR1,DefGDP,GIS,1,FE_AR1,ES,2021,11.11356624861323,.0317294739667719,.0379964275500107
DefGDP_s1_GIS_FE_AR1,DefGDP,GIS,1,FE_AR1,ES,2022,11.15356864533,.0034950744216999,-.0225788374438645
DefGDP_s1_GIS_FE_AR1,DefGDP,GIS,1,FE_AR1,ES,2023,11.15864120322858,.0019079774994157,-.0009641237692793
DefGDP_s1_GIS_FE_AR1,DefGDP,GIS,1,FE_AR1,ES,2024,11.16204647526982,.0054632236473431,.0038953301104586
DefGDP_s1_GIS_FE_AR1,DefGDP,GIS,1,FE_AR1,IT,1981,11.03693018927325,-.1161975885545505,
DefGDP_s1_GIS_FE_AR1,DefGDP,GIS,1,FE_AR1,IT,1982,11.00565784793899,-.1021465328532898,-.0066603711181383
DefGDP_s1_GIS_FE_AR1,DefGDP,GIS,1,FE_AR1,IT,1983,10.99665323019311,-.112732173418614,-.0287925626397272
DefGDP_s1_GIS_FE_AR1,DefGDP,GIS,1,FE_AR1,IT,1984,10.98618697731226,-.0297783880241589,.0628600451628728
DefGDP_s1_GIS_FE_AR1,DefGDP,GIS,1,FE_AR1,IT,1985,10.97456507361246,.0156240962777439,.040094689948903
DefGDP_s1_GIS_FE_AR1,DefGDP,GIS,1,FE_AR1,IT,1986,11.00994466879544,-.0009519599735448,-.0137911677634883
DefGDP_s1_GIS_FE_AR1,DefGDP,GIS,1,FE_AR1,IT,1987,11.01414914725374,.0215749601297617,.0223572397375404
DefGDP_s1_GIS_FE_AR1,DefGDP,GIS,1,FE_AR1,IT,1988,11.01931715454253,.0306152243742659,.0128858535843314
DefGDP_s1_GIS_FE_AR1,DefGDP,GIS,1,FE_AR1,IT,1989,11.02787069609341,.0479543718623887,.0227961022070188
DefGDP_s1_GIS_FE_AR1,DefGDP,GIS,1,FE_AR1,IT,1990,11.04680831652667,-.0278068670611731,-.0672136995481483
DefGDP_s1_GIS_FE_AR1,DefGDP,GIS,1,FE_AR1,IT,1991,11.03814665027294,-.0459238758189411,-.0230733929596989
DefGDP_s1_GIS_FE_AR1,DefGDP,GIS,1,FE_AR1,IT,1992,11.0430317368992,-.0326132730405,.0051249854595358
DefGDP_s1_GIS_FE_AR1,DefGDP,GIS,1,FE_AR1,IT,1993,11.030386796753,-.0019102989754032,.0248898808131462
DefGDP_s1_GIS_FE_AR1,DefGDP,GIS,1,FE_AR1,IT,1994,11.04170997962141,.0398434490485897,.0414132502742168
DefGDP_s1_GIS_FE_AR1,DefGDP,GIS,1,FE_AR1,IT,1995,11.07969135492282,.0525408571662851,.0197992308789733
DefGDP_s1_GIS_FE_AR1,DefGDP,GIS,1,FE_AR1,IT,1996,11.0768439085311,.0635571709438949,.0203813628441586
DefGDP_s1_GIS_FE_AR1,DefGDP,GIS,1,FE_AR1,IT,1997,11.05528990612547,.0969790389418339,.0447504997813304
DefGDP_s1_GIS_FE_AR1,DefGDP,GIS,1,FE_AR1,IT,1998,11.04859351301588,.098933440304819,.0192402529287987
DefGDP_s1_GIS_FE_AR1,DefGDP,GIS,1,FE_AR1,IT,1999,11.03390062043735,.1087251950831476,.0274259650433952
DefGDP_s1_GIS_FE_AR1,DefGDP,GIS,1,FE_AR1,IT,2000,11.03170269666082,.1409819427123811,.0516362713302122
DefGDP_s1_GIS_FE_AR1,DefGDP,GIS,1,FE_AR1,IT,2001,11.03701236533918,.1308089381709188,.0149560641910904
DefGDP_s1_GIS_FE_AR1,DefGDP,GIS,1,FE_AR1,IT,2002,11.03551248702784,.1096026880112628,.0021095499696934
DefGDP_s1_GIS_FE_AR1,DefGDP,GIS,1,FE_AR1,IT,2003,11.04487675325488,.0543648464269175,-.0357019107600236
DefGDP_s1_GIS_FE_AR1,DefGDP,GIS,1,FE_AR1,IT,2004,11.06048850505699,.0491134710492087,.0044387873212388
DefGDP_s1_GIS_FE_AR1,DefGDP,GIS,1,FE_AR1,IT,2005,11.06342022974103,.0404053462565663,.0000460160990579
DefGDP_s1_GIS_FE_AR1,DefGDP,GIS,1,FE_AR1,IT,2006,11.07606293058904,.0393983515984626,.006194982444136
DefGDP_s1_GIS_FE_AR1,DefGDP,GIS,1,FE_AR1,IT,2007,11.13016289799017,.0166283906099345,-.0157474738088271
DefGDP_s1_GIS_FE_AR1,DefGDP,GIS,1,FE_AR1,IT,2008,11.1430039702388,-.0264811056384975,-.0401455991527504
DefGDP_s1_GIS_FE_AR1,DefGDP,GIS,1,FE_AR1,IT,2009,11.06537054481073,-.0743768339693336,-.0526158046108273
DefGDP_s1_GIS_FE_AR1,DefGDP,GIS,1,FE_AR1,IT,2010,11.06092374451042,.0205208587552761,.0816405298783148
DefGDP_s1_GIS_FE_AR1,DefGDP,GIS,1,FE_AR1,IT,2011,11.10674317866063,-.0130531240714298,-.0299162798599907
DefGDP_s1_GIS_FE_AR1,DefGDP,GIS,1,FE_AR1,IT,2012,11.11515401379538,-.0602835529258829,-.0495570590998221
DefGDP_s1_GIS_FE_AR1,DefGDP,GIS,1,FE_AR1,IT,2013,11.1250442018612,-.057322042465497,-.0077836212619616
DefGDP_s1_GIS_FE_AR1,DefGDP,GIS,1,FE_AR1,IT,2014,11.13648333440987,-.0430490444267662,.0040557353361984
DefGDP_s1_GIS_FE_AR1,DefGDP,GIS,1,FE_AR1,IT,2015,11.12115103974183,.0202805122806744,.0556563584562441
DefGDP_s1_GIS_FE_AR1,DefGDP,GIS,1,FE_AR1,IT,2016,11.11804651274014,.0535511976269625,.0368855481948739
DefGDP_s1_GIS_FE_AR1,DefGDP,GIS,1,FE_AR1,IT,2017,11.1218732871184,.0683583200450979,.0243522577736881
DefGDP_s1_GIS_FE_AR1,DefGDP,GIS,1,FE_AR1,IT,2018,11.13305418952025,.0623996966278497,.0062257804135287
DefGDP_s1_GIS_FE_AR1,DefGDP,GIS,1,FE_AR1,IT,2019,11.13128774407571,.053266861188991,.0019894844503676
DefGDP_s1_GIS_FE_AR1,DefGDP,GIS,1,FE_AR1,IT,2020,11.09399688043028,-.0023244341831798,-.0460968410453761
DefGDP_s1_GIS_FE_AR1,DefGDP,GIS,1,FE_AR1,IT,2021,11.21106495132103,.0214273508792715,.0233374705394022
DefGDP_s1_GIS_FE_AR1,DefGDP,GIS,1,FE_AR1,IT,2022,11.26874507302002,-.0086388816338197,-.0262469535143598
DefGDP_s1_GIS_FE_AR1,DefGDP,GIS,1,FE_AR1,IT,2023,11.28297551706612,-.0261538596062181,-.0190547996415573
DefGDP_s1_GIS_FE_AR1,DefGDP,GIS,1,FE_AR1,IT,2024,11.30086342352417,-.0249550206851143,-.00346290798791
DefGDP_s1_GIS_POOLED_AR1,DefGDP,GIS,1,POOLED_AR1,DE,1991,11.14455854916053,-.1299136241816345,
DefGDP_s1_GIS_POOLED_AR1,DefGDP,GIS,1,POOLED_AR1,DE,1992,11.14838550938189,-.0975250388159949,.009540275445775
DefGDP_s1_GIS_POOLED_AR1,DefGDP,GIS,1,POOLED_AR1,DE,1993,11.13253940625025,-.1149003357522513,-.0345273264162382
DefGDP_s1_GIS_POOLED_AR1,DefGDP,GIS,1,POOLED_AR1,DE,1994,11.14326620800859,-.0739445938495926,.0207478653408173
DefGDP_s1_GIS_POOLED_AR1,DefGDP,GIS,1,POOLED_AR1,DE,1995,11.16997743016426,-.0765634336831553,-.0156237037022811
DefGDP_s1_GIS_POOLED_AR1,DefGDP,GIS,1,POOLED_AR1,DE,1996,11.17438994745602,-.0701891003146251,-.0070911139418761
DefGDP_s1_GIS_POOLED_AR1,DefGDP,GIS,1,POOLED_AR1,DE,1997,11.16763603438558,-.0206986112941845,.0371461153869035
DefGDP_s1_GIS_POOLED_AR1,DefGDP,GIS,1,POOLED_AR1,DE,1998,11.17250933340654,-.0023066515347399,.0147516311277137
DefGDP_s1_GIS_POOLED_AR1,DefGDP,GIS,1,POOLED_AR1,DE,1999,11.16812584852402,.0088695008547841,.0107704744671747
DefGDP_s1_GIS_POOLED_AR1,DefGDP,GIS,1,POOLED_AR1,DE,2000,11.16853587434975,.0517730792704523,.0444634848969259
DefGDP_s1_GIS_POOLED_AR1,DefGDP,GIS,1,POOLED_AR1,DE,2001,11.18023588247711,.0448558933627883,.0021883052841077
DefGDP_s1_GIS_POOLED_AR1,DefGDP,GIS,1,POOLED_AR1,DE,2002,11.19042293815026,.0232977042517355,-.0136692447471231
DefGDP_s1_GIS_POOLED_AR1,DefGDP,GIS,1,POOLED_AR1,DE,2003,11.21397621347615,.0247312474522463,.0055309823299185
DefGDP_s1_GIS_POOLED_AR1,DefGDP,GIS,1,POOLED_AR1,DE,2004,11.24781412899083,.0301014556491737,.0097197689920581
DefGDP_s1_GIS_POOLED_AR1,DefGDP,GIS,1,POOLED_AR1,DE,2005,11.25914154405661,.0435403087155901,.0187328889463623
DefGDP_s1_GIS_POOLED_AR1,DefGDP,GIS,1,POOLED_AR1,DE,2006,11.2824545764192,.0974246757240014,.0615419354413379
DefGDP_s1_GIS_POOLED_AR1,DefGDP,GIS,1,POOLED_AR1,DE,2007,11.33436637587485,.0682552091220465,-.0120350882886219
DefGDP_s1_GIS_POOLED_AR1,DefGDP,GIS,1,POOLED_AR1,DE,2008,11.34750765119085,.0007856529258508,-.0554653019735186
DefGDP_s1_GIS_POOLED_AR1,DefGDP,GIS,1,POOLED_AR1,DE,2009,11.23638046575288,-.0504194766567814,-.051066954378512
DefGDP_s1_GIS_POOLED_AR1,DefGDP,GIS,1,POOLED_AR1,DE,2010,11.27040177241445,.0882577340919539,.1298097818250307
DefGDP_s1_GIS_POOLED_AR1,DefGDP,GIS,1,POOLED_AR1,DE,2011,11.34131435712192,.06987102457928,-.0028645495078187
DefGDP_s1_GIS_POOLED_AR1,DefGDP,GIS,1,POOLED_AR1,DE,2012,11.33419516862694,.0604684387089574,.0028858468022496
DefGDP_s1_GIS_POOLED_AR1,DefGDP,GIS,1,POOLED_AR1,DE,2013,11.33920094497071,.0414197740769904,-.0084138937471139
DefGDP_s1_GIS_POOLED_AR1,DefGDP,GIS,1,POOLED_AR1,DE,2014,11.34176724750923,.0720687644249693,.037933613811325
DefGDP_s1_GIS_POOLED_AR1,DefGDP,GIS,1,POOLED_AR1,DE,2015,11.30525217572139,.1225184251799067,.0631246167150698
DefGDP_s1_GIS_POOLED_AR1,DefGDP,GIS,1,POOLED_AR1,DE,2016,11.30220980088437,.159304749553332,.0583340178277348
DefGDP_s1_GIS_POOLED_AR1,DefGDP,GIS,1,POOLED_AR1,DE,2017,11.30905686714906,.1586603826582422,.0273730509271704
DefGDP_s1_GIS_POOLED_AR1,DefGDP,GIS,1,POOLED_AR1,DE,2018,11.31410667819985,.1312647606147532,.0005084689848044
DefGDP_s1_GIS_POOLED_AR1,DefGDP,GIS,1,POOLED_AR1,DE,2019,11.29119245983332,.1332591151111764,.0250802929495719
DefGDP_s1_GIS_POOLED_AR1,DefGDP,GIS,1,POOLED_AR1,DE,2020,11.24868613127938,.1198049276261184,.0099825042467511
DefGDP_s1_GIS_POOLED_AR1,DefGDP,GIS,1,POOLED_AR1,DE,2021,11.33815797433955,.0837649525733539,-.0149695127854554
DefGDP_s1_GIS_POOLED_AR1,DefGDP,GIS,1,POOLED_AR1,DE,2022,11.37432199724906,.0359290495959392,-.033103902320248
DefGDP_s1_GIS_POOLED_AR1,DefGDP,GIS,1,POOLED_AR1,DE,2023,11.36579334239535,.0539055275395466,.0242954307514088
DefGDP_s1_GIS_POOLED_AR1,DefGDP,GIS,1,POOLED_AR1,DE,2024,11.3329083150758,.0907057425002886,.0462807464090477
DefGDP_s1_GIS_POOLED_AR1,DefGDP,GIS,1,POOLED_AR1,ES,1985,10.82917576681398,.1156005399539186,
DefGDP_s1_GIS_POOLED_AR1,DefGDP,GIS,1,POOLED_AR1,ES,1986,10.84380994659156,.1424924749044365,.0472229585857142
DefGDP_s1_GIS_POOLED_AR1,DefGDP,GIS,1,POOLED_AR1,ES,1987,10.8504593876675,.1268875278765016,.0094556441792907
DefGDP_s1_GIS_POOLED_AR1,DefGDP,GIS,1,POOLED_AR1,ES,1988,10.87688251464565,.11269833185845,.0081269050079223
DefGDP_s1_GIS_POOLED_AR1,DefGDP,GIS,1,POOLED_AR1,ES,1989,10.88456388733949,.1012089681498107,.0083312396343442
DefGDP_s1_GIS_POOLED_AR1,DefGDP,GIS,1,POOLED_AR1,ES,1990,10.91424769153326,.002151772642538,-.0812572620089701
DefGDP_s1_GIS_POOLED_AR1,DefGDP,GIS,1,POOLED_AR1,ES,1991,10.93308829774485,-.019643009043552,-.021416342792375
DefGDP_s1_GIS_POOLED_AR1,DefGDP,GIS,1,POOLED_AR1,ES,1992,10.93284096555193,-.0645575239512262,-.0483691915146349
DefGDP_s1_GIS_POOLED_AR1,DefGDP,GIS,1,POOLED_AR1,ES,1993,10.93297260581101,-.0896305313963097,-.0364269383679437
DefGDP_s1_GIS_POOLED_AR1,DefGDP,GIS,1,POOLED_AR1,ES,1994,10.94532391444298,-.0707323730760798,.0031345602178336
DefGDP_s1_GIS_POOLED_AR1,DefGDP,GIS,1,POOLED_AR1,ES,1995,10.96933620936634,-.0571181136828383,.0011743387029356
DefGDP_s1_GIS_POOLED_AR1,DefGDP,GIS,1,POOLED_AR1,ES,1996,10.98379929148334,-.0767304746280413,-.0296578998306315
DefGDP_s1_GIS_POOLED_AR1,DefGDP,GIS,1,POOLED_AR1,ES,1997,10.98587700200039,-.0739943744138927,-.0107587251026224
DefGDP_s1_GIS_POOLED_AR1,DefGDP,GIS,1,POOLED_AR1,ES,1998,10.99212048052195,-.0840951966747543,-.0231144411910163
DefGDP_s1_GIS_POOLED_AR1,DefGDP,GIS,1,POOLED_AR1,ES,1999,10.99143170204557,-.0925594372484735,-.0232543222799332
DefGDP_s1_GIS_POOLED_AR1,DefGDP,GIS,1,POOLED_AR1,ES,2000,10.98699879122121,-.0739169522944092,.0023637711426121
DefGDP_s1_GIS_POOLED_AR1,DefGDP,GIS,1,POOLED_AR1,ES,2001,10.98252734218477,-.0533818087576741,.007535141073612
DefGDP_s1_GIS_POOLED_AR1,DefGDP,GIS,1,POOLED_AR1,ES,2002,10.9905960280158,-.063218552523697,-.0192251671762806
DefGDP_s1_GIS_POOLED_AR1,DefGDP,GIS,1,POOLED_AR1,ES,2003,11.00431812751894,-.0834813310105424,-.0313812203734883
DefGDP_s1_GIS_POOLED_AR1,DefGDP,GIS,1,POOLED_AR1,ES,2004,10.99620281415715,-.0856634383810508,-.0168642266283384
DefGDP_s1_GIS_POOLED_AR1,DefGDP,GIS,1,POOLED_AR1,ES,2005,10.98911956070305,-.0784029378283506,-.0078053926610476
DefGDP_s1_GIS_POOLED_AR1,DefGDP,GIS,1,POOLED_AR1,ES,2006,11.00200712723008,-.0689775979752802,-.0043636267269511
DefGDP_s1_GIS_POOLED_AR1,DefGDP,GIS,1,POOLED_AR1,ES,2007,11.02040077227865,-.0674844515174531,-.0106381565213243
DefGDP_s1_GIS_POOLED_AR1,DefGDP,GIS,1,POOLED_AR1,ES,2008,11.03244079318921,-.0771969022594075,-.0215811494466189
DefGDP_s1_GIS_POOLED_AR1,DefGDP,GIS,1,POOLED_AR1,ES,2009,11.00095942071867,-.0375266909351719,.026093353940822
DefGDP_s1_GIS_POOLED_AR1,DefGDP,GIS,1,POOLED_AR1,ES,2010,11.00886649544851,-.0150779834721071,.0158487725435755
DefGDP_s1_GIS_POOLED_AR1,DefGDP,GIS,1,POOLED_AR1,ES,2011,11.06246947664099,-.0253706682707939,-.0129444962734836
DefGDP_s1_GIS_POOLED_AR1,DefGDP,GIS,1,POOLED_AR1,ES,2012,11.04927812882034,-.0004070897080393,.0205015608553992
DefGDP_s1_GIS_POOLED_AR1,DefGDP,GIS,1,POOLED_AR1,ES,2013,11.06728059961137,.0239015640854348,.024237057670488
DefGDP_s1_GIS_POOLED_AR1,DefGDP,GIS,1,POOLED_AR1,ES,2014,11.06141955972878,.065945195833617,.0462472735696897
DefGDP_s1_GIS_POOLED_AR1,DefGDP,GIS,1,POOLED_AR1,ES,2015,11.05276659608827,.088772272841835,.0344250620665522
DefGDP_s1_GIS_POOLED_AR1,DefGDP,GIS,1,POOLED_AR1,ES,2016,11.06907173104946,.058994948494643,-.0141646708248391
DefGDP_s1_GIS_POOLED_AR1,DefGDP,GIS,1,POOLED_AR1,ES,2017,11.05962702793645,.0840555817514463,.0354362568713634
DefGDP_s1_GIS_POOLED_AR1,DefGDP,GIS,1,POOLED_AR1,ES,2018,11.07131778357882,.0447416604401774,-.0245308068038449
DefGDP_s1_GIS_POOLED_AR1,DefGDP,GIS,1,POOLED_AR1,ES,2019,11.06937595443386,.0304247346976396,-.0064480718751615
DefGDP_s1_GIS_POOLED_AR1,DefGDP,GIS,1,POOLED_AR1,ES,2020,11.05623095047545,-.015565265686055,-.040639108420051
DefGDP_s1_GIS_POOLED_AR1,DefGDP,GIS,1,POOLED_AR1,ES,2021,11.12224954041797,.0230461821620302,.0358739365468626
DefGDP_s1_GIS_POOLED_AR1,DefGDP,GIS,1,POOLED_AR1,ES,2022,11.16289548404162,-.0058317642899173,-.0248247432885016
DefGDP_s1_GIS_POOLED_AR1,DefGDP,GIS,1,POOLED_AR1,ES,2023,11.16871569505875,-.0081665143307514,-.003360400419807
DefGDP_s1_GIS_POOLED_AR1,DefGDP,GIS,1,POOLED_AR1,ES,2024,11.17261310984245,-.0051034109252939,.0016268333331736
DefGDP_s1_GIS_POOLED_AR1,DefGDP,GIS,1,POOLED_AR1,IT,1981,11.0474626220905,-.1267300213718023,
DefGDP_s1_GIS_POOLED_AR1,DefGDP,GIS,1,POOLED_AR1,IT,1982,11.0167489552246,-.1132376401389035,-.0087960186381236
DefGDP_s1_GIS_POOLED_AR1,DefGDP,GIS,1,POOLED_AR1,IT,1983,11.00973717625816,-.1258161194836571,-.0324939324990004
DefGDP_s1_GIS_POOLED_AR1,DefGDP,GIS,1,POOLED_AR1,IT,1984,11.00157777681062,-.0451691875225144,.0585192628349381
DefGDP_s1_GIS_POOLED_AR1,DefGDP,GIS,1,POOLED_AR1,IT,1985,10.99030330889434,-.0001141390041379,.0371110041439391
DefGDP_s1_GIS_POOLED_AR1,DefGDP,GIS,1,POOLED_AR1,IT,1986,11.02873422468761,-.0197415158657073,-.0196474508403912
DefGDP_s1_GIS_POOLED_AR1,DefGDP,GIS,1,POOLED_AR1,IT,1987,11.03538257438261,.0003415330008938,.0166110475608953
DefGDP_s1_GIS_POOLED_AR1,DefGDP,GIS,1,POOLED_AR1,IT,1988,11.04271801385106,.0072143650657406,.0069328985274787
DefGDP_s1_GIS_POOLED_AR1,DefGDP,GIS,1,POOLED_AR1,IT,1989,11.05083907714151,.024985990814292,.0190404383918399
DefGDP_s1_GIS_POOLED_AR1,DefGDP,GIS,1,POOLED_AR1,IT,1990,11.06966722481057,-.0506657753450739,-.0712574028631679
DefGDP_s1_GIS_POOLED_AR1,DefGDP,GIS,1,POOLED_AR1,IT,1991,11.06141125151443,-.0691884770604272,-.027433447949297
DefGDP_s1_GIS_POOLED_AR1,DefGDP,GIS,1,POOLED_AR1,IT,1992,11.06762667590551,-.0572082120468078,-.0001881259208825
DefGDP_s1_GIS_POOLED_AR1,DefGDP,GIS,1,POOLED_AR1,IT,1993,11.05044679726564,-.0219702994880393,.0251765277960796
DefGDP_s1_GIS_POOLED_AR1,DefGDP,GIS,1,POOLED_AR1,IT,1994,11.05998176955161,.0215716591183934,.0396779742483863
DefGDP_s1_GIS_POOLED_AR1,DefGDP,GIS,1,POOLED_AR1,IT,1995,11.09817626639807,.0340559456910317,.0162781608189115
DefGDP_s1_GIS_POOLED_AR1,DefGDP,GIS,1,POOLED_AR1,IT,1996,11.09612354072716,.0442775387478367,.0162111173015822
DefGDP_s1_GIS_POOLED_AR1,DefGDP,GIS,1,POOLED_AR1,IT,1997,11.07571413836471,.0765548067025925,.0400644953081007
DefGDP_s1_GIS_POOLED_AR1,DefGDP,GIS,1,POOLED_AR1,IT,1998,11.06894714920484,.0785798041158596,.0154889274699842
DefGDP_s1_GIS_POOLED_AR1,DefGDP,GIS,1,POOLED_AR1,IT,1999,11.05437623049861,.0882495850218881,.0234898535057367
DefGDP_s1_GIS_POOLED_AR1,DefGDP,GIS,1,POOLED_AR1,IT,2000,11.05763355033021,.1150510890429892,.0423222308238608
DefGDP_s1_GIS_POOLED_AR1,DefGDP,GIS,1,POOLED_AR1,IT,2001,11.06386173644279,.1039595670673119,.0091428680325399
DefGDP_s1_GIS_POOLED_AR1,DefGDP,GIS,1,POOLED_AR1,IT,2002,11.06251288302416,.0826022920149416,-.0030735852357585
DefGDP_s1_GIS_POOLED_AR1,DefGDP,GIS,1,POOLED_AR1,IT,2003,11.07111350667829,.0281280930035113,-.0399466790539404
DefGDP_s1_GIS_POOLED_AR1,DefGDP,GIS,1,POOLED_AR1,IT,2004,11.08622295544193,.0233790206642706,.0001979021636063
DefGDP_s1_GIS_POOLED_AR1,DefGDP,GIS,1,POOLED_AR1,IT,2005,11.08890428672433,.014921289273266,-.0043459908932309
DefGDP_s1_GIS_POOLED_AR1,DefGDP,GIS,1,POOLED_AR1,IT,2006,11.10013282610862,.0153284560788816,.0030314199881985
DefGDP_s1_GIS_POOLED_AR1,DefGDP,GIS,1,POOLED_AR1,IT,2007,11.15425359940246,-.0074623108023619,-.0200949040162859
DefGDP_s1_GIS_POOLED_AR1,DefGDP,GIS,1,POOLED_AR1,IT,2008,11.16691694275828,-.0503940781579804,-.0442441869806174
DefGDP_s1_GIS_POOLED_AR1,DefGDP,GIS,1,POOLED_AR1,IT,2009,11.08764198926593,-.0966482784245315,-.0551171622779072
DefGDP_s1_GIS_POOLED_AR1,DefGDP,GIS,1,POOLED_AR1,IT,2010,11.08238999161354,-.0009453883478372,.0787050591519126
DefGDP_s1_GIS_POOLED_AR1,DefGDP,GIS,1,POOLED_AR1,IT,2011,11.12796229455493,-.0342722399657287,-.0334931199835235
DefGDP_s1_GIS_POOLED_AR1,DefGDP,GIS,1,POOLED_AR1,IT,2012,11.13571997997505,-.0808495191055538,-.0526048437260468
DefGDP_s1_GIS_POOLED_AR1,DefGDP,GIS,1,POOLED_AR1,IT,2013,11.14392881387756,-.076206654481858,-.0095763897542207
DefGDP_s1_GIS_POOLED_AR1,DefGDP,GIS,1,POOLED_AR1,IT,2014,11.15535275058505,-.0619184606019516,.0008854944284375
DefGDP_s1_GIS_POOLED_AR1,DefGDP,GIS,1,POOLED_AR1,IT,2015,11.1407116574708,.0007198945517022,.0517485644445873
DefGDP_s1_GIS_POOLED_AR1,DefGDP,GIS,1,POOLED_AR1,IT,2016,11.13886133566024,.0327363747068627,.0321430902311286
DefGDP_s1_GIS_POOLED_AR1,DefGDP,GIS,1,POOLED_AR1,IT,2017,11.14235468613213,.0478769210313743,.0208979935489032
DefGDP_s1_GIS_POOLED_AR1,DefGDP,GIS,1,POOLED_AR1,IT,2018,11.15383780730068,.041616078847424,.0021594196371218
DefGDP_s1_GIS_POOLED_AR1,DefGDP,GIS,1,POOLED_AR1,IT,2019,11.15394140219758,.0306132030671211,-.0036837275913027
DefGDP_s1_GIS_POOLED_AR1,DefGDP,GIS,1,POOLED_AR1,IT,2020,11.11802309396159,-.0263506477144926,-.0515798123043297
DefGDP_s1_GIS_POOLED_AR1,DefGDP,GIS,1,POOLED_AR1,IT,2021,11.23619062748969,-.0036983252893883,.0180179527093604
DefGDP_s1_GIS_POOLED_AR1,DefGDP,GIS,1,POOLED_AR1,IT,2022,11.29670529915109,-.0365991077648928,-.0335512183549491
DefGDP_s1_GIS_POOLED_AR1,DefGDP,GIS,1,POOLED_AR1,IT,2023,11.31028171418218,-.0534600567222761,-.0232977469627537
DefGDP_s1_GIS_POOLED_AR1,DefGDP,GIS,1,POOLED_AR1,IT,2024,11.32863351913345,-.0527251162943951,-.0086672446933373
DefGDP_s2_FRUK_FE_AR1,DefGDP,FRUK,2,FE_AR1,FR,1981,10.94200611615544,-.145944909790936,
DefGDP_s2_FRUK_FE_AR1,DefGDP,FRUK,2,FE_AR1,FR,1982,10.95626975618666,-.1527184039742639,-.0332652657484792
DefGDP_s2_FRUK_FE_AR1,DefGDP,FRUK,2,FE_AR1,FR,1983,10.97012261195045,-.1341740527414483,-.0091769381062659
DefGDP_s2_FRUK_FE_AR1,DefGDP,FRUK,2,FE_AR1,FR,1984,10.98510005150763,-.114132691814433,-.0043137766402268
DefGDP_s2_FRUK_FE_AR1,DefGDP,FRUK,2,FE_AR1,FR,1985,10.99201589508593,-.0747610434731349,.0186543982227773
DefGDP_s2_FRUK_FE_AR1,DefGDP,FRUK,2,FE_AR1,FR,1986,11.00673128954698,-.0668762298223804,-.0056857349110264
DefGDP_s2_FRUK_FE_AR1,DefGDP,FRUK,2,FE_AR1,FR,1987,10.98286860496455,-.0188037186069483,.035933206006837
DefGDP_s2_FRUK_FE_AR1,DefGDP,FRUK,2,FE_AR1,FR,1988,11.01054720837222,.0089140906493803,.024304577382574
DefGDP_s2_FRUK_FE_AR1,DefGDP,FRUK,2,FE_AR1,FR,1989,11.02495999661014,.0222210057022565,.0149249917198371
DefGDP_s2_FRUK_FE_AR1,DefGDP,FRUK,2,FE_AR1,FR,1990,11.02255731109513,.0517959410468674,.0336084696957257
DefGDP_s2_FRUK_FE_AR1,DefGDP,FRUK,2,FE_AR1,FR,1991,11.03843623649365,.0464528733011456,.0040588787845221
DefGDP_s2_FRUK_FE_AR1,DefGDP,FRUK,2,FE_AR1,FR,1992,11.07140139388644,.0421596466491607,.0041388516562049
DefGDP_s2_FRUK_FE_AR1,DefGDP,FRUK,2,FE_AR1,FR,1993,11.09476369393762,.0273113662787807,-.0071955041968432
DefGDP_s2_FRUK_FE_AR1,DefGDP,FRUK,2,FE_AR1,FR,1994,11.09807786522078,.0477305431009256,.0253767082470235
DefGDP_s2_FRUK_FE_AR1,DefGDP,FRUK,2,FE_AR1,FR,1995,11.13701235584968,.044149010596918,.0050824671265493
DefGDP_s2_FRUK_FE_AR1,DefGDP,FRUK,2,FE_AR1,FR,1996,11.15839475042934,.0154178294448641,-.0207172976583684
DefGDP_s2_FRUK_FE_AR1,DefGDP,FRUK,2,FE_AR1,FR,1997,11.184948746244,.0411161345701974,.0284969338426273
DefGDP_s2_FRUK_FE_AR1,DefGDP,FRUK,2,FE_AR1,FR,1998,11.21666207954775,.0427628798821473,.0091101042344092
DefGDP_s2_FRUK_FE_AR1,DefGDP,FRUK,2,FE_AR1,FR,1999,11.22568517309981,.0587275238502958,.0237269184245078
DefGDP_s2_FRUK_FE_AR1,DefGDP,FRUK,2,FE_AR1,FR,2000,11.24502354833392,.0823626131383772,.0342952496777632
DefGDP_s2_FRUK_FE_AR1,DefGDP,FRUK,2,FE_AR1,FR,2001,11.25393035610848,.0557285317307237,-.0116837036528117
DefGDP_s2_FRUK_FE_AR1,DefGDP,FRUK,2,FE_AR1,FR,2002,11.25486120659354,.0494650147885576,.0038522694486471
DefGDP_s2_FRUK_FE_AR1,DefGDP,FRUK,2,FE_AR1,FR,2003,11.24055870884792,.0598743383843754,.0193881627627504
DefGDP_s2_FRUK_FE_AR1,DefGDP,FRUK,2,FE_AR1,FR,2004,11.23338995381686,.0960130385946414,.0470070292075953
DefGDP_s2_FRUK_FE_AR1,DefGDP,FRUK,2,FE_AR1,FR,2005,11.25165178715015,.0841832911544476,.0055984416577946
DefGDP_s2_FRUK_FE_AR1,DefGDP,FRUK,2,FE_AR1,FR,2006,11.23830467695135,.1015808069380526,.0326783811598687
DefGDP_s2_FRUK_FE_AR1,DefGDP,FRUK,2,FE_AR1,FR,2007,11.24510851870407,.1258264025111338,.0426844403170432
DefGDP_s2_FRUK_FE_AR1,DefGDP,FRUK,2,FE_AR1,FR,2008,11.25829068223664,.0830528383642637,-.0199336835579223
DefGDP_s2_FRUK_FE_AR1,DefGDP,FRUK,2,FE_AR1,FR,2009,11.30391278810853,.0067985193515714,-.061178652276968
DefGDP_s2_FRUK_FE_AR1,DefGDP,FRUK,2,FE_AR1,FR,2010,11.33548974696134,.0191876739447618,.0136232149102038
DefGDP_s2_FRUK_FE_AR1,DefGDP,FRUK,2,FE_AR1,FR,2011,11.41096866948672,-.022468983399822,-.0381737302884817
DefGDP_s2_FRUK_FE_AR1,DefGDP,FRUK,2,FE_AR1,FR,2012,11.42404255134412,-.0347850185827223,-.016394582193426
DefGDP_s2_FRUK_FE_AR1,DefGDP,FRUK,2,FE_AR1,FR,2013,11.43558280006312,-.0269335504505204,.0015373269435639
DefGDP_s2_FRUK_FE_AR1,DefGDP,FRUK,2,FE_AR1,FR,2014,11.43963198058452,-.0222670037589197,-.0002224039884591
DefGDP_s2_FRUK_FE_AR1,DefGDP,FRUK,2,FE_AR1,FR,2015,11.45886686579433,.0028352438259649,.021060363713315
DefGDP_s2_FRUK_FE_AR1,DefGDP,FRUK,2,FE_AR1,FR,2016,11.45826920687787,.0022611523087281,-.0000594409420535
DefGDP_s2_FRUK_FE_AR1,DefGDP,FRUK,2,FE_AR1,FR,2017,11.44894025792891,.0231009091535856,.0212501989118172
DefGDP_s2_FRUK_FE_AR1,DefGDP,FRUK,2,FE_AR1,FR,2018,11.44364153567763,.0317035044465719,.0127958488235188
DefGDP_s2_FRUK_FE_AR1,DefGDP,FRUK,2,FE_AR1,FR,2019,11.44124725388684,.0261181751265589,.0001694585572515
DefGDP_s2_FRUK_FE_AR1,DefGDP,FRUK,2,FE_AR1,FR,2020,11.37598206325896,-.0514217471170557,-.0727989776629329
DefGDP_s2_FRUK_FE_AR1,DefGDP,FRUK,2,FE_AR1,FR,2021,11.38322526654386,-.0140344376361607,.0280532862521478
DefGDP_s2_FRUK_FE_AR1,DefGDP,FRUK,2,FE_AR1,FR,2022,11.43391710447089,-.006566697746889,.0049202230458606
DefGDP_s2_FRUK_FE_AR1,DefGDP,FRUK,2,FE_AR1,FR,2023,11.42481222292807,.0223012244314322,.027675941883173
DefGDP_s2_FRUK_FE_AR1,DefGDP,FRUK,2,FE_AR1,FR,2024,11.41052246634887,.0404445260833288,.0221913972251302
DefGDP_s2_FRUK_FE_AR1,DefGDP,FRUK,2,FE_AR1,UK,1981,10.935119561597,-.1932564680338036,
DefGDP_s2_FRUK_FE_AR1,DefGDP,FRUK,2,FE_AR1,UK,1982,10.91309485713974,-.1310725717846353,.0271041787586893
DefGDP_s2_FRUK_FE_AR1,DefGDP,FRUK,2,FE_AR1,UK,1983,10.86942814465528,-.0236158093735792,.0836646025121632
DefGDP_s2_FRUK_FE_AR1,DefGDP,FRUK,2,FE_AR1,UK,1984,10.86692141734526,.0271160627365354,.0464451544154228
DefGDP_s2_FRUK_FE_AR1,DefGDP,FRUK,2,FE_AR1,UK,1985,10.87377195301114,.0486581739027621,.0264641912907862
DefGDP_s2_FRUK_FE_AR1,DefGDP,FRUK,2,FE_AR1,UK,1986,10.92968511033129,.0383061591556118,-.0015196325170615
DefGDP_s2_FRUK_FE_AR1,DefGDP,FRUK,2,FE_AR1,UK,1987,10.98278138659917,.0355069731893263,.0041541090773202
DefGDP_s2_FRUK_FE_AR1,DefGDP,FRUK,2,FE_AR1,UK,1988,11.05903816373395,.0002928042332524,-.0287689793016417
DefGDP_s2_FRUK_FE_AR1,DefGDP,FRUK,2,FE_AR1,UK,1989,11.08203763823811,-.0215694788095107,-.0218091335161935
DefGDP_s2_FRUK_FE_AR1,DefGDP,FRUK,2,FE_AR1,UK,1990,11.10204614833592,-.0540809926862185,-.0364267837290067
DefGDP_s2_FRUK_FE_AR1,DefGDP,FRUK,2,FE_AR1,UK,1991,11.0988814647915,-.0037730555216982,.0404912103851332
DefGDP_s2_FRUK_FE_AR1,DefGDP,FRUK,2,FE_AR1,UK,1992,11.18203922653179,-.0395078592938916,-.0364196849724123
DefGDP_s2_FRUK_FE_AR1,DefGDP,FRUK,2,FE_AR1,UK,1993,11.22130490339221,-.04340605153841,-.0110696186748147
DefGDP_s2_FRUK_FE_AR1,DefGDP,FRUK,2,FE_AR1,UK,1994,11.25663863212687,-.0017383465870733,.0337886826301886
DefGDP_s2_FRUK_FE_AR1,DefGDP,FRUK,2,FE_AR1,UK,1995,11.33942208998417,-.1342965229440729,-.1328737192611802
DefGDP_s2_FRUK_FE_AR1,DefGDP,FRUK,2,FE_AR1,UK,1996,11.33996919748842,-.1366464672491201,-.026727312538889
DefGDP_s2_FRUK_FE_AR1,DefGDP,FRUK,2,FE_AR1,UK,1997,11.39303955732584,-.1554822750663369,-.0436397355508679
DefGDP_s2_FRUK_FE_AR1,DefGDP,FRUK,2,FE_AR1,UK,1998,11.40546796167297,-.1664301926821743,-.0391709020240487
DefGDP_s2_FRUK_FE_AR1,DefGDP,FRUK,2,FE_AR1,UK,1999,11.42617114631679,-.1612975030289938,-.0250775496240656
DefGDP_s2_FRUK_FE_AR1,DefGDP,FRUK,2,FE_AR1,UK,2000,11.43440681400424,-.1296250285819394,.0023939157745082
DefGDP_s2_FRUK_FE_AR1,DefGDP,FRUK,2,FE_AR1,UK,2001,11.44939284732594,-.1324211156132389,-.0263254903605289
DefGDP_s2_FRUK_FE_AR1,DefGDP,FRUK,2,FE_AR1,UK,2002,11.44317291914668,-.0882400050699808,.0201441643403815
DefGDP_s2_FRUK_FE_AR1,DefGDP,FRUK,2,FE_AR1,UK,2003,11.45018377944523,-.053354148935826,.0188686201745701
DefGDP_s2_FRUK_FE_AR1,DefGDP,FRUK,2,FE_AR1,UK,2004,11.46098970457861,-.0523751891054118,-.0087058310107717
DefGDP_s2_FRUK_FE_AR1,DefGDP,FRUK,2,FE_AR1,UK,2005,11.41327573256403,.0278137109207712,.0706818089775829
DefGDP_s2_FRUK_FE_AR1,DefGDP,FRUK,2,FE_AR1,UK,2006,11.44520429486242,.0028545004049754,-.0199104940025051
DefGDP_s2_FRUK_FE_AR1,DefGDP,FRUK,2,FE_AR1,UK,2007,11.42961712706323,.0305143844242703,.0281780300291117
DefGDP_s2_FRUK_FE_AR1,DefGDP,FRUK,2,FE_AR1,UK,2008,11.41875215598617,.057987740175129,.0330122957712881
DefGDP_s2_FRUK_FE_AR1,DefGDP,FRUK,2,FE_AR1,UK,2009,11.40327541484698,.0366196075085163,-.0108422570571142
DefGDP_s2_FRUK_FE_AR1,DefGDP,FRUK,2,FE_AR1,UK,2010,11.39899714833626,.1270297426100377,.0970572890057637
DefGDP_s2_FRUK_FE_AR1,DefGDP,FRUK,2,FE_AR1,UK,2011,11.45094977714196,.0786980022690376,-.0252734306813777
DefGDP_s2_FRUK_FE_AR1,DefGDP,FRUK,2,FE_AR1,UK,2012,11.48913016139973,.0494431936088677,-.0149696273425644
DefGDP_s2_FRUK_FE_AR1,DefGDP,FRUK,2,FE_AR1,UK,2013,11.46880412216198,.1209219621020168,.0804536467017415
DefGDP_s2_FRUK_FE_AR1,DefGDP,FRUK,2,FE_AR1,UK,2014,11.47887449566901,.117331204548293,.0183588740011238
DefGDP_s2_FRUK_FE_AR1,DefGDP,FRUK,2,FE_AR1,UK,2015,11.50551079737812,.0908334523969803,-.0051999112549772
DefGDP_s2_FRUK_FE_AR1,DefGDP,FRUK,2,FE_AR1,UK,2016,11.49516526325906,.10350891433764,.0291634578208989
DefGDP_s2_FRUK_FE_AR1,DefGDP,FRUK,2,FE_AR1,UK,2017,11.50122648134719,.1027719598632082,.0180518783633673
DefGDP_s2_FRUK_FE_AR1,DefGDP,FRUK,2,FE_AR1,UK,2018,11.4951424441037,.095562735539902,.0114458372879491
DefGDP_s2_FRUK_FE_AR1,DefGDP,FRUK,2,FE_AR1,UK,2019,11.52874711090913,.0727642110437685,-.0054520739505779
DefGDP_s2_FRUK_FE_AR1,DefGDP,FRUK,2,FE_AR1,UK,2020,11.44913464128076,.0884264107038391,.0288702852305183
DefGDP_s2_FRUK_FE_AR1,DefGDP,FRUK,2,FE_AR1,UK,2021,11.43358843162455,.1795520577338543,.1071767191506397
DefGDP_s2_FRUK_FE_AR1,DefGDP,FRUK,2,FE_AR1,UK,2022,11.46737676878793,.1183594236851739,-.0286005271752584
DefGDP_s2_FRUK_FE_AR1,DefGDP,FRUK,2,FE_AR1,UK,2023,11.46566840216333,.1526892230900678,.0558142815930169
DefGDP_s2_FRUK_FE_AR1,DefGDP,FRUK,2,FE_AR1,UK,2024,11.47781875626931,.1434059104662406,.0184326798308388
DefGDP_s2_FRUK_POOLED_AR1,DefGDP,FRUK,2,POOLED_AR1,FR,1981,10.98647315143667,-.1904119450721744,
DefGDP_s2_FRUK_POOLED_AR1,DefGDP,FRUK,2,POOLED_AR1,FR,1982,11.01065281453272,-.2071014623203222,-.0531126324411646
DefGDP_s2_FRUK_POOLED_AR1,DefGDP,FRUK,2,POOLED_AR1,FR,1983,11.02588426190191,-.1899357026929067,-.0224498244467669
DefGDP_s2_FRUK_POOLED_AR1,DefGDP,FRUK,2,POOLED_AR1,FR,1984,11.04233954117044,-.171372181477242,-.0177684955379485
DefGDP_s2_FRUK_POOLED_AR1,DefGDP,FRUK,2,POOLED_AR1,FR,1985,11.05036069396326,-.1331058423504583,.0054852617397626
DefGDP_s2_FRUK_POOLED_AR1,DefGDP,FRUK,2,POOLED_AR1,FR,1986,11.05998696907487,-.120131909350274,-.0124873342903558
DefGDP_s2_FRUK_POOLED_AR1,DefGDP,FRUK,2,POOLED_AR1,FR,1987,11.03374958253168,-.0696846961740771,.0274676759892649
DefGDP_s2_FRUK_POOLED_AR1,DefGDP,FRUK,2,POOLED_AR1,FR,1988,11.0598499621065,-.0403886630848973,.015966335128389
DefGDP_s2_FRUK_POOLED_AR1,DefGDP,FRUK,2,POOLED_AR1,FR,1989,11.07423220276818,-.0270512004557784,.0056116819409612
DefGDP_s2_FRUK_POOLED_AR1,DefGDP,FRUK,2,POOLED_AR1,FR,1990,11.06652091710317,.0078323350388327,.0297090229925896
DefGDP_s2_FRUK_POOLED_AR1,DefGDP,FRUK,2,POOLED_AR1,FR,1991,11.08265253799082,.0022365718039765,-.0040975481872573
DefGDP_s2_FRUK_POOLED_AR1,DefGDP,FRUK,2,POOLED_AR1,FR,1992,11.11243616634124,.0011248741943586,-.0006838730189768
DefGDP_s2_FRUK_POOLED_AR1,DefGDP,FRUK,2,POOLED_AR1,FR,1993,11.13980843397451,-.017733373758114,-.0186430754098926
DefGDP_s2_FRUK_POOLED_AR1,DefGDP,FRUK,2,POOLED_AR1,FR,1994,11.13961143951495,.0061969688067514,.0205381986796286
DefGDP_s2_FRUK_POOLED_AR1,DefGDP,FRUK,2,POOLED_AR1,FR,1995,11.16985320728929,.0113081591573128,.0062965829403502
DefGDP_s2_FRUK_POOLED_AR1,DefGDP,FRUK,2,POOLED_AR1,FR,1996,11.18934603760662,-.0155334577324187,-.0246785257903172
DefGDP_s2_FRUK_POOLED_AR1,DefGDP,FRUK,2,POOLED_AR1,FR,1997,11.21502994574456,.0110349350696364,.0235970617749008
DefGDP_s2_FRUK_POOLED_AR1,DefGDP,FRUK,2,POOLED_AR1,FR,1998,11.24590436622899,.0135205932009121,.0045964853224821
DefGDP_s2_FRUK_POOLED_AR1,DefGDP,FRUK,2,POOLED_AR1,FR,1999,11.25858006743193,.0258326295181686,.0148983347947394
DefGDP_s2_FRUK_POOLED_AR1,DefGDP,FRUK,2,POOLED_AR1,FR,2000,11.28261850223583,.0447676592364683,.0238764468143865
DefGDP_s2_FRUK_POOLED_AR1,DefGDP,FRUK,2,POOLED_AR1,FR,2001,11.29182374935688,.017835138482317,-.0183690999631209
DefGDP_s2_FRUK_POOLED_AR1,DefGDP,FRUK,2,POOLED_AR1,FR,2002,11.29463742139064,.0096887999914639,-.0047347284514798
DefGDP_s2_FRUK_POOLED_AR1,DefGDP,FRUK,2,POOLED_AR1,FR,2003,11.27814997687801,.0222830703542911,.0144476009300741
DefGDP_s2_FRUK_POOLED_AR1,DefGDP,FRUK,2,POOLED_AR1,FR,2004,11.26751027538085,.0618927170306467,.043872083248078
DefGDP_s2_FRUK_POOLED_AR1,DefGDP,FRUK,2,POOLED_AR1,FR,2005,11.28913914534777,.0466959329568279,-.0033575816479334
DefGDP_s2_FRUK_POOLED_AR1,DefGDP,FRUK,2,POOLED_AR1,FR,2006,11.27349444813367,.066391035755732,.0286273751124254
DefGDP_s2_FRUK_POOLED_AR1,DefGDP,FRUK,2,POOLED_AR1,FR,2007,11.27795980833431,.0929751128808949,.0392837443765957
DefGDP_s2_FRUK_POOLED_AR1,DefGDP,FRUK,2,POOLED_AR1,FR,2008,11.29212726380773,.0492162567931693,-.0259740304284899
DefGDP_s2_FRUK_POOLED_AR1,DefGDP,FRUK,2,POOLED_AR1,FR,2009,11.34325343999343,-.0325421325333277,-.0723440146670332
DefGDP_s2_FRUK_POOLED_AR1,DefGDP,FRUK,2,POOLED_AR1,FR,2010,11.37223461752046,-.0175571966143622,.008760085679457
DefGDP_s2_FRUK_POOLED_AR1,DefGDP,FRUK,2,POOLED_AR1,FR,2011,11.45005036547539,-.0615506793884908,-.0473519264605736
DefGDP_s2_FRUK_POOLED_AR1,DefGDP,FRUK,2,POOLED_AR1,FR,2012,11.46403460627511,-.0747770735137063,-.025000169582032
DefGDP_s2_FRUK_POOLED_AR1,DefGDP,FRUK,2,POOLED_AR1,FR,2013,11.47383940022061,-.0651901506080144,-.0047168749014994
DefGDP_s2_FRUK_POOLED_AR1,DefGDP,FRUK,2,POOLED_AR1,FR,2014,11.47805611852149,-.0606911416958926,-.0079709459751402
DefGDP_s2_FRUK_POOLED_AR1,DefGDP,FRUK,2,POOLED_AR1,FR,2015,11.50255112145466,-.0408490118343643,.0082327718228438
DefGDP_s2_FRUK_POOLED_AR1,DefGDP,FRUK,2,POOLED_AR1,FR,2016,11.50144396452831,-.040913605341709,-.0078784324080502
DefGDP_s2_FRUK_POOLED_AR1,DefGDP,FRUK,2,POOLED_AR1,FR,2017,11.49157052352685,-.0195293564443499,.0135580541711939
DefGDP_s2_FRUK_POOLED_AR1,DefGDP,FRUK,2,POOLED_AR1,FR,2018,11.48421971702322,-.0088746768990156,.0069189895435941
DefGDP_s2_FRUK_POOLED_AR1,DefGDP,FRUK,2,POOLED_AR1,FR,2019,11.48437686000501,-.0170114309916052,-.0098343544131532
DefGDP_s2_FRUK_POOLED_AR1,DefGDP,FRUK,2,POOLED_AR1,FR,2020,11.42034026163004,-.0957799454881396,-.0820225609292329
DefGDP_s2_FRUK_POOLED_AR1,DefGDP,FRUK,2,POOLED_AR1,FR,2021,11.39832884497559,-.029138016067888,.04832057890638
DefGDP_s2_FRUK_POOLED_AR1,DefGDP,FRUK,2,POOLED_AR1,FR,2022,11.43991890978491,-.0125685030609102,.0109958221582531
DefGDP_s2_FRUK_POOLED_AR1,DefGDP,FRUK,2,POOLED_AR1,FR,2023,11.42769905822734,.0194143891321623,.0295787151094457
DefGDP_s2_FRUK_POOLED_AR1,DefGDP,FRUK,2,POOLED_AR1,FR,2024,11.41153911165902,.0394278807731752,.0237271900200445
DefGDP_s2_FRUK_POOLED_AR1,DefGDP,FRUK,2,POOLED_AR1,UK,1981,10.88470912796232,-.1428460343991151,
DefGDP_s2_FRUK_POOLED_AR1,DefGDP,FRUK,2,POOLED_AR1,UK,1982,10.86850772589839,-.0864854405432851,.0290361654235041
DefGDP_s2_FRUK_POOLED_AR1,DefGDP,FRUK,2,POOLED_AR1,UK,1983,10.83160607857553,.0142062567061707,.0841482542305167
DefGDP_s2_FRUK_POOLED_AR1,DefGDP,FRUK,2,POOLED_AR1,UK,1984,10.82778514946303,.0662523306187737,.0547635301324546
DefGDP_s2_FRUK_POOLED_AR1,DefGDP,FRUK,2,POOLED_AR1,UK,1985,10.83031071741206,.0921194095018389,.0385402138012488
DefGDP_s2_FRUK_POOLED_AR1,DefGDP,FRUK,2,POOLED_AR1,UK,1986,10.8892061238022,.0787851456847033,.0042868778739824
DefGDP_s2_FRUK_POOLED_AR1,DefGDP,FRUK,2,POOLED_AR1,UK,1987,10.93659602945651,.0816923303319914,.0179776700398135
DefGDP_s2_FRUK_POOLED_AR1,DefGDP,FRUK,2,POOLED_AR1,UK,1988,11.01538655694657,.0439444110206342,-.0221213305648358
DefGDP_s2_FRUK_POOLED_AR1,DefGDP,FRUK,2,POOLED_AR1,UK,1989,11.03703181671355,.023436342715053,-.0121021232684295
DefGDP_s2_FRUK_POOLED_AR1,DefGDP,FRUK,2,POOLED_AR1,UK,1990,11.05390031400454,-.005935158354843,-.0248884597875341
DefGDP_s2_FRUK_POOLED_AR1,DefGDP,FRUK,2,POOLED_AR1,UK,1991,11.05016337645736,.0449450328124446,.0497448792184217
DefGDP_s2_FRUK_POOLED_AR1,DefGDP,FRUK,2,POOLED_AR1,UK,1992,11.13595661037032,.0065747568675825,-.0297729260944571
DefGDP_s2_FRUK_POOLED_AR1,DefGDP,FRUK,2,POOLED_AR1,UK,1993,11.17819757817611,-.0002987263223115,-.0056158250809804
DefGDP_s2_FRUK_POOLED_AR1,DefGDP,FRUK,2,POOLED_AR1,UK,1994,11.20936779942535,.0455324861144515,.0457740703113327
DefGDP_s2_FRUK_POOLED_AR1,DefGDP,FRUK,2,POOLED_AR1,UK,1995,11.28385048142424,-.0787249143841429,-.1155476791303131
DefGDP_s2_FRUK_POOLED_AR1,DefGDP,FRUK,2,POOLED_AR1,UK,1996,11.28143728883454,-.078114558595237,-.014448608206694
DefGDP_s2_FRUK_POOLED_AR1,DefGDP,FRUK,2,POOLED_AR1,UK,1997,11.33949356798258,-.1019362857230846,-.0387639386833649
DefGDP_s2_FRUK_POOLED_AR1,DefGDP,FRUK,2,POOLED_AR1,UK,1998,11.35653812581546,-.117500356824662,-.0350630425334004
DefGDP_s2_FRUK_POOLED_AR1,DefGDP,FRUK,2,POOLED_AR1,UK,1999,11.38448510778586,-.1196114644980639,-.0245872660374323
DefGDP_s2_FRUK_POOLED_AR1,DefGDP,FRUK,2,POOLED_AR1,UK,2000,11.3970831614269,-.0923013760045972,.0044301050545755
DefGDP_s2_FRUK_POOLED_AR1,DefGDP,FRUK,2,POOLED_AR1,UK,2001,11.41739478337092,-.1004230516582201,-.0257776249661258
DefGDP_s2_FRUK_POOLED_AR1,DefGDP,FRUK,2,POOLED_AR1,UK,2002,11.41525264526592,-.0603197311892156,.0208938093367318
DefGDP_s2_FRUK_POOLED_AR1,DefGDP,FRUK,2,POOLED_AR1,UK,2003,11.42262410058331,-.0257944700739081,.0229869486597321
DefGDP_s2_FRUK_POOLED_AR1,DefGDP,FRUK,2,POOLED_AR1,UK,2004,11.4346061964469,-.0259916809736982,-.0051313286332582
DefGDP_s2_FRUK_POOLED_AR1,DefGDP,FRUK,2,POOLED_AR1,UK,2005,11.37710645670262,.0639829867821842,.0850028263632307
DefGDP_s2_FRUK_POOLED_AR1,DefGDP,FRUK,2,POOLED_AR1,UK,2006,11.41849270740058,.0295660878668169,-.0221778574147019
DefGDP_s2_FRUK_POOLED_AR1,DefGDP,FRUK,2,POOLED_AR1,UK,2007,11.40437703187334,.0557544796141567,.0318439666839423
DefGDP_s2_FRUK_POOLED_AR1,DefGDP,FRUK,2,POOLED_AR1,UK,2008,11.39071980116401,.0860200949972878,.0409306597045018
DefGDP_s2_FRUK_POOLED_AR1,DefGDP,FRUK,2,POOLED_AR1,UK,2009,11.37263102960403,.0672639927514727,-.0023016732560116
DefGDP_s2_FRUK_POOLED_AR1,DefGDP,FRUK,2,POOLED_AR1,UK,2010,11.36844317363845,.1575837173078494,.1031863761490617
DefGDP_s2_FRUK_POOLED_AR1,DefGDP,FRUK,2,POOLED_AR1,UK,2011,11.42067857724222,.1089692021687831,-.018470976161656
DefGDP_s2_FRUK_POOLED_AR1,DefGDP,FRUK,2,POOLED_AR1,UK,2012,11.46136969696962,.077203658038977,-.0109212751340753
DefGDP_s2_FRUK_POOLED_AR1,DefGDP,FRUK,2,POOLED_AR1,UK,2013,11.44448450010152,.1452415841624788,.0828058952706583
DefGDP_s2_FRUK_POOLED_AR1,DefGDP,FRUK,2,POOLED_AR1,UK,2014,11.45768065342005,.1385250467972483,.0210661258955277
DefGDP_s2_FRUK_POOLED_AR1,DefGDP,FRUK,2,POOLED_AR1,UK,2015,11.48208679886504,.114257450910058,.0022302886583499
DefGDP_s2_FRUK_POOLED_AR1,DefGDP,FRUK,2,POOLED_AR1,UK,2016,11.47442018826886,.1242539893278405,.031852374692025
DefGDP_s2_FRUK_POOLED_AR1,DefGDP,FRUK,2,POOLED_AR1,UK,2017,11.47811344269269,.1258849985177122,.0253990420449763
DefGDP_s2_FRUK_POOLED_AR1,DefGDP,FRUK,2,POOLED_AR1,UK,2018,11.47158857293188,.1191166067117173,.0173116300662959
DefGDP_s2_FRUK_POOLED_AR1,DefGDP,FRUK,2,POOLED_AR1,UK,2019,11.50414981537063,.0973615065822688,.00103022400564
DefGDP_s2_FRUK_POOLED_AR1,DefGDP,FRUK,2,POOLED_AR1,UK,2020,11.42062646258306,.1169345894015397,.0381969636281532
DefGDP_s2_FRUK_POOLED_AR1,DefGDP,FRUK,2,POOLED_AR1,UK,2021,11.4076265309645,.205513958393901,.1109473040407954
DefGDP_s2_FRUK_POOLED_AR1,DefGDP,FRUK,2,POOLED_AR1,UK,2022,11.44704990381167,.1386862886614253,-.0275157527331687
DefGDP_s2_FRUK_POOLED_AR1,DefGDP,FRUK,2,POOLED_AR1,UK,2023,11.44558942676571,.1727681984876863,.060610637662597
DefGDP_s2_FRUK_POOLED_AR1,DefGDP,FRUK,2,POOLED_AR1,UK,2024,11.45941539015771,.1618092765778432,.0220891938101121
DefGDP_s2_GIS_FE_AR1,DefGDP,GIS,2,FE_AR1,DE,1991,11.16669865479497,-.1520537298160747,
DefGDP_s2_GIS_FE_AR1,DefGDP,GIS,2,FE_AR1,DE,1992,11.1727209737728,-.1218605032068982,.0012122534565765
DefGDP_s2_GIS_FE_AR1,DefGDP,GIS,2,FE_AR1,DE,1993,11.16072842105122,-.1430893505532236,-.0444550843881482
DefGDP_s2_GIS_FE_AR1,DefGDP,GIS,2,FE_AR1,DE,1994,11.1769279321929,-.1076063180338966,.0082106424778461
DefGDP_s2_GIS_FE_AR1,DefGDP,GIS,2,FE_AR1,DE,1995,11.20587687254376,-.1124628760626578,-.0253659912255837
DefGDP_s2_GIS_FE_AR1,DefGDP,GIS,2,FE_AR1,DE,1996,11.20967506009814,-.1054742129567448,-.0144464151113626
DefGDP_s2_GIS_FE_AR1,DefGDP,GIS,2,FE_AR1,DE,1997,11.20463801848599,-.0577005953945875,.0276705570342209
DefGDP_s2_GIS_FE_AR1,DefGDP,GIS,2,FE_AR1,DE,1998,11.20952868074622,-.0393259988744212,.0073770405375389
DefGDP_s2_GIS_FE_AR1,DefGDP,GIS,2,FE_AR1,DE,1999,11.20319449093996,-.0261991415611558,.0056314429031265
DefGDP_s2_GIS_FE_AR1,DefGDP,GIS,2,FE_AR1,DE,2000,11.20351720516369,.0167917484565141,.0379974142303712
DefGDP_s2_GIS_FE_AR1,DefGDP,GIS,2,FE_AR1,DE,2001,11.21522229141936,.0098694844205376,-.0037218084352353
DefGDP_s2_GIS_FE_AR1,DefGDP,GIS,2,FE_AR1,DE,2002,11.22703728497837,-.0133166425763669,-.0213050336270307
DefGDP_s2_GIS_FE_AR1,DefGDP,GIS,2,FE_AR1,DE,2003,11.25260673041022,-.0138992694818256,-.0031207380156254
DefGDP_s2_GIS_FE_AR1,DefGDP,GIS,2,FE_AR1,DE,2004,11.29138086323639,-.0134652785963869,-.0022151671206213
DefGDP_s2_GIS_FE_AR1,DefGDP,GIS,2,FE_AR1,DE,2005,11.30367671117608,-.0009948584038764,.0099039795141648
DefGDP_s2_GIS_FE_AR1,DefGDP,GIS,2,FE_AR1,DE,2006,11.3275143373451,.0523649147981029,.0531701562506013
DefGDP_s2_GIS_FE_AR1,DefGDP,GIS,2,FE_AR1,DE,2007,11.3790050850636,.0236164999332971,-.0187678231901545
DefGDP_s2_GIS_FE_AR1,DefGDP,GIS,2,FE_AR1,DE,2008,11.38917424451799,-.0408809404012871,-.059996208096788
DefGDP_s2_GIS_FE_AR1,DefGDP,GIS,2,FE_AR1,DE,2009,11.27206745217703,-.0861064630809292,-.0530173041614633
DefGDP_s2_GIS_FE_AR1,DefGDP,GIS,2,FE_AR1,DE,2010,11.30558569929704,.0530738072093619,.1227686433092742
DefGDP_s2_GIS_FE_AR1,DefGDP,GIS,2,FE_AR1,DE,2011,11.37257888297813,.038606498723075,-.0043516040987569
DefGDP_s2_GIS_FE_AR1,DefGDP,GIS,2,FE_AR1,DE,2012,11.36373273067692,.0309308766589815,-.0003173421694622
DefGDP_s2_GIS_FE_AR1,DefGDP,GIS,2,FE_AR1,DE,2013,11.36714577416685,.0134749448808549,-.0115606018370287
DefGDP_s2_GIS_FE_AR1,DefGDP,GIS,2,FE_AR1,DE,2014,11.37062244519475,.0432135667394515,.0323069049010264
DefGDP_s2_GIS_FE_AR1,DefGDP,GIS,2,FE_AR1,DE,2015,11.32925166444214,.0985189364591594,.0635417426059173
DefGDP_s2_GIS_FE_AR1,DefGDP,GIS,2,FE_AR1,DE,2016,11.32134837980867,.1401661706290334,.0604246403933138
DefGDP_s2_GIS_FE_AR1,DefGDP,GIS,2,FE_AR1,DE,2017,11.32391261699625,.1438046328110545,.0303537031222886
DefGDP_s2_GIS_FE_AR1,DefGDP,GIS,2,FE_AR1,DE,2018,11.32659216372292,.1187792750916774,.0023833629200825
DefGDP_s2_GIS_FE_AR1,DefGDP,GIS,2,FE_AR1,DE,2019,11.29717015613594,.1272814188085576,.0311411081584698
DefGDP_s2_GIS_FE_AR1,DefGDP,GIS,2,FE_AR1,DE,2020,11.25163712085871,.1168539380467877,.0138319661178138
DefGDP_s2_GIS_FE_AR1,DefGDP,GIS,2,FE_AR1,DE,2021,11.34178176249283,.0801411644200716,-.014440772503127
DefGDP_s2_GIS_FE_AR1,DefGDP,GIS,2,FE_AR1,DE,2022,11.37530146064767,.0349495861973299,-.0299169188159281
DefGDP_s2_GIS_FE_AR1,DefGDP,GIS,2,FE_AR1,DE,2023,11.36836994065214,.0513289292827555,.0230406267021081
DefGDP_s2_GIS_FE_AR1,DefGDP,GIS,2,FE_AR1,DE,2024,11.33090914967455,.092704907901533,.0511591146411204
DefGDP_s2_GIS_FE_AR1,DefGDP,GIS,2,FE_AR1,ES,1985,10.899633499862,.0451428069059006,
DefGDP_s2_GIS_FE_AR1,DefGDP,GIS,2,FE_AR1,ES,1986,10.91355466904212,.0727477524538767,.0362090256751484
DefGDP_s2_GIS_FE_AR1,DefGDP,GIS,2,FE_AR1,ES,1987,10.90237694415239,.0749699713916119,.0160877167675353
DefGDP_s2_GIS_FE_AR1,DefGDP,GIS,2,FE_AR1,ES,1988,10.91824165776025,.0713391887438544,.0106582632755461
DefGDP_s2_GIS_FE_AR1,DefGDP,GIS,2,FE_AR1,ES,1989,10.91079588770631,.0749769677829875,.0172348089588512
DefGDP_s2_GIS_FE_AR1,DefGDP,GIS,2,FE_AR1,ES,1990,10.93302369853,-.0166242343541985,-.0773108227232085
DefGDP_s2_GIS_FE_AR1,DefGDP,GIS,2,FE_AR1,ES,1991,10.94796367196458,-.0345183832632756,-.0210626768372268
DefGDP_s2_GIS_FE_AR1,DefGDP,GIS,2,FE_AR1,ES,1992,10.95314231172449,-.0848588701237869,-.0569195845244371
DefGDP_s2_GIS_FE_AR1,DefGDP,GIS,2,FE_AR1,ES,1993,10.95552119388227,-.1121791194675676,-.0434940889450336
DefGDP_s2_GIS_FE_AR1,DefGDP,GIS,2,FE_AR1,ES,1994,10.97110760847318,-.0965160671062755,-.0057179427218563
DefGDP_s2_GIS_FE_AR1,DefGDP,GIS,2,FE_AR1,ES,1995,10.99068463099035,-.0784665353068554,-.0003461336866219
DefGDP_s2_GIS_FE_AR1,DefGDP,GIS,2,FE_AR1,ES,1996,11.00612312073036,-.0990543038750644,-.0355432488175669
DefGDP_s2_GIS_FE_AR1,DefGDP,GIS,2,FE_AR1,ES,1997,11.0065398585334,-.0946572309469023,-.0144823726778426
DefGDP_s2_GIS_FE_AR1,DefGDP,GIS,2,FE_AR1,ES,1998,11.00647572204359,-.0984504381963909,-.0218345842817383
DefGDP_s2_GIS_FE_AR1,DefGDP,GIS,2,FE_AR1,ES,1999,10.99736998918089,-.0984977243837921,-.0188116368526729
DefGDP_s2_GIS_FE_AR1,DefGDP,GIS,2,FE_AR1,ES,2000,10.98492042669135,-.071838587764546,.0078857733521183
DefGDP_s2_GIS_FE_AR1,DefGDP,GIS,2,FE_AR1,ES,2001,10.98062715466953,-.0514816212424272,.0066647526853169
DefGDP_s2_GIS_FE_AR1,DefGDP,GIS,2,FE_AR1,ES,2002,10.96872899425014,-.0413515187580398,.0003178638442447
DefGDP_s2_GIS_FE_AR1,DefGDP,GIS,2,FE_AR1,ES,2003,10.98025766225837,-.0594208657499653,-.0259508192609424
DefGDP_s2_GIS_FE_AR1,DefGDP,GIS,2,FE_AR1,ES,2004,10.98644900956324,-.0759096337871377,-.0278142022576089
DefGDP_s2_GIS_FE_AR1,DefGDP,GIS,2,FE_AR1,ES,2005,10.97611109273636,-.0653944698616602,-.0039529787598075
DefGDP_s2_GIS_FE_AR1,DefGDP,GIS,2,FE_AR1,ES,2006,10.96937639354383,-.0363468642890261,.0165836207846139
DefGDP_s2_GIS_FE_AR1,DefGDP,GIS,2,FE_AR1,ES,2007,10.97907370890593,-.0261573881447248,.0032618756216728
DefGDP_s2_GIS_FE_AR1,DefGDP,GIS,2,FE_AR1,ES,2008,10.98900484545793,-.0337609545281321,-.0125890840979768
DefGDP_s2_GIS_FE_AR1,DefGDP,GIS,2,FE_AR1,ES,2009,10.96139210200792,.0020406277755765,.0293668482266856
DefGDP_s2_GIS_FE_AR1,DefGDP,GIS,2,FE_AR1,ES,2010,10.97643546099145,.0173530509849513,.0157013605859849
DefGDP_s2_GIS_FE_AR1,DefGDP,GIS,2,FE_AR1,ES,2011,11.03766550672949,-.0005666983592878,-.0146123112082664
DefGDP_s2_GIS_FE_AR1,DefGDP,GIS,2,FE_AR1,ES,2012,11.03435944735391,.0145115917583869,.0149702791536818
DefGDP_s2_GIS_FE_AR1,DefGDP,GIS,2,FE_AR1,ES,2013,11.06155825922299,.029623904473814,.0178781774637632
DefGDP_s2_GIS_FE_AR1,DefGDP,GIS,2,FE_AR1,ES,2014,11.05479417192966,.0725705836327446,.0485929042220663
DefGDP_s2_GIS_FE_AR1,DefGDP,GIS,2,FE_AR1,ES,2015,11.03859696318094,.102941905749157,.0442030521139145
DefGDP_s2_GIS_FE_AR1,DefGDP,GIS,2,FE_AR1,ES,2016,11.05588512050822,.0721815590358794,-.0111399361491797
DefGDP_s2_GIS_FE_AR1,DefGDP,GIS,2,FE_AR1,ES,2017,11.04750797368242,.0961746360054789,.0377506600756634
DefGDP_s2_GIS_FE_AR1,DefGDP,GIS,2,FE_AR1,ES,2018,11.05653128217174,.059528161847263,-.0183158843896696
DefGDP_s2_GIS_FE_AR1,DefGDP,GIS,2,FE_AR1,ES,2019,11.05015337523499,.0496473138965126,.001465036575765
DefGDP_s2_GIS_FE_AR1,DefGDP,GIS,2,FE_AR1,ES,2020,11.03507323904607,.0055924457433303,-.0345922428504426
DefGDP_s2_GIS_FE_AR1,DefGDP,GIS,2,FE_AR1,ES,2021,11.10262556646835,.0426701561116545,.0381436133234235
DefGDP_s2_GIS_FE_AR1,DefGDP,GIS,2,FE_AR1,ES,2022,11.13753894464433,.0195247751073708,-.0150125805120831
DefGDP_s2_GIS_FE_AR1,DefGDP,GIS,2,FE_AR1,ES,2023,11.13921798787613,.0213311928518731,.0055277798175124
DefGDP_s2_GIS_FE_AR1,DefGDP,GIS,2,FE_AR1,ES,2024,11.14092598045745,.02658371845971,.0093181853460152
DefGDP_s2_GIS_FE_AR1,DefGDP,GIS,2,FE_AR1,IT,1981,11.05038285050729,-.1296502497885914,
DefGDP_s2_GIS_FE_AR1,DefGDP,GIS,2,FE_AR1,IT,1982,11.01960647267058,-.1160951575848781,-.0111558465736255
DefGDP_s2_GIS_FE_AR1,DefGDP,GIS,2,FE_AR1,IT,1983,11.005864488625,-.1219434318505019,-.0279756541673467
DefGDP_s2_GIS_FE_AR1,DefGDP,GIS,2,FE_AR1,IT,1984,10.98833832019764,-.0319297309095372,.0667716579547775
DefGDP_s2_GIS_FE_AR1,DefGDP,GIS,2,FE_AR1,IT,1985,10.97436406737146,.0158251025187361,.0416691249397124
DefGDP_s2_GIS_FE_AR1,DefGDP,GIS,2,FE_AR1,IT,1986,11.00535621287635,.0036364959455462,-.0091723907145761
DefGDP_s2_GIS_FE_AR1,DefGDP,GIS,2,FE_AR1,IT,1987,11.00430614545378,.0314179619297175,.02847457092474
DefGDP_s2_GIS_FE_AR1,DefGDP,GIS,2,FE_AR1,IT,1988,11.00332359850812,.0466087804086843,.0211789853742869
DefGDP_s2_GIS_FE_AR1,DefGDP,GIS,2,FE_AR1,IT,1989,11.01596105640893,.0598640115468712,.0221387213053363
DefGDP_s2_GIS_FE_AR1,DefGDP,GIS,2,FE_AR1,IT,1990,11.03616208614926,-.0171606366837622,-.0656147517845194
DefGDP_s2_GIS_FE_AR1,DefGDP,GIS,2,FE_AR1,IT,1991,11.0253981694465,-.0331753949924956,-.0192855228708076
DefGDP_s2_GIS_FE_AR1,DefGDP,GIS,2,FE_AR1,IT,1992,11.02767846716085,-.0172600033021499,.0095922634595065
DefGDP_s2_GIS_FE_AR1,DefGDP,GIS,2,FE_AR1,IT,1993,11.02406826348558,.0044082342920237,.018378534060308
DefGDP_s2_GIS_FE_AR1,DefGDP,GIS,2,FE_AR1,IT,1994,11.04001294662558,.0415404820444163,.0379724436477648
DefGDP_s2_GIS_FE_AR1,DefGDP,GIS,2,FE_AR1,IT,1995,11.08322465189105,.0490075601980493,.0153845662437411
DefGDP_s2_GIS_FE_AR1,DefGDP,GIS,2,FE_AR1,IT,1996,11.08007046953842,.0603306099365764,.0206637399543612
DefGDP_s2_GIS_FE_AR1,DefGDP,GIS,2,FE_AR1,IT,1997,11.05294901033137,.0993199347359255,.0504881534631828
DefGDP_s2_GIS_FE_AR1,DefGDP,GIS,2,FE_AR1,IT,1998,11.04892821599579,.0985987373249095,.0182088766199306
DefGDP_s2_GIS_FE_AR1,DefGDP,GIS,2,FE_AR1,IT,1999,11.0371945451371,.1054312703834022,.0256251490814596
DefGDP_s2_GIS_FE_AR1,DefGDP,GIS,2,FE_AR1,IT,2000,11.02470495690726,.1479796824659392,.062643287888095
DefGDP_s2_GIS_FE_AR1,DefGDP,GIS,2,FE_AR1,IT,2001,11.02055347043816,.1472678330719379,.0274926228663186
DefGDP_s2_GIS_FE_AR1,DefGDP,GIS,2,FE_AR1,IT,2002,11.01865549704572,.1264596779933775,.0072606408770664
DefGDP_s2_GIS_FE_AR1,DefGDP,GIS,2,FE_AR1,IT,2003,11.02900799273002,.0702336069517813,-.0321232454335324
DefGDP_s2_GIS_FE_AR1,DefGDP,GIS,2,FE_AR1,IT,2004,11.04564459524336,.0639573808628437,.0071100833422215
DefGDP_s2_GIS_FE_AR1,DefGDP,GIS,2,FE_AR1,IT,2005,11.04904773076562,.0547778452319765,.0030105444147768
DefGDP_s2_GIS_FE_AR1,DefGDP,GIS,2,FE_AR1,IT,2006,11.06994261098057,.0455186712069313,.0011813147676037
DefGDP_s2_GIS_FE_AR1,DefGDP,GIS,2,FE_AR1,IT,2007,11.12062042143695,.0261708671631524,-.0106720853370705
DefGDP_s2_GIS_FE_AR1,DefGDP,GIS,2,FE_AR1,IT,2008,11.13985098917171,-.0233281245714085,-.0445109049605435
DefGDP_s2_GIS_FE_AR1,DefGDP,GIS,2,FE_AR1,IT,2009,11.06806169278258,-.0770679819411768,-.0581861261506938
DefGDP_s2_GIS_FE_AR1,DefGDP,GIS,2,FE_AR1,IT,2010,11.06469217268705,.0167524305786468,.0791314922397097
DefGDP_s2_GIS_FE_AR1,DefGDP,GIS,2,FE_AR1,IT,2011,11.11103355073212,-.0173434961429226,-.0309029649873994
DefGDP_s2_GIS_FE_AR1,DefGDP,GIS,2,FE_AR1,IT,2012,11.12313325047666,-.0682627896071555,-.0542249104767076
DefGDP_s2_GIS_FE_AR1,DefGDP,GIS,2,FE_AR1,IT,2013,11.13677093485276,-.0690487754570626,-.0137966635578432
DefGDP_s2_GIS_FE_AR1,DefGDP,GIS,2,FE_AR1,IT,2014,11.14910081083506,-.0556665208519576,.00022177041204
DefGDP_s2_GIS_FE_AR1,DefGDP,GIS,2,FE_AR1,IT,2015,11.13381929618892,.0076122558335818,.0526689090534816
DefGDP_s2_GIS_FE_AR1,DefGDP,GIS,2,FE_AR1,IT,2016,11.12888278369468,.0427149266724189,.0365535433837632
DefGDP_s2_GIS_FE_AR1,DefGDP,GIS,2,FE_AR1,IT,2017,11.13299866865648,.0572329385070169,.0226593454579563
DefGDP_s2_GIS_FE_AR1,DefGDP,GIS,2,FE_AR1,IT,2018,11.1435774717024,.0518764144457027,.0055518979571564
DefGDP_s2_GIS_FE_AR1,DefGDP,GIS,2,FE_AR1,IT,2019,11.1381548240275,.046399781237195,.0044108518017096
DefGDP_s2_GIS_FE_AR1,DefGDP,GIS,2,FE_AR1,IT,2020,11.09676496560837,-.0050925193612681,-.0426486450304726
DefGDP_s2_GIS_FE_AR1,DefGDP,GIS,2,FE_AR1,IT,2021,11.21695230450374,.0155399976965587,.0196618985332662
DefGDP_s2_GIS_FE_AR1,DefGDP,GIS,2,FE_AR1,IT,2022,11.27072746344952,-.0106212720633216,-.023199394003329
DefGDP_s2_GIS_FE_AR1,DefGDP,GIS,2,FE_AR1,IT,2023,11.28855201575471,-.0317303582948121,-.0231334680134166
DefGDP_s2_GIS_FE_AR1,DefGDP,GIS,2,FE_AR1,IT,2024,11.30650390761497,-.0305955047759099,-.0049128551626057
DefGDP_s2_GIS_POOLED_AR1,DefGDP,GIS,2,POOLED_AR1,DE,1991,11.1070526368901,-.0924077119111963,
DefGDP_s2_GIS_POOLED_AR1,DefGDP,GIS,2,POOLED_AR1,DE,1992,11.10594913483573,-.0550886642698263,.0256079505104667
DefGDP_s2_GIS_POOLED_AR1,DefGDP,GIS,2,POOLED_AR1,DE,1993,11.08257570295947,-.0649366324614657,-.0168295142632016
DefGDP_s2_GIS_POOLED_AR1,DefGDP,GIS,2,POOLED_AR1,DE,1994,11.09419073411205,-.0248691199530491,.0318379048882127
DefGDP_s2_GIS_POOLED_AR1,DefGDP,GIS,2,POOLED_AR1,DE,1995,11.12442415210364,-.0310101556225444,-.0092927713126214
DefGDP_s2_GIS_POOLED_AR1,DefGDP,GIS,2,POOLED_AR1,DE,1996,11.12935769921496,-.0251568520735574,.0019232966585551
DefGDP_s2_GIS_POOLED_AR1,DefGDP,GIS,2,POOLED_AR1,DE,1997,11.12284331176765,.0240941113237518,.0460627626286946
DefGDP_s2_GIS_POOLED_AR1,DefGDP,GIS,2,POOLED_AR1,DE,1998,11.12844241075734,.0417602711144571,.0207196763442416
DefGDP_s2_GIS_POOLED_AR1,DefGDP,GIS,2,POOLED_AR1,DE,1999,11.12250168020224,.054493669176555,.0180257982429859
DefGDP_s2_GIS_POOLED_AR1,DefGDP,GIS,2,POOLED_AR1,DE,2000,11.12228091181505,.0980280418051507,.0504405132476735
DefGDP_s2_GIS_POOLED_AR1,DefGDP,GIS,2,POOLED_AR1,DE,2001,11.13511906311797,.0899727127219307,.0043680487430335
DefGDP_s2_GIS_POOLED_AR1,DefGDP,GIS,2,POOLED_AR1,DE,2002,11.14204135776519,.0716792846368133,-.0068909254581725
DefGDP_s2_GIS_POOLED_AR1,DefGDP,GIS,2,POOLED_AR1,DE,2003,11.16904045511432,.0696670058140754,.0070718446480617
DefGDP_s2_GIS_POOLED_AR1,DefGDP,GIS,2,POOLED_AR1,DE,2004,11.2070154608833,.0709001237567009,.0100622194865735
DefGDP_s2_GIS_POOLED_AR1,DefGDP,GIS,2,POOLED_AR1,DE,2005,11.21795893057395,.084722922198246,.0228081765959758
DefGDP_s2_GIS_POOLED_AR1,DefGDP,GIS,2,POOLED_AR1,DE,2006,11.24389089143085,.13598836071235,.0620026199739277
DefGDP_s2_GIS_POOLED_AR1,DefGDP,GIS,2,POOLED_AR1,DE,2007,11.29958336916665,.1030382158302494,-.0157159458305635
DefGDP_s2_GIS_POOLED_AR1,DefGDP,GIS,2,POOLED_AR1,DE,2008,11.31277086535423,.0355224387624649,-.0544574453676916
DefGDP_s2_GIS_POOLED_AR1,DefGDP,GIS,2,POOLED_AR1,DE,2009,11.19324292771531,-.0072819386192098,-.038302515772185
DefGDP_s2_GIS_POOLED_AR1,DefGDP,GIS,2,POOLED_AR1,DE,2010,11.22663068219348,.1320288243129166,.1383879017476314
DefGDP_s2_GIS_POOLED_AR1,DefGDP,GIS,2,POOLED_AR1,DE,2011,11.2899508353683,.1212345463329036,.0059381175487654
DefGDP_s2_GIS_POOLED_AR1,DefGDP,GIS,2,POOLED_AR1,DE,2012,11.28246940889268,.1121941984432251,.0063240575085424
DefGDP_s2_GIS_POOLED_AR1,DefGDP,GIS,2,POOLED_AR1,DE,2013,11.2838718366688,.0967488823788951,-.0012266201533748
DefGDP_s2_GIS_POOLED_AR1,DefGDP,GIS,2,POOLED_AR1,DE,2014,11.28763503625875,.1262009756754523,.0417133595416778
DefGDP_s2_GIS_POOLED_AR1,DefGDP,GIS,2,POOLED_AR1,DE,2015,11.24329013900261,.1844804618986871,.0742733016049023
DefGDP_s2_GIS_POOLED_AR1,DefGDP,GIS,2,POOLED_AR1,DE,2016,11.2354556957305,.2260588547072029,.0649581363750013
DefGDP_s2_GIS_POOLED_AR1,DefGDP,GIS,2,POOLED_AR1,DE,2017,11.24258940994024,.2251278398670635,.0277180789424333
DefGDP_s2_GIS_POOLED_AR1,DefGDP,GIS,2,POOLED_AR1,DE,2018,11.24577073872362,.199600700090981,.0030039637976895
DefGDP_s2_GIS_POOLED_AR1,DefGDP,GIS,2,POOLED_AR1,DE,2019,11.21912025571904,.2053313192254649,.0310265943059951
DefGDP_s2_GIS_POOLED_AR1,DefGDP,GIS,2,POOLED_AR1,DE,2020,11.17221201211635,.1962790467891544,.0169699607056248
DefGDP_s2_GIS_POOLED_AR1,DefGDP,GIS,2,POOLED_AR1,DE,2021,11.26780153519433,.1541213917185704,-.0172826426482669
DefGDP_s2_GIS_POOLED_AR1,DefGDP,GIS,2,POOLED_AR1,DE,2022,11.30268121770771,.1075698291372884,-.0270193119602439
DefGDP_s2_GIS_POOLED_AR1,DefGDP,GIS,2,POOLED_AR1,DE,2023,11.29622134167293,.1234775282619704,.0295403353119311
DefGDP_s2_GIS_POOLED_AR1,DefGDP,GIS,2,POOLED_AR1,DE,2024,11.26006158534349,.1635524722325918,.0557236089689438
DefGDP_s2_GIS_POOLED_AR1,DefGDP,GIS,2,POOLED_AR1,ES,1985,10.93467463441362,.0101016723542742,
DefGDP_s2_GIS_POOLED_AR1,DefGDP,GIS,2,POOLED_AR1,ES,1986,10.9466771701572,.0396252513388013,.0308037931969422
DefGDP_s2_GIS_POOLED_AR1,DefGDP,GIS,2,POOLED_AR1,ES,1987,10.9482389876608,.0291079278831976,-.0054955005182377
DefGDP_s2_GIS_POOLED_AR1,DefGDP,GIS,2,POOLED_AR1,ES,1988,10.96861687620852,.0209639702955844,-.0044550255313034
DefGDP_s2_GIS_POOLED_AR1,DefGDP,GIS,2,POOLED_AR1,ES,1989,10.96746023297604,.0183126225132639,5.47692747105e-06
DefGDP_s2_GIS_POOLED_AR1,DefGDP,GIS,2,POOLED_AR1,ES,1990,10.98842352569231,-.0720240615165118,-.0880158723081252
DefGDP_s2_GIS_POOLED_AR1,DefGDP,GIS,2,POOLED_AR1,ES,1991,11.00519603638009,-.0917507476787858,-.0288545042062118
DefGDP_s2_GIS_POOLED_AR1,DefGDP,GIS,2,POOLED_AR1,ES,1992,10.99850799147975,-.1302245498790526,-.0501016403500942
DefGDP_s2_GIS_POOLED_AR1,DefGDP,GIS,2,POOLED_AR1,ES,1993,10.99907808372856,-.1557360093138573,-.0420151940357365
DefGDP_s2_GIS_POOLED_AR1,DefGDP,GIS,2,POOLED_AR1,ES,1994,11.00718952080318,-.1325979794362766,.0034011540894803
DefGDP_s2_GIS_POOLED_AR1,DefGDP,GIS,2,POOLED_AR1,ES,1995,11.03141348883745,-.1191953931539462,-.0034019399246605
DefGDP_s2_GIS_POOLED_AR1,DefGDP,GIS,2,POOLED_AR1,ES,1996,11.04808554628804,-.1410167294327351,-.0369273138851119
DefGDP_s2_GIS_POOLED_AR1,DefGDP,GIS,2,POOLED_AR1,ES,1997,11.05515520679998,-.1432725792134786,-.0201273085725825
DefGDP_s2_GIS_POOLED_AR1,DefGDP,GIS,2,POOLED_AR1,ES,1998,11.06191440815477,-.15388912430757,-.0287738942661662
DefGDP_s2_GIS_POOLED_AR1,DefGDP,GIS,2,POOLED_AR1,ES,1999,11.05324829275513,-.1543760279580297,-.0199897183493837
DefGDP_s2_GIS_POOLED_AR1,DefGDP,GIS,2,POOLED_AR1,ES,2000,11.03536596923782,-.1222841303110194,.0125273762374019
DefGDP_s2_GIS_POOLED_AR1,DefGDP,GIS,2,POOLED_AR1,ES,2001,11.03325895556026,-.1041134221331621,.002673285960363
DefGDP_s2_GIS_POOLED_AR1,DefGDP,GIS,2,POOLED_AR1,ES,2002,11.01833149950609,-.0909540240139908,-.0000351975916708
DefGDP_s2_GIS_POOLED_AR1,DefGDP,GIS,2,POOLED_AR1,ES,2003,11.02732686733435,-.1064900708259522,-.0270629138628195
DefGDP_s2_GIS_POOLED_AR1,DefGDP,GIS,2,POOLED_AR1,ES,2004,11.01559419289226,-.1050548171161587,-.0120605415774871
DefGDP_s2_GIS_POOLED_AR1,DefGDP,GIS,2,POOLED_AR1,ES,2005,11.00072482694264,-.0900082040679386,.0017327116229912
DefGDP_s2_GIS_POOLED_AR1,DefGDP,GIS,2,POOLED_AR1,ES,2006,10.99300037889356,-.0599708496387557,.0186303538811034
DefGDP_s2_GIS_POOLED_AR1,DefGDP,GIS,2,POOLED_AR1,ES,2007,11.0032361153136,-.0503197945523972,.0020507755142682
DefGDP_s2_GIS_POOLED_AR1,DefGDP,GIS,2,POOLED_AR1,ES,2008,11.01581985989211,-.0605759689623095,-.0166333478018533
DefGDP_s2_GIS_POOLED_AR1,DefGDP,GIS,2,POOLED_AR1,ES,2009,10.98694071128141,-.0235079814979109,.02939101936678
DefGDP_s2_GIS_POOLED_AR1,DefGDP,GIS,2,POOLED_AR1,ES,2010,10.99650071364048,-.0027122016640782,.0178165452117475
DefGDP_s2_GIS_POOLED_AR1,DefGDP,GIS,2,POOLED_AR1,ES,2011,11.05279300060434,-.0156941922341396,-.0133257157469941
DefGDP_s2_GIS_POOLED_AR1,DefGDP,GIS,2,POOLED_AR1,ES,2012,11.05203447422256,-.0031634351102614,.0105417866597928
DefGDP_s2_GIS_POOLED_AR1,DefGDP,GIS,2,POOLED_AR1,ES,2013,11.07727418247026,.0139079812265432,.0166705050375488
DefGDP_s2_GIS_POOLED_AR1,DefGDP,GIS,2,POOLED_AR1,ES,2014,11.06824364997265,.059121105589746,.0469757231298009
DefGDP_s2_GIS_POOLED_AR1,DefGDP,GIS,2,POOLED_AR1,ES,2015,11.05831383593198,.0832250329981203,.0315965164545491
DefGDP_s2_GIS_POOLED_AR1,DefGDP,GIS,2,POOLED_AR1,ES,2016,11.0757637402664,.0523029392776984,-.0203747440998593
DefGDP_s2_GIS_POOLED_AR1,DefGDP,GIS,2,POOLED_AR1,ES,2017,11.06823948619617,.0754431234917305,.0297686872842251
DefGDP_s2_GIS_POOLED_AR1,DefGDP,GIS,2,POOLED_AR1,ES,2018,11.08060553825623,.0354539057627647,-.0304280920523615
DefGDP_s2_GIS_POOLED_AR1,DefGDP,GIS,2,POOLED_AR1,ES,2019,11.07912182981267,.0206788593188296,-.0102818702201082
DefGDP_s2_GIS_POOLED_AR1,DefGDP,GIS,2,POOLED_AR1,ES,2020,11.06765245007303,-.0269867652836293,-.045044932833012
DefGDP_s2_GIS_POOLED_AR1,DefGDP,GIS,2,POOLED_AR1,ES,2021,11.13631887154303,.0089768510369694,.0325435053477268
DefGDP_s2_GIS_POOLED_AR1,DefGDP,GIS,2,POOLED_AR1,ES,2022,11.17704928804348,-.0199855682917818,-.0278247569816451
DefGDP_s2_GIS_POOLED_AR1,DefGDP,GIS,2,POOLED_AR1,ES,2023,11.18018167683735,-.0196324961093541,-.0021797568059828
DefGDP_s2_GIS_POOLED_AR1,DefGDP,GIS,2,POOLED_AR1,ES,2024,11.18318354831779,-.0156738494006294,.0014705635812074
DefGDP_s2_GIS_POOLED_AR1,DefGDP,GIS,2,POOLED_AR1,IT,1981,11.0882255385137,-.1674929377949983,
DefGDP_s2_GIS_POOLED_AR1,DefGDP,GIS,2,POOLED_AR1,IT,1982,11.0505798351027,-.1470685200169974,-.0008024476284557
DefGDP_s2_GIS_POOLED_AR1,DefGDP,GIS,2,POOLED_AR1,IT,1983,11.03336643266205,-.1494453758875522,-.021015275621413
DefGDP_s2_GIS_POOLED_AR1,DefGDP,GIS,2,POOLED_AR1,IT,1984,11.02015978512924,-.0637511958411352,.0667545344628818
DefGDP_s2_GIS_POOLED_AR1,DefGDP,GIS,2,POOLED_AR1,IT,1985,11.00424563511599,-.0140564652257886,.0416153568134689
DefGDP_s2_GIS_POOLED_AR1,DefGDP,GIS,2,POOLED_AR1,IT,1986,11.03563039176895,-.0266376829470456,-.0143626342953907
DefGDP_s2_GIS_POOLED_AR1,DefGDP,GIS,2,POOLED_AR1,IT,1987,11.03813324954094,-.0024091421574379,.0208526700329023
DefGDP_s2_GIS_POOLED_AR1,DefGDP,GIS,2,POOLED_AR1,IT,1988,11.04492542349935,.0050069554174499,.0071107800075075
DefGDP_s2_GIS_POOLED_AR1,DefGDP,GIS,2,POOLED_AR1,IT,1989,11.05337781904359,.0224472489122096,.0180748394651243
DefGDP_s2_GIS_POOLED_AR1,DefGDP,GIS,2,POOLED_AR1,IT,1990,11.07003014203069,-.0510286925651897,-.0706311365699358
DefGDP_s2_GIS_POOLED_AR1,DefGDP,GIS,2,POOLED_AR1,IT,1991,11.05890250373115,-.066679729277153,-.0221180508034737
DefGDP_s2_GIS_POOLED_AR1,DefGDP,GIS,2,POOLED_AR1,IT,1992,11.05720126738807,-.046782803529366,.0114464104165827
DefGDP_s2_GIS_POOLED_AR1,DefGDP,GIS,2,POOLED_AR1,IT,1993,11.04749038378682,-.019013886009219,.0218399972508638
DefGDP_s2_GIS_POOLED_AR1,DefGDP,GIS,2,POOLED_AR1,IT,1994,11.06529585361789,.0162575750521103,.0328617761845533
DefGDP_s2_GIS_POOLED_AR1,DefGDP,GIS,2,POOLED_AR1,IT,1995,11.10687086856132,.0253613435277806,.0111641380769778
DefGDP_s2_GIS_POOLED_AR1,DefGDP,GIS,2,POOLED_AR1,IT,1996,11.09926447202934,.0411366074456616,.0189893804811119
DefGDP_s2_GIS_POOLED_AR1,DefGDP,GIS,2,POOLED_AR1,IT,1997,11.07409243343588,.0781765116314173,.0422532656625007
DefGDP_s2_GIS_POOLED_AR1,DefGDP,GIS,2,POOLED_AR1,IT,1998,11.06730852432714,.0802184289935646,.0119494532391372
DefGDP_s2_GIS_POOLED_AR1,DefGDP,GIS,2,POOLED_AR1,IT,1999,11.05008087992297,.0925449355975321,.0224928205858018
DefGDP_s2_GIS_POOLED_AR1,DefGDP,GIS,2,POOLED_AR1,IT,2000,11.0369258878977,.135758751475505,.054942303764324
DefGDP_s2_GIS_POOLED_AR1,DefGDP,GIS,2,POOLED_AR1,IT,2001,11.04609679440447,.1217245091056327,.0031708576376648
DefGDP_s2_GIS_POOLED_AR1,DefGDP,GIS,2,POOLED_AR1,IT,2002,11.04466066966548,.1004545053736177,-.0058435039316789
DefGDP_s2_GIS_POOLED_AR1,DefGDP,GIS,2,POOLED_AR1,IT,2003,11.05300763983852,.0462339598432813,-.0414896549440849
DefGDP_s2_GIS_POOLED_AR1,DefGDP,GIS,2,POOLED_AR1,IT,2004,11.06929268079816,.0403092953080417,-.0000653008168598
DefGDP_s2_GIS_POOLED_AR1,DefGDP,GIS,2,POOLED_AR1,IT,2005,11.0708530772145,.0329724987830957,-.0022282827129776
DefGDP_s2_GIS_POOLED_AR1,DefGDP,GIS,2,POOLED_AR1,IT,2006,11.08405803972433,.0314032424631723,.0026094440061761
DefGDP_s2_GIS_POOLED_AR1,DefGDP,GIS,2,POOLED_AR1,IT,2007,11.14341160200124,.0033796865988656,-.0240437319393843
DefGDP_s2_GIS_POOLED_AR1,DefGDP,GIS,2,POOLED_AR1,IT,2008,11.15322207868079,-.0366992140804889,-.0396505832022443
DefGDP_s2_GIS_POOLED_AR1,DefGDP,GIS,2,POOLED_AR1,IT,2009,11.07563377787273,-.0846400670313354,-.0525918507067204
DefGDP_s2_GIS_POOLED_AR1,DefGDP,GIS,2,POOLED_AR1,IT,2010,11.0734069614213,.0080376418444015,.0819510278913326
DefGDP_s2_GIS_POOLED_AR1,DefGDP,GIS,2,POOLED_AR1,IT,2011,11.11515015327083,-.0214600986816347,-.0284791068817613
DefGDP_s2_GIS_POOLED_AR1,DefGDP,GIS,2,POOLED_AR1,IT,2012,11.12665889001477,-.0717884291452666,-.053048030961583
DefGDP_s2_GIS_POOLED_AR1,DefGDP,GIS,2,POOLED_AR1,IT,2013,11.13896771236973,-.0712455529740286,-.008555079499422
DefGDP_s2_GIS_POOLED_AR1,DefGDP,GIS,2,POOLED_AR1,IT,2014,11.15226493131784,-.0588306413347386,.0033857562390828
DefGDP_s2_GIS_POOLED_AR1,DefGDP,GIS,2,POOLED_AR1,IT,2015,11.13684033873044,.0045912132920574,.0559660769574326
DefGDP_s2_GIS_POOLED_AR1,DefGDP,GIS,2,POOLED_AR1,IT,2016,11.13388141224374,.0377162981233585,.0337069425972812
DefGDP_s2_GIS_POOLED_AR1,DefGDP,GIS,2,POOLED_AR1,IT,2017,11.13839819380405,.0518334133594482,.0188970110002574
DefGDP_s2_GIS_POOLED_AR1,DefGDP,GIS,2,POOLED_AR1,IT,2018,11.15163437048037,.0438195156677299,-.0014448990018459
DefGDP_s2_GIS_POOLED_AR1,DefGDP,GIS,2,POOLED_AR1,IT,2019,11.14404994212269,.040504663142011,.0022385216851595
DefGDP_s2_GIS_POOLED_AR1,DefGDP,GIS,2,POOLED_AR1,IT,2020,11.10536044554725,-.0136879993001493,-.0490593890984109
DefGDP_s2_GIS_POOLED_AR1,DefGDP,GIS,2,POOLED_AR1,IT,2021,11.23546056534416,-.0029682631438632,.0089850163367343
DefGDP_s2_GIS_POOLED_AR1,DefGDP,GIS,2,POOLED_AR1,IT,2022,11.29266401179841,-.0325578204122134,-.0299657338586901
DefGDP_s2_GIS_POOLED_AR1,DefGDP,GIS,2,POOLED_AR1,IT,2023,11.30562111227016,-.0487994548102595,-.0203677813324529
DefGDP_s2_GIS_POOLED_AR1,DefGDP,GIS,2,POOLED_AR1,IT,2024,11.32275959547123,-.0468511926321682,-.0042362341523371
DefGDP_s3_FRUK_FE_AR1,DefGDP,FRUK,3,FE_AR1,FR,1981,10.86780826537286,-.0717470590083558,
DefGDP_s3_FRUK_FE_AR1,DefGDP,FRUK,3,FE_AR1,FR,1982,10.89738675967368,-.0938354074612846,-.0494193716874332
DefGDP_s3_FRUK_FE_AR1,DefGDP,FRUK,3,FE_AR1,FR,1983,10.93728335936494,-.1013348001559411,-.0432446585911286
DefGDP_s3_FRUK_FE_AR1,DefGDP,FRUK,3,FE_AR1,FR,1984,10.96230482064222,-.0913374609490241,-.0286047138361677
DefGDP_s3_FRUK_FE_AR1,DefGDP,FRUK,3,FE_AR1,FR,1985,10.98509348841635,-.0678386368035486,-.0112948845010028
DefGDP_s3_FRUK_FE_AR1,DefGDP,FRUK,3,FE_AR1,FR,1986,10.98656827588894,-.0467132161643367,-.004716744660678
DefGDP_s3_FRUK_FE_AR1,DefGDP,FRUK,3,FE_AR1,FR,1987,10.9699790909033,-.0059142045457019,.0230042753048129
DefGDP_s3_FRUK_FE_AR1,DefGDP,FRUK,3,FE_AR1,FR,1988,10.99978055669695,.0196807423246526,.0233420146375034
DefGDP_s3_FRUK_FE_AR1,DefGDP,FRUK,3,FE_AR1,FR,1989,11.02586695667853,.0213140456338738,.0091304026075316
DefGDP_s3_FRUK_FE_AR1,DefGDP,FRUK,3,FE_AR1,FR,1990,11.03730119381088,.0370520583311205,.0238572956963288
DefGDP_s3_FRUK_FE_AR1,DefGDP,FRUK,3,FE_AR1,FR,1991,11.06209490304009,.0227942067547122,-.0001433961390624
DefGDP_s3_FRUK_FE_AR1,DefGDP,FRUK,3,FE_AR1,FR,1992,11.08061917161755,.0329418689180514,.0188307915213325
DefGDP_s3_FRUK_FE_AR1,DefGDP,FRUK,3,FE_AR1,FR,1993,11.10165998864801,.020415071568392,.0000219398004223
DefGDP_s3_FRUK_FE_AR1,DefGDP,FRUK,3,FE_AR1,FR,1994,11.10547267407496,.040335734246737,.0276974942736974
DefGDP_s3_FRUK_FE_AR1,DefGDP,FRUK,3,FE_AR1,FR,1995,11.1451629695814,.0359983968652049,.0110279877637115
DefGDP_s3_FRUK_FE_AR1,DefGDP,FRUK,3,FE_AR1,FR,1996,11.16130336617081,.0125092137033889,-.0097761050966477
DefGDP_s3_FRUK_FE_AR1,DefGDP,FRUK,3,FE_AR1,FR,1997,11.18400436761214,.0420605132020615,.0343165068130642
DefGDP_s3_FRUK_FE_AR1,DefGDP,FRUK,3,FE_AR1,FR,1998,11.22125722207315,.0381677373567513,.0121295793490238
DefGDP_s3_FRUK_FE_AR1,DefGDP,FRUK,3,FE_AR1,FR,1999,11.23393620438787,.050476492562229,.0268482127236505
DefGDP_s3_FRUK_FE_AR1,DefGDP,FRUK,3,FE_AR1,FR,2000,11.27147420330303,.0559119581692649,.0246637686215734
DefGDP_s3_FRUK_FE_AR1,DefGDP,FRUK,3,FE_AR1,FR,2001,11.29145378900183,.0182050988373703,-.0164079928845208
DefGDP_s3_FRUK_FE_AR1,DefGDP,FRUK,3,FE_AR1,FR,2002,11.29802357642543,.0063026449566674,-.0049674800129563
DefGDP_s3_FRUK_FE_AR1,DefGDP,FRUK,3,FE_AR1,FR,2003,11.28740313463699,.0130299125953126,.0091281707297314
DefGDP_s3_FRUK_FE_AR1,DefGDP,FRUK,3,FE_AR1,FR,2004,11.28236724230102,.047035750110485,.0389693976778904
DefGDP_s3_FRUK_FE_AR1,DefGDP,FRUK,3,FE_AR1,FR,2005,11.3118835735665,.0239515047380969,-.0051666443321518
DefGDP_s3_FRUK_FE_AR1,DefGDP,FRUK,3,FE_AR1,FR,2006,11.23612463206175,.1037608518276461,.0889333326792864
DefGDP_s3_FRUK_FE_AR1,DefGDP,FRUK,3,FE_AR1,FR,2007,11.22536948874309,.145565432472111,.0813308036190273
DefGDP_s3_FRUK_FE_AR1,DefGDP,FRUK,3,FE_AR1,FR,2008,11.30745317265318,.0338903479477199,-.0562240002287601
DefGDP_s3_FRUK_FE_AR1,DefGDP,FRUK,3,FE_AR1,FR,2009,11.35265062253948,-.0419393150793823,-.0629196162602139
DefGDP_s3_FRUK_FE_AR1,DefGDP,FRUK,3,FE_AR1,FR,2010,11.37556049704065,-.0208830761345506,.0050800524541728
DefGDP_s3_FRUK_FE_AR1,DefGDP,FRUK,3,FE_AR1,FR,2011,11.46176240040625,-.0732627143193536,-.0603347494734044
DefGDP_s3_FRUK_FE_AR1,DefGDP,FRUK,3,FE_AR1,FR,2012,11.43743211285249,-.0481745800910893,-.0028202563728322
DefGDP_s3_FRUK_FE_AR1,DefGDP,FRUK,3,FE_AR1,FR,2013,11.44316810323715,-.0345188536245526,-.0046956956820522
DefGDP_s3_FRUK_FE_AR1,DefGDP,FRUK,3,FE_AR1,FR,2014,11.44244948582545,-.0250845089998535,-.0037151224542403
DefGDP_s3_FRUK_FE_AR1,DefGDP,FRUK,3,FE_AR1,FR,2015,11.43988083005835,.0218212795619444,.0373502010885707
DefGDP_s3_FRUK_FE_AR1,DefGDP,FRUK,3,FE_AR1,FR,2016,11.43500306427966,.0255272949069418,.0120185219056449
DefGDP_s3_FRUK_FE_AR1,DefGDP,FRUK,3,FE_AR1,FR,2017,11.44047684998966,.0315643170928404,.0157612826623373
DefGDP_s3_FRUK_FE_AR1,DefGDP,FRUK,3,FE_AR1,FR,2018,11.44887922521064,.026465814913557,.0069254761658808
DefGDP_s3_FRUK_FE_AR1,DefGDP,FRUK,3,FE_AR1,FR,2019,11.4532113662768,.0141540627366048,-.0022299758321089
DefGDP_s3_FRUK_FE_AR1,DefGDP,FRUK,3,FE_AR1,FR,2020,11.38485279562036,-.0602924794784627,-.0690547530203115
DefGDP_s3_FRUK_FE_AR1,DefGDP,FRUK,3,FE_AR1,FR,2021,11.40931756693104,-.0401267380233374,-.0028018223763041
DefGDP_s3_FRUK_FE_AR1,DefGDP,FRUK,3,FE_AR1,FR,2022,11.46627049884089,-.0389200921168911,-.0140790650954914
DefGDP_s3_FRUK_FE_AR1,DefGDP,FRUK,3,FE_AR1,FR,2023,11.44873612815285,-.0016226807933535,.0224713549438341
DefGDP_s3_FRUK_FE_AR1,DefGDP,FRUK,3,FE_AR1,FR,2024,11.43603025574059,.0149367366916007,.0159412802807495
DefGDP_s3_FRUK_FE_AR1,DefGDP,FRUK,3,FE_AR1,UK,1981,10.9164350151569,-.1745719215936958,
DefGDP_s3_FRUK_FE_AR1,DefGDP,FRUK,3,FE_AR1,UK,1982,10.88549629362957,-.1034740082744658,.0045972189198441
DefGDP_s3_FRUK_FE_AR1,DefGDP,FRUK,3,FE_AR1,UK,1983,10.8382366686888,.0075756665928957,.0716327208708589
DefGDP_s3_FRUK_FE_AR1,DefGDP,FRUK,3,FE_AR1,UK,1984,10.83429484141691,.0597426386648863,.0550528146769561
DefGDP_s3_FRUK_FE_AR1,DefGDP,FRUK,3,FE_AR1,UK,1985,10.84370323718782,.0787268897260844,.041742360843098
DefGDP_s3_FRUK_FE_AR1,DefGDP,FRUK,3,FE_AR1,UK,1986,10.89719235792064,.0707989115662624,.0220619124645907
DefGDP_s3_FRUK_FE_AR1,DefGDP,FRUK,3,FE_AR1,UK,1987,10.94259353117327,.0756948286152337,.0318657569802468
DefGDP_s3_FRUK_FE_AR1,DefGDP,FRUK,3,FE_AR1,UK,1988,11.01699172749612,.0423392404710849,-.0045207181409917
DefGDP_s3_FRUK_FE_AR1,DefGDP,FRUK,3,FE_AR1,UK,1989,11.02895630797973,.0315118514488688,.0053011433669892
DefGDP_s3_FRUK_FE_AR1,DefGDP,FRUK,3,FE_AR1,UK,1990,11.04398766032629,.0039774953234133,-.015530363822287
DefGDP_s3_FRUK_FE_AR1,DefGDP,FRUK,3,FE_AR1,UK,1991,11.02322237400949,.0718860352603059,.0694237102951185
DefGDP_s3_FRUK_FE_AR1,DefGDP,FRUK,3,FE_AR1,UK,1992,11.11027109738301,.0322602698548948,-.0122418011413566
DefGDP_s3_FRUK_FE_AR1,DefGDP,FRUK,3,FE_AR1,UK,1993,11.15210257812986,.0257962737239392,.005825095535545
DefGDP_s3_FRUK_FE_AR1,DefGDP,FRUK,3,FE_AR1,UK,1994,11.18549583682247,.0694044487173358,.053434899130347
DefGDP_s3_FRUK_FE_AR1,DefGDP,FRUK,3,FE_AR1,UK,1995,11.2701614533889,-.0650358863487988,-.1080016959541041
DefGDP_s3_FRUK_FE_AR1,DefGDP,FRUK,3,FE_AR1,UK,1996,11.26813193349679,-.0648092032574947,-.0245478142252841
DefGDP_s3_FRUK_FE_AR1,DefGDP,FRUK,3,FE_AR1,UK,1997,11.32387249667887,-.086315214419372,-.0461941567740063
DefGDP_s3_FRUK_FE_AR1,DefGDP,FRUK,3,FE_AR1,UK,1998,11.32906620878129,-.090028439790494,-.0365937805240843
DefGDP_s3_FRUK_FE_AR1,DefGDP,FRUK,3,FE_AR1,UK,1999,11.36243232751904,-.0975586842312435,-.0418253000665641
DefGDP_s3_FRUK_FE_AR1,DefGDP,FRUK,3,FE_AR1,UK,2000,11.38737368884881,-.082591903426513,-.0221968145022389
DefGDP_s3_FRUK_FE_AR1,DefGDP,FRUK,3,FE_AR1,UK,2001,11.41499049516005,-.0980187634473548,-.046889072726579
DefGDP_s3_FRUK_FE_AR1,DefGDP,FRUK,3,FE_AR1,UK,2002,11.43653998276876,-.0816070686920547,-.0209271611953674
DefGDP_s3_FRUK_FE_AR1,DefGDP,FRUK,3,FE_AR1,UK,2003,11.45289732031885,-.0560676898094474,-.0055476750168785
DefGDP_s3_FRUK_FE_AR1,DefGDP,FRUK,3,FE_AR1,UK,2004,11.47303019245012,-.0644156769769193,-.0297061773715961
DefGDP_s3_FRUK_FE_AR1,DefGDP,FRUK,3,FE_AR1,UK,2005,11.44499832417467,-.0039088806898704,.0359685589229575
DefGDP_s3_FRUK_FE_AR1,DefGDP,FRUK,3,FE_AR1,UK,2006,11.47871937617912,-.0306605809117162,-.028240732809834
DefGDP_s3_FRUK_FE_AR1,DefGDP,FRUK,3,FE_AR1,UK,2007,11.471466101958,-.0113345904705007,.0076462775601074
DefGDP_s3_FRUK_FE_AR1,DefGDP,FRUK,3,FE_AR1,UK,2008,11.45068559145576,.0260543047055393,.0330711439011512
DefGDP_s3_FRUK_FE_AR1,DefGDP,FRUK,3,FE_AR1,UK,2009,11.43923364352765,.0006613788278536,-.0154679085026457
DefGDP_s3_FRUK_FE_AR1,DefGDP,FRUK,3,FE_AR1,UK,2010,11.43013529777649,.0958915931698083,.0954821572140489
DefGDP_s3_FRUK_FE_AR1,DefGDP,FRUK,3,FE_AR1,UK,2011,11.47469250171695,.054955277694047,-.0044077748339429
DefGDP_s3_FRUK_FE_AR1,DefGDP,FRUK,3,FE_AR1,UK,2012,11.50285543107368,.0357179239349179,.0016970788472265
DefGDP_s3_FRUK_FE_AR1,DefGDP,FRUK,3,FE_AR1,UK,2013,11.50436711878256,.0853589654814453,.0632472774319566
DefGDP_s3_FRUK_FE_AR1,DefGDP,FRUK,3,FE_AR1,UK,2014,11.51239509452327,.0838106056940262,.0309679259125277
DefGDP_s3_FRUK_FE_AR1,DefGDP,FRUK,3,FE_AR1,UK,2015,11.53587418918883,.0604700605862725,.0085859149197512
DefGDP_s3_FRUK_FE_AR1,DefGDP,FRUK,3,FE_AR1,UK,2016,11.52343175155666,.0752424260400364,.0378075762863476
DefGDP_s3_FRUK_FE_AR1,DefGDP,FRUK,3,FE_AR1,UK,2017,11.54352121624133,.0604772249690662,.0138973325958273
DefGDP_s3_FRUK_FE_AR1,DefGDP,FRUK,3,FE_AR1,UK,2018,11.55658921980455,.034115959839049,-.0033233251275511
DefGDP_s3_FRUK_FE_AR1,DefGDP,FRUK,3,FE_AR1,UK,2019,11.59577767781768,.0057336441352209,-.0153863252908988
DefGDP_s3_FRUK_FE_AR1,DefGDP,FRUK,3,FE_AR1,UK,2020,11.5363926451638,.0011684068207956,-.0023810870057716
DefGDP_s3_FRUK_FE_AR1,DefGDP,FRUK,3,FE_AR1,UK,2021,11.51753136559339,.0956091237650138,.094885804929815
DefGDP_s3_FRUK_FE_AR1,DefGDP,FRUK,3,FE_AR1,UK,2022,11.57119912575811,.0145370667149933,-.0446511191165525
DefGDP_s3_FRUK_FE_AR1,DefGDP,FRUK,3,FE_AR1,UK,2023,11.57910745842603,.0392501668273688,.0302507892335805
DefGDP_s3_FRUK_FE_AR1,DefGDP,FRUK,3,FE_AR1,UK,2024,11.60014781146359,.0210768552719554,-.0032215179022122
DefGDP_s3_FRUK_POOLED_AR1,DefGDP,FRUK,3,POOLED_AR1,FR,1981,10.9723681312267,-.1763069248622031,
DefGDP_s3_FRUK_POOLED_AR1,DefGDP,FRUK,3,POOLED_AR1,FR,1982,11.00499212634235,-.2014407741299458,-.0636660624135989
DefGDP_s3_FRUK_POOLED_AR1,DefGDP,FRUK,3,POOLED_AR1,FR,1983,11.02947849316245,-.193529933953446,-.0361144234432241
DefGDP_s3_FRUK_POOLED_AR1,DefGDP,FRUK,3,POOLED_AR1,FR,1984,11.04980629450609,-.1788389348128874,-.0276053353399274
DefGDP_s3_FRUK_POOLED_AR1,DefGDP,FRUK,3,POOLED_AR1,FR,1985,11.06335884414174,-.1461039925289391,-.0063506464436297
DefGDP_s3_FRUK_POOLED_AR1,DefGDP,FRUK,3,POOLED_AR1,FR,1986,11.06678240023454,-.1269273405099423,-.0127546529254102
DefGDP_s3_FRUK_POOLED_AR1,DefGDP,FRUK,3,POOLED_AR1,FR,1987,11.04220873822429,-.0781438518666899,.0210432774043105
DefGDP_s3_FRUK_POOLED_AR1,DefGDP,FRUK,3,POOLED_AR1,FR,1988,11.06819447978557,-.0487331807639677,.0123321839218082
DefGDP_s3_FRUK_POOLED_AR1,DefGDP,FRUK,3,POOLED_AR1,FR,1989,11.0861908242421,-.0390098219296995,-.0009273703412329
DefGDP_s3_FRUK_POOLED_AR1,DefGDP,FRUK,3,POOLED_AR1,FR,1990,11.08117829995106,-.0068250478090643,.0236591034780788
DefGDP_s3_FRUK_POOLED_AR1,DefGDP,FRUK,3,POOLED_AR1,FR,1991,11.10019622572244,-.0153071159276408,-.0099736952745436
DefGDP_s3_FRUK_POOLED_AR1,DefGDP,FRUK,3,POOLED_AR1,FR,1992,11.12412757203454,-.0105665314989398,.0013951851822835
DefGDP_s3_FRUK_POOLED_AR1,DefGDP,FRUK,3,POOLED_AR1,FR,1993,11.15234669019809,-.0302716299816908,-.0220144340023159
DefGDP_s3_FRUK_POOLED_AR1,DefGDP,FRUK,3,POOLED_AR1,FR,1994,11.15097270917831,-.0051643008566096,.0184914069221464
DefGDP_s3_FRUK_POOLED_AR1,DefGDP,FRUK,3,POOLED_AR1,FR,1995,11.17788710326568,.0032742631809182,.0073098962809338
DefGDP_s3_FRUK_POOLED_AR1,DefGDP,FRUK,3,POOLED_AR1,FR,1996,11.19493909217237,-.0211265122981743,-.0236851790447416
DefGDP_s3_FRUK_POOLED_AR1,DefGDP,FRUK,3,POOLED_AR1,FR,1997,11.21876529882962,.0072995819845829,.0238088549114844
DefGDP_s3_FRUK_POOLED_AR1,DefGDP,FRUK,3,POOLED_AR1,FR,1998,11.25068996563717,.0087349937927321,.0030307493090751
DefGDP_s3_FRUK_POOLED_AR1,DefGDP,FRUK,3,POOLED_AR1,FR,1999,11.2655931406207,.0188195563294027,.0119936120133848
DefGDP_s3_FRUK_POOLED_AR1,DefGDP,FRUK,3,POOLED_AR1,FR,2000,11.29683108501943,.0305550764528668,.0158485698880253
DefGDP_s3_FRUK_POOLED_AR1,DefGDP,FRUK,3,POOLED_AR1,FR,2001,11.30994414550598,-.0002852576667838,-.0241624641523196
DefGDP_s3_FRUK_POOLED_AR1,DefGDP,FRUK,3,POOLED_AR1,FR,2002,11.31547204329549,-.0111458219133933,-.0109229078512444
DefGDP_s3_FRUK_POOLED_AR1,DefGDP,FRUK,3,POOLED_AR1,FR,2003,11.29947650362517,.000956543607133,.0096664249811046
DefGDP_s3_FRUK_POOLED_AR1,DefGDP,FRUK,3,POOLED_AR1,FR,2004,11.28815712725919,.0412458651523107,.0404983759665066
DefGDP_s3_FRUK_POOLED_AR1,DefGDP,FRUK,3,POOLED_AR1,FR,2005,11.31433231039256,.0215027679120396,-.0107287351063036
DefGDP_s3_FRUK_POOLED_AR1,DefGDP,FRUK,3,POOLED_AR1,FR,2006,11.27760566935282,.062279814536577,.0454765173745386
DefGDP_s3_FRUK_POOLED_AR1,DefGDP,FRUK,3,POOLED_AR1,FR,2007,11.27522985281607,.095705068399127,.0470366255672256
DefGDP_s3_FRUK_POOLED_AR1,DefGDP,FRUK,3,POOLED_AR1,FR,2008,11.3118100591545,.0295334614464018,-.0452550825588244
DefGDP_s3_FRUK_POOLED_AR1,DefGDP,FRUK,3,POOLED_AR1,FR,2009,11.36425501458151,-.0535437071214062,-.0766225744996674
DefGDP_s3_FRUK_POOLED_AR1,DefGDP,FRUK,3,POOLED_AR1,FR,2010,11.38858032668693,-.0339029057808258,.0079387224969171
DefGDP_s3_FRUK_POOLED_AR1,DefGDP,FRUK,3,POOLED_AR1,FR,2011,11.46982909919688,-.081329413109982,-.0548360517519386
DefGDP_s3_FRUK_POOLED_AR1,DefGDP,FRUK,3,POOLED_AR1,FR,2012,11.47207380697849,-.0828162742170875,-.0192615587455024
DefGDP_s3_FRUK_POOLED_AR1,DefGDP,FRUK,3,POOLED_AR1,FR,2013,11.47918849623494,-.0705392466223405,-.0058226263614011
DefGDP_s3_FRUK_POOLED_AR1,DefGDP,FRUK,3,POOLED_AR1,FR,2014,11.48186605643954,-.0645010796139385,-.0093783192590801
DefGDP_s3_FRUK_POOLED_AR1,DefGDP,FRUK,3,POOLED_AR1,FR,2015,11.50129900028484,-.0395968906645408,.0108073555450115
DefGDP_s3_FRUK_POOLED_AR1,DefGDP,FRUK,3,POOLED_AR1,FR,2016,11.49861818247143,-.0380878232848278,-.0071449082493881
DefGDP_s3_FRUK_POOLED_AR1,DefGDP,FRUK,3,POOLED_AR1,FR,2017,11.49357554605944,-.0215343789769449,.00822927821957
DefGDP_s3_FRUK_POOLED_AR1,DefGDP,FRUK,3,POOLED_AR1,FR,2018,11.48969202555309,-.014346985428892,.0024810141398032
DefGDP_s3_FRUK_POOLED_AR1,DefGDP,FRUK,3,POOLED_AR1,FR,2019,11.49323116030868,-.0258657312952781,-.0146543067695023
DefGDP_s3_FRUK_POOLED_AR1,DefGDP,FRUK,3,POOLED_AR1,FR,2020,11.42944511589951,-.1048847997576132,-.0846720731427926
DefGDP_s3_FRUK_POOLED_AR1,DefGDP,FRUK,3,POOLED_AR1,FR,2021,11.40372467516984,-.0345338462621392,.0474281813855329
DefGDP_s3_FRUK_POOLED_AR1,DefGDP,FRUK,3,POOLED_AR1,FR,2022,11.44372041384808,-.0163700071240758,.0106164014752547
DefGDP_s3_FRUK_POOLED_AR1,DefGDP,FRUK,3,POOLED_AR1,FR,2023,11.42776524943118,.0193481979283163,.0321405089171038
DefGDP_s3_FRUK_POOLED_AR1,DefGDP,FRUK,3,POOLED_AR1,FR,2024,11.41182926785638,.0391377245758111,.0240181120371202
DefGDP_s3_FRUK_POOLED_AR1,DefGDP,FRUK,3,POOLED_AR1,UK,1981,10.86894596159797,-.1270828680347691,
DefGDP_s3_FRUK_POOLED_AR1,DefGDP,FRUK,3,POOLED_AR1,UK,1982,10.8521362226087,-.0701139372536019,.0291947287064067
DefGDP_s3_FRUK_POOLED_AR1,DefGDP,FRUK,3,POOLED_AR1,UK,1983,10.81686421444456,.0289481208371356,.0837385239932396
DefGDP_s3_FRUK_POOLED_AR1,DefGDP,FRUK,3,POOLED_AR1,UK,1984,10.81178732374612,.0822501563356841,.0596287022652697
DefGDP_s3_FRUK_POOLED_AR1,DefGDP,FRUK,3,POOLED_AR1,UK,1985,10.81318527200137,.1092448549125287,.0449706263952419
DefGDP_s3_FRUK_POOLED_AR1,DefGDP,FRUK,3,POOLED_AR1,UK,1986,10.87199922402841,.0959920454584875,.010622860987535
DefGDP_s3_FRUK_POOLED_AR1,DefGDP,FRUK,3,POOLED_AR1,UK,1987,10.9143808394594,.1039075203291038,.0288947186456639
DefGDP_s3_FRUK_POOLED_AR1,DefGDP,FRUK,3,POOLED_AR1,UK,1988,10.99258844867357,.0667425192936353,-.0144558151999849
DefGDP_s3_FRUK_POOLED_AR1,DefGDP,FRUK,3,POOLED_AR1,UK,1989,11.01000694724827,.0504612121803305,-.0016946028115663
DefGDP_s3_FRUK_POOLED_AR1,DefGDP,FRUK,3,POOLED_AR1,UK,1990,11.02435051937363,.0236146362760756,-.0158181821820545
DefGDP_s3_FRUK_POOLED_AR1,DefGDP,FRUK,3,POOLED_AR1,UK,1991,11.01530354497092,.0798048642988789,.061351251613129
DefGDP_s3_FRUK_POOLED_AR1,DefGDP,FRUK,3,POOLED_AR1,UK,1992,11.10277461140635,.0397567558315508,-.0226066038659409
DefGDP_s3_FRUK_POOLED_AR1,DefGDP,FRUK,3,POOLED_AR1,UK,1993,11.14684497220694,.031053879646862,-.000013961719835
DefGDP_s3_FRUK_POOLED_AR1,DefGDP,FRUK,3,POOLED_AR1,UK,1994,11.17536104759034,.0795392379494633,.0552722426549536
DefGDP_s3_FRUK_POOLED_AR1,DefGDP,FRUK,3,POOLED_AR1,UK,1995,11.24622504634051,-.0410994793004065,-.1032552657914368
DefGDP_s3_FRUK_POOLED_AR1,DefGDP,FRUK,3,POOLED_AR1,UK,1996,11.24180046867692,-.0384777384376207,-.0063606283653356
DefGDP_s3_FRUK_POOLED_AR1,DefGDP,FRUK,3,POOLED_AR1,UK,1997,11.30290973422676,-.0653524519672626,-.0352840963148484
DefGDP_s3_FRUK_POOLED_AR1,DefGDP,FRUK,3,POOLED_AR1,UK,1998,11.31902122933005,-.0799834603392551,-.028913910820521
DefGDP_s3_FRUK_POOLED_AR1,DefGDP,FRUK,3,POOLED_AR1,UK,1999,11.35379574166826,-.0889220983804613,-.0264191751462807
DefGDP_s3_FRUK_POOLED_AR1,DefGDP,FRUK,3,POOLED_AR1,UK,2000,11.37337947478284,-.0685976893605424,.0008903156010092
DefGDP_s3_FRUK_POOLED_AR1,DefGDP,FRUK,3,POOLED_AR1,UK,2001,11.39946502064108,-.0824932889283829,-.0288877548097263
DefGDP_s3_FRUK_POOLED_AR1,DefGDP,FRUK,3,POOLED_AR1,UK,2002,11.40824991122646,-.0533169971497642,.0111472268705018
DefGDP_s3_FRUK_POOLED_AR1,DefGDP,FRUK,3,POOLED_AR1,UK,2003,11.41876889194007,-.0219392614306706,.0197252047701397
DefGDP_s3_FRUK_POOLED_AR1,DefGDP,FRUK,3,POOLED_AR1,UK,2004,11.43397375246132,-.0253592369881215,-.0082148427946282
DefGDP_s3_FRUK_POOLED_AR1,DefGDP,FRUK,3,POOLED_AR1,UK,2005,11.3783892809814,.0627001625034005,.0825170901034688
DefGDP_s3_FRUK_POOLED_AR1,DefGDP,FRUK,3,POOLED_AR1,UK,2006,11.42442899905661,.023629796210793,-.0253671267417554
DefGDP_s3_FRUK_POOLED_AR1,DefGDP,FRUK,3,POOLED_AR1,UK,2007,11.41338779519963,.0467437162878674,.0282782568999137
DefGDP_s3_FRUK_POOLED_AR1,DefGDP,FRUK,3,POOLED_AR1,UK,2008,11.39557936064653,.0811605355147726,.0446327471641729
DefGDP_s3_FRUK_POOLED_AR1,DefGDP,FRUK,3,POOLED_AR1,UK,2009,11.37746400833022,.0624310140252806,-.0009917323701408
DefGDP_s3_FRUK_POOLED_AR1,DefGDP,FRUK,3,POOLED_AR1,UK,2010,11.37159776396088,.1544291269854199,.1056425296001221
DefGDP_s3_FRUK_POOLED_AR1,DefGDP,FRUK,3,POOLED_AR1,UK,2011,11.42168861257936,.1079591668316358,-.0127191812687151
DefGDP_s3_FRUK_POOLED_AR1,DefGDP,FRUK,3,POOLED_AR1,UK,2012,11.45982867748564,.0787446775229643,-.0056198084380425
DefGDP_s3_FRUK_POOLED_AR1,DefGDP,FRUK,3,POOLED_AR1,UK,2013,11.45135112444767,.1383749598163355,.0768400810621265
DefGDP_s3_FRUK_POOLED_AR1,DefGDP,FRUK,3,POOLED_AR1,UK,2014,11.4649153057886,.1312903944287029,.023157544783931
DefGDP_s3_FRUK_POOLED_AR1,DefGDP,FRUK,3,POOLED_AR1,UK,2015,11.48735049864688,.1089937511282191,.0063971216556245
DefGDP_s3_FRUK_POOLED_AR1,DefGDP,FRUK,3,POOLED_AR1,UK,2016,11.48006425301695,.1186099245797525,.0334369646843303
DefGDP_s3_FRUK_POOLED_AR1,DefGDP,FRUK,3,POOLED_AR1,UK,2017,11.48740869916739,.1165897420430149,.0239022416601167
DefGDP_s3_FRUK_POOLED_AR1,DefGDP,FRUK,3,POOLED_AR1,UK,2018,11.4869310788392,.1037741008043991,.0126652682295349
DefGDP_s3_FRUK_POOLED_AR1,DefGDP,FRUK,3,POOLED_AR1,UK,2019,11.52018966406514,.0813216578877594,.0002275838284238
DefGDP_s3_FRUK_POOLED_AR1,DefGDP,FRUK,3,POOLED_AR1,UK,2020,11.44258568007138,.0949753719132236,.0314267167453211
DefGDP_s3_FRUK_POOLED_AR1,DefGDP,FRUK,3,POOLED_AR1,UK,2021,11.43018296842769,.1829575209307084,.1087391968590688
DefGDP_s3_FRUK_POOLED_AR1,DefGDP,FRUK,3,POOLED_AR1,UK,2022,11.47784137372254,.1078948187505624,-.035076988637417
DefGDP_s3_FRUK_POOLED_AR1,DefGDP,FRUK,3,POOLED_AR1,UK,2023,11.47963215568871,.1387254695646885,.0544112682894721
DefGDP_s3_FRUK_POOLED_AR1,DefGDP,FRUK,3,POOLED_AR1,UK,2024,11.49705302787113,.1241716388644196,.0157648840422371
DefGDP_s3_GIS_FE_AR1,DefGDP,GIS,3,FE_AR1,DE,1991,11.16772982965045,-.1530849046715481,
DefGDP_s3_GIS_FE_AR1,DefGDP,GIS,3,FE_AR1,DE,1992,11.17267742748155,-.121816956915648,-.0009253749822592
DefGDP_s3_GIS_FE_AR1,DefGDP,GIS,3,FE_AR1,DE,1993,11.15959483131915,-.1419557608211512,-.0457565656134921
DefGDP_s3_GIS_FE_AR1,DefGDP,GIS,3,FE_AR1,DE,1994,11.17155090790259,-.1022292937435871,.0098735718331799
DefGDP_s3_GIS_FE_AR1,DefGDP,GIS,3,FE_AR1,DE,1995,11.1977471650676,-.1043331685864963,-.023602406352875
DefGDP_s3_GIS_FE_AR1,DefGDP,GIS,3,FE_AR1,DE,1996,11.2012671042216,-.0970662570801988,-.0146740589362579
DefGDP_s3_GIS_FE_AR1,DefGDP,GIS,3,FE_AR1,DE,1997,11.19536040832284,-.0484229852314453,.0282305123551079
DefGDP_s3_GIS_FE_AR1,DefGDP,GIS,3,FE_AR1,DE,1998,11.2005338753479,-.0303311934761012,.0079085748349969
DefGDP_s3_GIS_FE_AR1,DefGDP,GIS,3,FE_AR1,DE,1999,11.1958499983892,-.018854649010402,.0050979802127134
DefGDP_s3_GIS_FE_AR1,DefGDP,GIS,3,FE_AR1,DE,2000,11.19645770914892,.0238512444712811,.0387408140898977
DefGDP_s3_GIS_FE_AR1,DefGDP,GIS,3,FE_AR1,DE,2001,11.20835784329297,.0167339325469342,-.0021014626306614
DefGDP_s3_GIS_FE_AR1,DefGDP,GIS,3,FE_AR1,DE,2002,11.22104254553749,-.0073219031354892,-.0205367369684261
DefGDP_s3_GIS_FE_AR1,DefGDP,GIS,3,FE_AR1,DE,2003,11.2434954531578,-.0047879922294012,.0009941353730001
DefGDP_s3_GIS_FE_AR1,DefGDP,GIS,3,FE_AR1,DE,2004,11.27871029984864,-.0007947152086398,.0029863757887971
DefGDP_s3_GIS_FE_AR1,DefGDP,GIS,3,FE_AR1,DE,2005,11.29012302214254,.0125588306296631,.0131864194762912
DefGDP_s3_GIS_FE_AR1,DefGDP,GIS,3,FE_AR1,DE,2006,11.31204083107288,.0678384210703218,.057920677022919
DefGDP_s3_GIS_FE_AR1,DefGDP,GIS,3,FE_AR1,DE,2007,11.36305407957284,.0395675054240563,-.0140046874492412
DefGDP_s3_GIS_FE_AR1,DefGDP,GIS,3,FE_AR1,DE,2008,11.37482998062046,-.0265366765037633,-.0577832473798083
DefGDP_s3_GIS_FE_AR1,DefGDP,GIS,3,FE_AR1,DE,2009,11.26204688033491,-.0760858912388045,-.0551298027944369
DefGDP_s3_GIS_FE_AR1,DefGDP,GIS,3,FE_AR1,DE,2010,11.2953750130236,.0632844934828007,.1233697368606893
DefGDP_s3_GIS_FE_AR1,DefGDP,GIS,3,FE_AR1,DE,2011,11.36789970457439,.0432856771268089,-.0066902662583584
DefGDP_s3_GIS_FE_AR1,DefGDP,GIS,3,FE_AR1,DE,2012,11.36086755478409,.0337960525518124,-.0003867690277891
DefGDP_s3_GIS_FE_AR1,DefGDP,GIS,3,FE_AR1,DE,2013,11.36539180810291,.0152289109447921,-.0114599272842844
DefGDP_s3_GIS_FE_AR1,DefGDP,GIS,3,FE_AR1,DE,2014,11.36801962860671,.0458163833274927,.0337900693079055
DefGDP_s3_GIS_FE_AR1,DefGDP,GIS,3,FE_AR1,DE,2015,11.33217558079883,.0955950201024649,.0594136926828153
DefGDP_s3_GIS_FE_AR1,DefGDP,GIS,3,FE_AR1,DE,2016,11.32861617624512,.1328983741925835,.0574067166059883
DefGDP_s3_GIS_FE_AR1,DefGDP,GIS,3,FE_AR1,DE,2017,11.33180418831305,.1359130614942536,.0309628397399404
DefGDP_s3_GIS_FE_AR1,DefGDP,GIS,3,FE_AR1,DE,2018,11.33678839856152,.1085830402530803,.0012521114152349
DefGDP_s3_GIS_FE_AR1,DefGDP,GIS,3,FE_AR1,DE,2019,11.31085009024278,.113601484701725,.0278531508898713
DefGDP_s3_GIS_FE_AR1,DefGDP,GIS,3,FE_AR1,DE,2020,11.26704413674247,.1014469221630261,.0117355085847958
DefGDP_s3_GIS_FE_AR1,DefGDP,GIS,3,FE_AR1,DE,2021,11.35563242352609,.0662905033868082,-.0138224177981697
DefGDP_s3_GIS_FE_AR1,DefGDP,GIS,3,FE_AR1,DE,2022,11.39131808473778,.0189329621072236,-.0334168357960138
DefGDP_s3_GIS_FE_AR1,DefGDP,GIS,3,FE_AR1,DE,2023,11.38488725829876,.0348116116361403,.0198601979436016
DefGDP_s3_GIS_FE_AR1,DefGDP,GIS,3,FE_AR1,DE,2024,11.35243926860823,.0711747889678556,.0436839608592763
DefGDP_s3_GIS_FE_AR1,DefGDP,GIS,3,FE_AR1,ES,1985,10.85555632310269,.0892199836652061,
DefGDP_s3_GIS_FE_AR1,DefGDP,GIS,3,FE_AR1,ES,1986,10.8706006940256,.1157017274703964,.0452444541781688
DefGDP_s3_GIS_FE_AR1,DefGDP,GIS,3,FE_AR1,ES,1987,10.86847418756288,.1088727279811241,.0175027467518665
DefGDP_s3_GIS_FE_AR1,DefGDP,GIS,3,FE_AR1,ES,1988,10.88786999912039,.1017108473837069,.0157337463541772
DefGDP_s3_GIS_FE_AR1,DefGDP,GIS,3,FE_AR1,ES,1989,10.88759798492173,.0981748705675667,.0178535268897984
DefGDP_s3_GIS_FE_AR1,DefGDP,GIS,3,FE_AR1,ES,1990,10.91406578933885,.0023336748369545,-.0751952979542124
DefGDP_s3_GIS_FE_AR1,DefGDP,GIS,3,FE_AR1,ES,1991,10.93174313854607,-.0182978498447657,-.0201407594599421
DefGDP_s3_GIS_FE_AR1,DefGDP,GIS,3,FE_AR1,ES,1992,10.93431290608582,-.0660294644851227,-.0515796007414739
DefGDP_s3_GIS_FE_AR1,DefGDP,GIS,3,FE_AR1,ES,1993,10.93745070869637,-.0941086342816746,-.0419649795369584
DefGDP_s3_GIS_FE_AR1,DefGDP,GIS,3,FE_AR1,ES,1994,10.95126691890135,-.0766753775344533,-.0023575230319978
DefGDP_s3_GIS_FE_AR1,DefGDP,GIS,3,FE_AR1,ES,1995,10.97310319278136,-.0608850970978594,-.0003343347260377
DefGDP_s3_GIS_FE_AR1,DefGDP,GIS,3,FE_AR1,ES,1996,10.98727419286691,-.0802053760116088,-.0321242427338337
DefGDP_s3_GIS_FE_AR1,DefGDP,GIS,3,FE_AR1,ES,1997,10.9847956670669,-.0729130394804027,-.0095746273331745
DefGDP_s3_GIS_FE_AR1,DefGDP,GIS,3,FE_AR1,ES,1998,10.98559389757346,-.0775686137262568,-.0199889803504536
DefGDP_s3_GIS_FE_AR1,DefGDP,GIS,3,FE_AR1,ES,1999,10.98282255684638,-.0839502920492787,-.0226941385319423
DefGDP_s3_GIS_FE_AR1,DefGDP,GIS,3,FE_AR1,ES,2000,10.97626618113129,-.0631843422044867,.0031114407231787
DefGDP_s3_GIS_FE_AR1,DefGDP,GIS,3,FE_AR1,ES,2001,10.96920024264898,-.0400547092218755,.0098421444157166
DefGDP_s3_GIS_FE_AR1,DefGDP,GIS,3,FE_AR1,ES,2002,10.97423376441805,-.0468562889259445,-.0152249718336173
DefGDP_s3_GIS_FE_AR1,DefGDP,GIS,3,FE_AR1,ES,2003,10.98738079824476,-.0665440017363643,-.0295414579261897
DefGDP_s3_GIS_FE_AR1,DefGDP,GIS,3,FE_AR1,ES,2004,10.99410738612752,-.0835680103514154,-.0310180240849876
DefGDP_s3_GIS_FE_AR1,DefGDP,GIS,3,FE_AR1,ES,2005,10.98691944950307,-.0762028266283661,-.0102089326380721
DefGDP_s3_GIS_FE_AR1,DefGDP,GIS,3,FE_AR1,ES,2006,10.99539358586139,-.0623640566065884,-.00218646902103
DefGDP_s3_GIS_FE_AR1,DefGDP,GIS,3,FE_AR1,ES,2007,11.01051350466003,-.0575971838988263,-.0083481121165377
DefGDP_s3_GIS_FE_AR1,DefGDP,GIS,3,FE_AR1,ES,2008,11.02095930980381,-.0657154188740066,-.0202307599432195
DefGDP_s3_GIS_FE_AR1,DefGDP,GIS,3,FE_AR1,ES,2009,10.99093698416076,-.0275042543772557,.0243913976606716
DefGDP_s3_GIS_FE_AR1,DefGDP,GIS,3,FE_AR1,ES,2010,11.00305436897673,-.0092658570003294,.0124543304257189
DefGDP_s3_GIS_FE_AR1,DefGDP,GIS,3,FE_AR1,ES,2011,11.05997617144622,-.0228773630760202,-.0155600896117177
DefGDP_s3_GIS_FE_AR1,DefGDP,GIS,3,FE_AR1,ES,2012,11.05031986248732,-.0014488233750178,.0166174949119386
DefGDP_s3_GIS_FE_AR1,DefGDP,GIS,3,FE_AR1,ES,2013,11.07165780437631,.0195243593204903,.0206684992350284
DefGDP_s3_GIS_FE_AR1,DefGDP,GIS,3,FE_AR1,ES,2014,11.06633156339409,.0610331921683116,.0456147504247955
DefGDP_s3_GIS_FE_AR1,DefGDP,GIS,3,FE_AR1,ES,2015,11.05499171208905,.0865471568410499,.0383490724675288
DefGDP_s3_GIS_FE_AR1,DefGDP,GIS,3,FE_AR1,ES,2016,11.0730534035997,.0550132759444022,-.0133332584496988
DefGDP_s3_GIS_FE_AR1,DefGDP,GIS,3,FE_AR1,ES,2017,11.06367601172641,.0800065979614875,.0365624584460588
DefGDP_s3_GIS_FE_AR1,DefGDP,GIS,3,FE_AR1,ES,2018,11.07485954409665,.0411998999223506,-.0219815366368249
DefGDP_s3_GIS_FE_AR1,DefGDP,GIS,3,FE_AR1,ES,2019,11.06905589498915,.030744794142354,-.001790883283168
DefGDP_s3_GIS_FE_AR1,DefGDP,GIS,3,FE_AR1,ES,2020,11.05446417964484,-.013798494855445,-.038077745693796
DefGDP_s3_GIS_FE_AR1,DefGDP,GIS,3,FE_AR1,ES,2021,11.12166162904033,.023634093539675,.034530803930249
DefGDP_s3_GIS_FE_AR1,DefGDP,GIS,3,FE_AR1,ES,2022,11.15767491184808,-.0006111920963754,-.0192751025694766
DefGDP_s3_GIS_FE_AR1,DefGDP,GIS,3,FE_AR1,ES,2023,11.16054797297388,1.20775411894e-06,.00048386788024
DefGDP_s3_GIS_FE_AR1,DefGDP,GIS,3,FE_AR1,ES,2024,11.16341490859456,.0040947903225952,.0040938365557536
DefGDP_s3_GIS_FE_AR1,DefGDP,GIS,3,FE_AR1,IT,1981,11.02896529167208,-.1082326909533791,
DefGDP_s3_GIS_FE_AR1,DefGDP,GIS,3,FE_AR1,IT,1982,11.00194328297575,-.0984319678900523,-.0129603059104802
DefGDP_s3_GIS_FE_AR1,DefGDP,GIS,3,FE_AR1,IT,1983,10.99295275199293,-.109031695218432,-.0312996919449795
DefGDP_s3_GIS_FE_AR1,DefGDP,GIS,3,FE_AR1,IT,1984,10.97970248227933,-.0232938929912336,.0628087449149396
DefGDP_s3_GIS_FE_AR1,DefGDP,GIS,3,FE_AR1,IT,1985,10.96705936051223,.0231298093779735,.0415250625163497
DefGDP_s3_GIS_FE_AR1,DefGDP,GIS,3,FE_AR1,IT,1986,11.00356824146684,.0054244673550574,-.0128412084901237
DefGDP_s3_GIS_FE_AR1,DefGDP,GIS,3,FE_AR1,IT,1987,11.00892707743462,.0267970299488756,.0225133127456287
DefGDP_s3_GIS_FE_AR1,DefGDP,GIS,3,FE_AR1,IT,1988,11.01098116339724,.0389512155195639,.0177895252236686
DefGDP_s3_GIS_FE_AR1,DefGDP,GIS,3,FE_AR1,IT,1989,11.02251419378362,.0533108741721779,.0225509891757337
DefGDP_s3_GIS_FE_AR1,DefGDP,GIS,3,FE_AR1,IT,1990,11.04162514200261,-.0226236925371133,-.0647234405609578
DefGDP_s3_GIS_FE_AR1,DefGDP,GIS,3,FE_AR1,IT,1991,11.03147597618394,-.0392532017299381,-.021387207784589
DefGDP_s3_GIS_FE_AR1,DefGDP,GIS,3,FE_AR1,IT,1992,11.03708538183832,-.02666691797962,.0043314463807598
DefGDP_s3_GIS_FE_AR1,DefGDP,GIS,3,FE_AR1,IT,1993,11.02434478106711,.0041317167104928,.0251906572164887
DefGDP_s3_GIS_FE_AR1,DefGDP,GIS,3,FE_AR1,IT,1994,11.03503286095472,.046520567715282,.0432577393501746
DefGDP_s3_GIS_FE_AR1,DefGDP,GIS,3,FE_AR1,IT,1995,11.07711055770134,.0551216543877597,.0183842305666047
DefGDP_s3_GIS_FE_AR1,DefGDP,GIS,3,FE_AR1,IT,1996,11.0779382013155,.0624628781594954,.0189331518810016
DefGDP_s3_GIS_FE_AR1,DefGDP,GIS,3,FE_AR1,IT,1997,11.05370563153223,.0985633135350685,.0492362020931174
DefGDP_s3_GIS_FE_AR1,DefGDP,GIS,3,FE_AR1,IT,1998,11.05078994725822,.0967370060624759,.0189012787618886
DefGDP_s3_GIS_FE_AR1,DefGDP,GIS,3,FE_AR1,IT,1999,11.0416956314415,.1009301840789991,.0245366969518123
DefGDP_s3_GIS_FE_AR1,DefGDP,GIS,3,FE_AR1,IT,2000,11.04271087488202,.1299737644911758,.050268912831781
DefGDP_s3_GIS_FE_AR1,DefGDP,GIS,3,FE_AR1,IT,2001,11.03600949391252,.1318118095975773,.0291711603912531
DefGDP_s3_GIS_FE_AR1,DefGDP,GIS,3,FE_AR1,IT,2002,11.03468152395877,.110433651080335,.0063414924580134
DefGDP_s3_GIS_FE_AR1,DefGDP,GIS,3,FE_AR1,IT,2003,11.04373889539074,.0555027042910652,-.0317070621220622
DefGDP_s3_GIS_FE_AR1,DefGDP,GIS,3,FE_AR1,IT,2004,11.05892862699646,.0506733491097435,.0068427066455227
DefGDP_s3_GIS_FE_AR1,DefGDP,GIS,3,FE_AR1,IT,2005,11.06158230250267,.0422432734949254,.0022263864681908
DefGDP_s3_GIS_FE_AR1,DefGDP,GIS,3,FE_AR1,IT,2006,11.0807350688629,.0347262133245962,.0013665808395817
DefGDP_s3_GIS_FE_AR1,DefGDP,GIS,3,FE_AR1,IT,2007,11.12455457455896,.0222367140411404,-.0051866747794232
DefGDP_s3_GIS_FE_AR1,DefGDP,GIS,3,FE_AR1,IT,2008,11.14664066320352,-.0301177986032162,-.0476781945364508
DefGDP_s3_GIS_FE_AR1,DefGDP,GIS,3,FE_AR1,IT,2009,11.07212179736699,-.0811280865255934,-.0573439758367836
DefGDP_s3_GIS_FE_AR1,DefGDP,GIS,3,FE_AR1,IT,2010,11.066937974973,.0145066282926987,.0785737075409811
DefGDP_s3_GIS_FE_AR1,DefGDP,GIS,3,FE_AR1,IT,2011,11.11442847520334,-.020738420614137,-.0321943459817408
DefGDP_s3_GIS_FE_AR1,DefGDP,GIS,3,FE_AR1,IT,2012,11.12401575667058,-.069145295801075,-.052768106422265
DefGDP_s3_GIS_FE_AR1,DefGDP,GIS,3,FE_AR1,IT,2013,11.13347004473722,-.0657478853415174,-.0111436497992938
DefGDP_s3_GIS_FE_AR1,DefGDP,GIS,3,FE_AR1,IT,2014,11.14437239929357,-.0509381093104704,.0009831815886209
DefGDP_s3_GIS_FE_AR1,DefGDP,GIS,3,FE_AR1,IT,2015,11.13033832066785,.0110932313546463,.0513192002602739
DefGDP_s3_GIS_FE_AR1,DefGDP,GIS,3,FE_AR1,IT,2016,11.12893112107814,.0426665892889613,.033906233131745
DefGDP_s3_GIS_FE_AR1,DefGDP,GIS,3,FE_AR1,IT,2017,11.13255459462308,.0576770125404256,.0239830863763041
DefGDP_s3_GIS_FE_AR1,DefGDP,GIS,3,FE_AR1,IT,2018,11.14322490805923,.0522289780888716,.0066812782541676
DefGDP_s3_GIS_FE_AR1,DefGDP,GIS,3,FE_AR1,IT,2019,11.1419662707076,.0425883345571023,.0013429629283639
DefGDP_s3_GIS_FE_AR1,DefGDP,GIS,3,FE_AR1,IT,2020,11.10546802836972,-.0137955821226186,-.0474277103037939
DefGDP_s3_GIS_FE_AR1,DefGDP,GIS,3,FE_AR1,IT,2021,11.22187332994042,.0106189722598806,.0215133824571083
DefGDP_s3_GIS_FE_AR1,DefGDP,GIS,3,FE_AR1,IT,2022,11.28119962050515,-.0210934291189453,-.0294792615284705
DefGDP_s3_GIS_FE_AR1,DefGDP,GIS,3,FE_AR1,IT,2023,11.29805581517231,-.0412341577124113,-.0245766171138768
DefGDP_s3_GIS_FE_AR1,DefGDP,GIS,3,FE_AR1,IT,2024,11.31652863764008,-.0406202348010254,-.0080575039018584
DefGDP_s3_GIS_POOLED_AR1,DefGDP,GIS,3,POOLED_AR1,DE,1991,11.14273865109933,-.1280937261204311,
DefGDP_s3_GIS_POOLED_AR1,DefGDP,GIS,3,POOLED_AR1,DE,1992,11.14653824609411,-.0956777755282108,.0101453078754355
DefGDP_s3_GIS_POOLED_AR1,DefGDP,GIS,3,POOLED_AR1,DE,1993,11.13099565553012,-.1133565850321201,-.0343135473576758
DefGDP_s3_GIS_POOLED_AR1,DefGDP,GIS,3,POOLED_AR1,DE,1994,11.14142280033957,-.0721011861805732,.0215469862594135
DefGDP_s3_GIS_POOLED_AR1,DefGDP,GIS,3,POOLED_AR1,DE,1995,11.16765716934477,-.0742431728636745,-.0146776494787503
DefGDP_s3_GIS_POOLED_AR1,DefGDP,GIS,3,POOLED_AR1,DE,1996,11.17182325328873,-.0676224061473309,-.0062873063570625
DefGDP_s3_GIS_POOLED_AR1,DefGDP,GIS,3,POOLED_AR1,DE,1997,11.16530701150654,-.0183695884151422,.0374958449859933
DefGDP_s3_GIS_POOLED_AR1,DefGDP,GIS,3,POOLED_AR1,DE,1998,11.17049942024768,-.0002967383758783,.0148790750368615
DefGDP_s3_GIS_POOLED_AR1,DefGDP,GIS,3,POOLED_AR1,DE,1999,11.16637579675528,.0106195526235222,.0108646994457023
DefGDP_s3_GIS_POOLED_AR1,DefGDP,GIS,3,POOLED_AR1,DE,2000,11.16701087534792,.0532980782722827,.044524863244313
DefGDP_s3_GIS_POOLED_AR1,DefGDP,GIS,3,POOLED_AR1,DE,2001,11.17894624675954,.046145529080361,.0021139659969429
DefGDP_s3_GIS_POOLED_AR1,DefGDP,GIS,3,POOLED_AR1,DE,2002,11.18970319204464,.0240174503573556,-.0141051206730575
DefGDP_s3_GIS_POOLED_AR1,DefGDP,GIS,3,POOLED_AR1,DE,2003,11.2123700348815,.0263374260469007,.0064956997634463
DefGDP_s3_GIS_POOLED_AR1,DefGDP,GIS,3,POOLED_AR1,DE,2004,11.2460825537326,.0318330309074,.0100746847525059
DefGDP_s3_GIS_POOLED_AR1,DefGDP,GIS,3,POOLED_AR1,DE,2005,11.25718872738291,.045493125389287,.0191946517112125
DefGDP_s3_GIS_POOLED_AR1,DefGDP,GIS,3,POOLED_AR1,DE,2006,11.27994378937456,.0999354627686397,.0623518671611795
DefGDP_s3_GIS_POOLED_AR1,DefGDP,GIS,3,POOLED_AR1,DE,2007,11.33168496686736,.0709366181295437,-.0116238563905347
DefGDP_s3_GIS_POOLED_AR1,DefGDP,GIS,3,POOLED_AR1,DE,2008,11.34473355959724,.0035597445194551,-.0550436850477169
DefGDP_s3_GIS_POOLED_AR1,DefGDP,GIS,3,POOLED_AR1,DE,2009,11.23372723792775,-.0477662488316497,-.0507070887352668
DefGDP_s3_GIS_POOLED_AR1,DefGDP,GIS,3,POOLED_AR1,DE,2010,11.26747021628351,.0911892902228875,.1306507992841399
DefGDP_s3_GIS_POOLED_AR1,DefGDP,GIS,3,POOLED_AR1,DE,2011,11.33951914324436,.0716662384568405,-.0036686913406053
DefGDP_s3_GIS_POOLED_AR1,DefGDP,GIS,3,POOLED_AR1,DE,2012,11.33274080862158,.0619227987143187,.0027166021335934
DefGDP_s3_GIS_POOLED_AR1,DefGDP,GIS,3,POOLED_AR1,DE,2013,11.33777736404621,.0428433550014855,-.008313416617225
DefGDP_s3_GIS_POOLED_AR1,DefGDP,GIS,3,POOLED_AR1,DE,2014,11.34033196945195,.0735040424822451,.0381095226495436
DefGDP_s3_GIS_POOLED_AR1,DefGDP,GIS,3,POOLED_AR1,DE,2015,11.30489882352631,.1228717773749928,.0621473012145393
DefGDP_s3_GIS_POOLED_AR1,DefGDP,GIS,3,POOLED_AR1,DE,2016,11.30240453654298,.1591100138947219,.0576009803228257
DefGDP_s3_GIS_POOLED_AR1,DefGDP,GIS,3,POOLED_AR1,DE,2017,11.30821344355102,.1595038062562821,.0280569916409732
DefGDP_s3_GIS_POOLED_AR1,DefGDP,GIS,3,POOLED_AR1,DE,2018,11.31368803660344,.1316834022111593,-.0000887392033867
DefGDP_s3_GIS_POOLED_AR1,DefGDP,GIS,3,POOLED_AR1,DE,2019,11.29020180594269,.1342497690018103,.0254611180887604
DefGDP_s3_GIS_POOLED_AR1,DefGDP,GIS,3,POOLED_AR1,DE,2020,11.24691321955133,.121577839354174,.0106690155399464
DefGDP_s3_GIS_POOLED_AR1,DefGDP,GIS,3,POOLED_AR1,DE,2021,11.33581783855113,.0861050883617658,-.014334973955695
DefGDP_s3_GIS_POOLED_AR1,DefGDP,GIS,3,POOLED_AR1,DE,2022,11.37196971664801,.0382813301969875,-.0328533476920657
DefGDP_s3_GIS_POOLED_AR1,DefGDP,GIS,3,POOLED_AR1,DE,2023,11.36401922644364,.0556796434912563,.0240539853038317
DefGDP_s3_GIS_POOLED_AR1,DefGDP,GIS,3,POOLED_AR1,DE,2024,11.33095122804711,.0926628295289795,.046663765128895
DefGDP_s3_GIS_POOLED_AR1,DefGDP,GIS,3,POOLED_AR1,ES,1985,10.82910703229147,.1156692744764243,
DefGDP_s3_GIS_POOLED_AR1,DefGDP,GIS,3,POOLED_AR1,ES,1986,10.84434267790884,.141959743587158,.0464009707191594
DefGDP_s3_GIS_POOLED_AR1,DefGDP,GIS,3,POOLED_AR1,ES,1987,10.84999992575214,.1273469897918602,.010068663674154
DefGDP_s3_GIS_POOLED_AR1,DefGDP,GIS,3,POOLED_AR1,ES,1988,10.87541268616406,.1141681603400375,.0089619841274944
DefGDP_s3_GIS_POOLED_AR1,DefGDP,GIS,3,POOLED_AR1,ES,1989,10.88184456549953,.1039282899897742,.0096096444196879
DefGDP_s3_GIS_POOLED_AR1,DefGDP,GIS,3,POOLED_AR1,ES,1990,10.91137976602383,.005019698151969,-.080839402310501
DefGDP_s3_GIS_POOLED_AR1,DefGDP,GIS,3,POOLED_AR1,ES,1991,10.93064824094321,-.0172029522419059,-.0213499151907199
DefGDP_s3_GIS_POOLED_AR1,DefGDP,GIS,3,POOLED_AR1,ES,1992,10.93029369507403,-.0620102534733284,-.0477982424325021
DefGDP_s3_GIS_POOLED_AR1,DefGDP,GIS,3,POOLED_AR1,ES,1993,10.93090173533553,-.0875596609208316,-.0363306396101414
DefGDP_s3_GIS_POOLED_AR1,DefGDP,GIS,3,POOLED_AR1,ES,1994,10.94334602040759,-.0687544790406882,.0035818763847804
DefGDP_s3_GIS_POOLED_AR1,DefGDP,GIS,3,POOLED_AR1,ES,1995,10.96731189607036,-.0550938003868637,.0017068813503232
DefGDP_s3_GIS_POOLED_AR1,DefGDP,GIS,3,POOLED_AR1,ES,1996,10.98166172616695,-.0745929093116473,-.0290778321104307
DefGDP_s3_GIS_POOLED_AR1,DefGDP,GIS,3,POOLED_AR1,ES,1997,10.98205501779996,-.0701723902134628,-.0085483598844081
DefGDP_s3_GIS_POOLED_AR1,DefGDP,GIS,3,POOLED_AR1,ES,1998,10.98715667950146,-.0791313956542634,-.021159323741773
DefGDP_s3_GIS_POOLED_AR1,DefGDP,GIS,3,POOLED_AR1,ES,1999,10.98694865156159,-.0880763867644863,-.0227029408058993
DefGDP_s3_GIS_POOLED_AR1,DefGDP,GIS,3,POOLED_AR1,ES,2000,10.98221033067463,-.0691284917478274,.0036347504870583
DefGDP_s3_GIS_POOLED_AR1,DefGDP,GIS,3,POOLED_AR1,ES,2001,10.97642009903922,-.0472745656121187,.009835102201907
DefGDP_s3_GIS_POOLED_AR1,DefGDP,GIS,3,POOLED_AR1,ES,2002,10.98553542653512,-.0581579510430146,-.0191026401299812
DefGDP_s3_GIS_POOLED_AR1,DefGDP,GIS,3,POOLED_AR1,ES,2003,10.99935806367645,-.0785212671680462,-.0304747789425119
DefGDP_s3_GIS_POOLED_AR1,DefGDP,GIS,3,POOLED_AR1,ES,2004,10.99594271628739,-.085403340511288,-.0205339448261952
DefGDP_s3_GIS_POOLED_AR1,DefGDP,GIS,3,POOLED_AR1,ES,2005,10.98919991301291,-.0784832901382089,-.0079283527529148
DefGDP_s3_GIS_POOLED_AR1,DefGDP,GIS,3,POOLED_AR1,ES,2006,11.00292550610484,-.0698959768500433,-.0050579554290744
DefGDP_s3_GIS_POOLED_AR1,DefGDP,GIS,3,POOLED_AR1,ES,2007,11.02105952600438,-.0681432052431781,-.010399488889519
DefGDP_s3_GIS_POOLED_AR1,DefGDP,GIS,3,POOLED_AR1,ES,2008,11.03267803414992,-.0774341432201187,-.0211384579415058
DefGDP_s3_GIS_POOLED_AR1,DefGDP,GIS,3,POOLED_AR1,ES,2009,11.00124496176263,-.0378122319791334,.02615904939782
DefGDP_s3_GIS_POOLED_AR1,DefGDP,GIS,3,POOLED_AR1,ES,2010,11.01022906541861,-.016440553442207,.0147975649231204
DefGDP_s3_GIS_POOLED_AR1,DefGDP,GIS,3,POOLED_AR1,ES,2011,11.06383954043007,-.0267407320598725,-.0131585675713396
DefGDP_s3_GIS_POOLED_AR1,DefGDP,GIS,3,POOLED_AR1,ES,2012,11.05085253474601,-.0019814956337125,.0201100369085287
DefGDP_s3_GIS_POOLED_AR1,DefGDP,GIS,3,POOLED_AR1,ES,2013,11.06924446059551,.0219377031012904,.0235746917662401
DefGDP_s3_GIS_POOLED_AR1,DefGDP,GIS,3,POOLED_AR1,ES,2014,11.06374028562912,.0636244699332806,.0455009017048911
DefGDP_s3_GIS_POOLED_AR1,DefGDP,GIS,3,POOLED_AR1,ES,2015,11.05539833009412,.0861405388359824,.033577952109977
DefGDP_s3_GIS_POOLED_AR1,DefGDP,GIS,3,POOLED_AR1,ES,2016,11.07285078158855,.0552158979555486,-.015948066914244
DefGDP_s3_GIS_POOLED_AR1,DefGDP,GIS,3,POOLED_AR1,ES,2017,11.06314040269594,.0805422069919626,.0349262603603246
DefGDP_s3_GIS_POOLED_AR1,DefGDP,GIS,3,POOLED_AR1,ES,2018,11.07529761722194,.0407618267970573,-.0257771438939103
DefGDP_s3_GIS_POOLED_AR1,DefGDP,GIS,3,POOLED_AR1,ES,2019,11.07234706504178,.0274536240897252,-.0062212663789499
DefGDP_s3_GIS_POOLED_AR1,DefGDP,GIS,3,POOLED_AR1,ES,2020,11.05866406386546,-.0179983790760581,-.0406788587511352
DefGDP_s3_GIS_POOLED_AR1,DefGDP,GIS,3,POOLED_AR1,ES,2021,11.12463937410214,.0206563484778606,.0355254917823923
DefGDP_s3_GIS_POOLED_AR1,DefGDP,GIS,3,POOLED_AR1,ES,2022,11.16349655332513,-.0064328335734274,-.0234978261690231
DefGDP_s3_GIS_POOLED_AR1,DefGDP,GIS,3,POOLED_AR1,ES,2023,11.16828735053817,-.0077381698101728,-.0024237621152748
DefGDP_s3_GIS_POOLED_AR1,DefGDP,GIS,3,POOLED_AR1,ES,2024,11.17180551845564,-.004295819538477,.0020969759091595
DefGDP_s3_GIS_POOLED_AR1,DefGDP,GIS,3,POOLED_AR1,IT,1981,11.04686972062052,-.1261371199018164,
DefGDP_s3_GIS_POOLED_AR1,DefGDP,GIS,3,POOLED_AR1,IT,1982,11.0172039364822,-.1136926213964955,-.0094859645683857
DefGDP_s3_GIS_POOLED_AR1,DefGDP,GIS,3,POOLED_AR1,IT,1983,11.00962023459305,-.1256991778185483,-.0317733929982291
DefGDP_s3_GIS_POOLED_AR1,DefGDP,GIS,3,POOLED_AR1,IT,1984,11.00060784810333,-.0441992588152296,.0596455974547477
DefGDP_s3_GIS_POOLED_AR1,DefGDP,GIS,3,POOLED_AR1,IT,1985,10.98874702692334,.0014421429668587,.0379568263447619
DefGDP_s3_GIS_POOLED_AR1,DefGDP,GIS,3,POOLED_AR1,IT,1986,11.02733705435614,-.0183443455342367,-.0195357545133025
DefGDP_s3_GIS_POOLED_AR1,DefGDP,GIS,3,POOLED_AR1,IT,1987,11.03448004725886,.0012440601246428,.0163990194364651
DefGDP_s3_GIS_POOLED_AR1,DefGDP,GIS,3,POOLED_AR1,IT,1988,11.04089714484372,.0090352340730835,.0080074688396367
DefGDP_s3_GIS_POOLED_AR1,DefGDP,GIS,3,POOLED_AR1,IT,1989,11.05027168145713,.0255533864986734,.0180890370894882
DefGDP_s3_GIS_POOLED_AR1,DefGDP,GIS,3,POOLED_AR1,IT,1990,11.06913227396798,-.0501308245024781,-.0712414458622811
DefGDP_s3_GIS_POOLED_AR1,DefGDP,GIS,3,POOLED_AR1,IT,1991,11.06019998170589,-.0679772072518876,-.0265622325837947
DefGDP_s3_GIS_POOLED_AR1,DefGDP,GIS,3,POOLED_AR1,IT,1992,11.06651550583692,-.056097041978223,.0000615060665127
DefGDP_s3_GIS_POOLED_AR1,DefGDP,GIS,3,POOLED_AR1,IT,1993,11.04861444451216,-.0201379467345628,.0262059463799062
DefGDP_s3_GIS_POOLED_AR1,DefGDP,GIS,3,POOLED_AR1,IT,1994,11.05809914754907,.0234542811209302,.0400910023828774
DefGDP_s3_GIS_POOLED_AR1,DefGDP,GIS,3,POOLED_AR1,IT,1995,11.09806964115485,.0341625709342512,.0147861001077314
DefGDP_s3_GIS_POOLED_AR1,DefGDP,GIS,3,POOLED_AR1,IT,1996,11.09700630488947,.0433947745855328,.0151717795743694
DefGDP_s3_GIS_POOLED_AR1,DefGDP,GIS,3,POOLED_AR1,IT,1997,11.07571983758862,.0765491074786766,.0406990390223199
DefGDP_s3_GIS_POOLED_AR1,DefGDP,GIS,3,POOLED_AR1,IT,1998,11.07048685825159,.0770400950691137,.0137999752714072
DefGDP_s3_GIS_POOLED_AR1,DefGDP,GIS,3,POOLED_AR1,IT,1999,11.05809347247915,.0845323430413512,.0208865997809925
DefGDP_s3_GIS_POOLED_AR1,DefGDP,GIS,3,POOLED_AR1,IT,2000,11.0626691000912,.1100155392819957,.0401801659276428
DefGDP_s3_GIS_POOLED_AR1,DefGDP,GIS,3,POOLED_AR1,IT,2001,11.06453486195461,.1032864415554933,.0123984336745296
DefGDP_s3_GIS_POOLED_AR1,DefGDP,GIS,3,POOLED_AR1,IT,2002,11.06326828676339,.081846888275706,-.003481956861616
DefGDP_s3_GIS_POOLED_AR1,DefGDP,GIS,3,POOLED_AR1,IT,2003,11.07161489176264,.0276267079191559,-.0399901094430448
DefGDP_s3_GIS_POOLED_AR1,DefGDP,GIS,3,POOLED_AR1,IT,2004,11.08654551734113,.0230564587650743,.000232987976596
DefGDP_s3_GIS_POOLED_AR1,DefGDP,GIS,3,POOLED_AR1,IT,2005,11.08921341377884,.0146121622187554,-.0044356524774558
DefGDP_s3_GIS_POOLED_AR1,DefGDP,GIS,3,POOLED_AR1,IT,2006,11.10299385616147,.0124674260260278,.0003957648446741
DefGDP_s3_GIS_POOLED_AR1,DefGDP,GIS,3,POOLED_AR1,IT,2007,11.15356673361788,-.0067754450177802,-.0170752583196488
DefGDP_s3_GIS_POOLED_AR1,DefGDP,GIS,3,POOLED_AR1,IT,2008,11.16944813311291,-.0529252685126114,-.0473278165145388
DefGDP_s3_GIS_POOLED_AR1,DefGDP,GIS,3,POOLED_AR1,IT,2009,11.09139912599839,-.1004054151569864,-.0566818443498981
DefGDP_s3_GIS_POOLED_AR1,DefGDP,GIS,3,POOLED_AR1,IT,2010,11.08632348219465,-.0048788789289507,.0780698410758519
DefGDP_s3_GIS_POOLED_AR1,DefGDP,GIS,3,POOLED_AR1,IT,2011,11.13217849388149,-.0384884392922942,-.0344578124423169
DefGDP_s3_GIS_POOLED_AR1,DefGDP,GIS,3,POOLED_AR1,IT,2012,11.14009890456157,-.0852284436920723,-.0534316848291495
DefGDP_s3_GIS_POOLED_AR1,DefGDP,GIS,3,POOLED_AR1,IT,2013,11.14788477120817,-.0801626118124652,-.0097521633201673
DefGDP_s3_GIS_POOLED_AR1,DefGDP,GIS,3,POOLED_AR1,IT,2014,11.15923070982428,-.0657964198411811,.0004289528808914
DefGDP_s3_GIS_POOLED_AR1,DefGDP,GIS,3,POOLED_AR1,IT,2015,11.14526251784186,-.0038309658193576,.0505259510679564
DefGDP_s3_GIS_POOLED_AR1,DefGDP,GIS,3,POOLED_AR1,IT,2016,11.14403607124695,.0275616391201527,.0307265452220897
DefGDP_s3_GIS_POOLED_AR1,DefGDP,GIS,3,POOLED_AR1,IT,2017,11.14750381614233,.0427277910211679,.0199580760344171
DefGDP_s3_GIS_POOLED_AR1,DefGDP,GIS,3,POOLED_AR1,IT,2018,11.15892195117734,.0365319349707605,.0012328869234306
DefGDP_s3_GIS_POOLED_AR1,DefGDP,GIS,3,POOLED_AR1,IT,2019,11.1591161517387,.0254384535260037,-.0047419629424243
DefGDP_s3_GIS_POOLED_AR1,DefGDP,GIS,3,POOLED_AR1,IT,2020,11.12283624086413,-.0311637946170258,-.0521794654907978
DefGDP_s3_GIS_POOLED_AR1,DefGDP,GIS,3,POOLED_AR1,IT,2021,11.23988960118165,-.0073972989813544,.0183482932253322
DefGDP_s3_GIS_POOLED_AR1,DefGDP,GIS,3,POOLED_AR1,IT,2022,11.30103138304698,-.0409251916607793,-.0348140025278346
DefGDP_s3_GIS_POOLED_AR1,DefGDP,GIS,3,POOLED_AR1,IT,2023,11.31525719750167,-.0584355400417689,-.0246256876657274
DefGDP_s3_GIS_POOLED_AR1,DefGDP,GIS,3,POOLED_AR1,IT,2024,11.33357660397093,-.0576682011318663,-.0093923861105802
DefInd_s1_FRUK_FE_AR1,DefInd,FRUK,1,FE_AR1,FR,1981,10.94870467928785,-.1526434729233461,
DefInd_s1_FRUK_FE_AR1,DefInd,FRUK,1,FE_AR1,FR,1982,10.97021643421646,-.1666650820040569,-.060598803420612
DefInd_s1_FRUK_FE_AR1,DefInd,FRUK,1,FE_AR1,FR,1983,11.03643653145899,-.2004879722499933,-.0846785984233624
DefInd_s1_FRUK_FE_AR1,DefInd,FRUK,1,FE_AR1,FR,1984,11.06188525716703,-.190917897473831,-.0516062537458576
DefInd_s1_FRUK_FE_AR1,DefInd,FRUK,1,FE_AR1,FR,1985,11.08575273660387,-.1684978849910674,-.0358361306938891
DefInd_s1_FRUK_FE_AR1,DefInd,FRUK,1,FE_AR1,FR,1986,11.06761612041855,-.1277610606939472,-.0106781401608257
DefInd_s1_FRUK_FE_AR1,DefInd,FRUK,1,FE_AR1,FR,1987,11.06185182110603,-.0977869347484344,-.009010520034091
DefInd_s1_FRUK_FE_AR1,DefInd,FRUK,1,FE_AR1,FR,1988,11.06314661707227,-.0436853180506738,.0242631900919384
DefInd_s1_FRUK_FE_AR1,DefInd,FRUK,1,FE_AR1,FR,1989,11.07749455634928,-.03031355403688,.0000417505538116
DefInd_s1_FRUK_FE_AR1,DefInd,FRUK,1,FE_AR1,FR,1990,11.10270788868198,-.0283546365399765,-.0072908739974101
DefInd_s1_FRUK_FE_AR1,DefInd,FRUK,1,FE_AR1,FR,1991,11.13306607008074,-.0481769602859448,-.0284743767376017
DefInd_s1_FRUK_FE_AR1,DefInd,FRUK,1,FE_AR1,FR,1992,11.11864328110317,-.0050822405675675,.0283941393465523
DefInd_s1_FRUK_FE_AR1,DefInd,FRUK,1,FE_AR1,FR,1993,11.13554626697091,-.013471206754506,-.009939746590871
DefInd_s1_FRUK_FE_AR1,DefInd,FRUK,1,FE_AR1,FR,1994,11.12474956675843,.0210588415632724,.0304194826775908
DefInd_s1_FRUK_FE_AR1,DefInd,FRUK,1,FE_AR1,FR,1995,11.14140519053806,.0397561759085452,.0251231692485332
DefInd_s1_FRUK_FE_AR1,DefInd,FRUK,1,FE_AR1,FR,1996,11.14755372717296,.0262588527012415,-.0013662369836988
DefInd_s1_FRUK_FE_AR1,DefInd,FRUK,1,FE_AR1,FR,1997,11.17760909692849,.0484557838857125,.0302094826679056
DefInd_s1_FRUK_FE_AR1,DefInd,FRUK,1,FE_AR1,FR,1998,11.17325829735625,.0861666620736461,.0524965379984285
DefInd_s1_FRUK_FE_AR1,DefInd,FRUK,1,FE_AR1,FR,1999,11.18824870092942,.0961639960206782,.036289983663147
DefInd_s1_FRUK_FE_AR1,DefInd,FRUK,1,FE_AR1,FR,2000,11.21761602546745,.1097701360048511,.0429493476914942
DefInd_s1_FRUK_FE_AR1,DefInd,FRUK,1,FE_AR1,FR,2001,11.23794893584444,.0717099519947606,-.0045652375214001
DefInd_s1_FRUK_FE_AR1,DefInd,FRUK,1,FE_AR1,FR,2002,11.24957070153607,.0547555198460312,.0049269382511844
DefInd_s1_FRUK_FE_AR1,DefInd,FRUK,1,FE_AR1,FR,2003,11.25451691803709,.0459161291952128,.0078685526382578
DefInd_s1_FRUK_FE_AR1,DefInd,FRUK,1,FE_AR1,FR,2004,11.24098146199663,.0884215304148679,.0565161180351419
DefInd_s1_FRUK_FE_AR1,DefInd,FRUK,1,FE_AR1,FR,2005,11.30337615540465,.0324589228999521,-.0289819136988562
DefInd_s1_FRUK_FE_AR1,DefInd,FRUK,1,FE_AR1,FR,2006,11.19463564992831,.1452498339610866,.1226953342966707
DefInd_s1_FRUK_FE_AR1,DefInd,FRUK,1,FE_AR1,FR,2007,11.1672484564986,.2036864647165952,.1027577511721104
DefInd_s1_FRUK_FE_AR1,DefInd,FRUK,1,FE_AR1,FR,2008,11.33738838288389,.0039551377170088,-.137579019601048
DefInd_s1_FRUK_FE_AR1,DefInd,FRUK,1,FE_AR1,FR,2009,11.33691057163024,-.0261992641701454,-.0289475424351375
DefInd_s1_FRUK_FE_AR1,DefInd,FRUK,1,FE_AR1,FR,2010,11.36198584607941,-.0073084251733064,.0108964701879737
DefInd_s1_FRUK_FE_AR1,DefInd,FRUK,1,FE_AR1,FR,2011,11.39521167576957,-.0067119896826693,-.0016336365399348
DefInd_s1_FRUK_FE_AR1,DefInd,FRUK,1,FE_AR1,FR,2012,11.36180354825615,.0274539845052519,.0321178967833008
DefInd_s1_FRUK_FE_AR1,DefInd,FRUK,1,FE_AR1,FR,2013,11.37364761350401,.035001636108591,.0159248821996836
DefInd_s1_FRUK_FE_AR1,DefInd,FRUK,1,FE_AR1,FR,2014,11.36723002439949,.0501349524261077,.0258136158155701
DefInd_s1_FRUK_FE_AR1,DefInd,FRUK,1,FE_AR1,FR,2015,11.3340637986884,.1276383109318946,.0928013950195734
DefInd_s1_FRUK_FE_AR1,DefInd,FRUK,1,FE_AR1,FR,2016,11.33215685774181,.1283735014447931,.0396823809799094
DefInd_s1_FRUK_FE_AR1,DefInd,FRUK,1,FE_AR1,FR,2017,11.3506308002427,.1214103668397986,.0322083898000507
DefInd_s1_FRUK_FE_AR1,DefInd,FRUK,1,FE_AR1,FR,2018,11.43651392109462,.0388311190295845,-.0455324344557002
DefInd_s1_FRUK_FE_AR1,DefInd,FRUK,1,FE_AR1,FR,2019,11.45421730150691,.0131481275064935,-.0138341745193986
DefInd_s1_FRUK_FE_AR1,DefInd,FRUK,1,FE_AR1,FR,2020,11.33689722324189,-.0123369070999928,-.0214730524473587
DefInd_s1_FRUK_FE_AR1,DefInd,FRUK,1,FE_AR1,FR,2021,11.38010214349928,-.010911314591576,-.0023388561676051
DefInd_s1_FRUK_FE_AR1,DefInd,FRUK,1,FE_AR1,FR,2022,11.41919249738919,.0081579093348072,.0157397764858703
DefInd_s1_FRUK_FE_AR1,DefInd,FRUK,1,FE_AR1,FR,2023,11.42540584986076,.0217075974987448,.0160389693707759
DefInd_s1_FRUK_FE_AR1,DefInd,FRUK,1,FE_AR1,FR,2024,11.43898344466809,.011983547764105,-.0031002552939883
DefInd_s1_FRUK_FE_AR1,DefInd,FRUK,1,FE_AR1,UK,1981,11.16303963111502,-.4211765375518191,
DefInd_s1_FRUK_FE_AR1,DefInd,FRUK,1,FE_AR1,UK,1982,11.15528499580553,-.3732627104504296,-.0806027813408796
DefInd_s1_FRUK_FE_AR1,DefInd,FRUK,1,FE_AR1,UK,1983,11.13332822632267,-.2875158910409663,-.0281495003710656
DefInd_s1_FRUK_FE_AR1,DefInd,FRUK,1,FE_AR1,UK,1984,11.10646599496494,-.212428514883138,-.0126444035007092
DefInd_s1_FRUK_FE_AR1,DefInd,FRUK,1,FE_AR1,UK,1985,11.09448913615476,-.1720590092408631,-.0244503260318722
DefInd_s1_FRUK_FE_AR1,DefInd,FRUK,1,FE_AR1,UK,1986,11.10670120705079,-.1387099375638936,-.0191525240864274
DefInd_s1_FRUK_FE_AR1,DefInd,FRUK,1,FE_AR1,UK,1987,11.08717638103411,-.0688880212456056,.0274963612515906
DefInd_s1_FRUK_FE_AR1,DefInd,FRUK,1,FE_AR1,UK,1988,11.1013707298129,-.0420397618456967,.0058279649071394
DefInd_s1_FRUK_FE_AR1,DefInd,FRUK,1,FE_AR1,UK,1989,11.07025695098033,-.009788791551733,.0194230771650287
DefInd_s1_FRUK_FE_AR1,DefInd,FRUK,1,FE_AR1,UK,1990,11.09844617374601,-.050481018096308,-.0436791505035629
DefInd_s1_FRUK_FE_AR1,DefInd,FRUK,1,FE_AR1,UK,1991,11.09300450379805,.0021039054717527,.0371812895618523
DefInd_s1_FRUK_FE_AR1,DefInd,FRUK,1,FE_AR1,UK,1992,11.10091655050422,.0416148167336789,.0401528909820799
DefInd_s1_FRUK_FE_AR1,DefInd,FRUK,1,FE_AR1,UK,1993,11.10387868233451,.0740201695192937,.0451035793740343
DefInd_s1_FRUK_FE_AR1,DefInd,FRUK,1,FE_AR1,UK,1994,11.14008579150113,.1148144940386722,.0633806281113041
DefInd_s1_FRUK_FE_AR1,DefInd,FRUK,1,FE_AR1,UK,1995,11.07949012185719,.12563544518291,.0458551186684671
DefInd_s1_FRUK_FE_AR1,DefInd,FRUK,1,FE_AR1,UK,1996,11.06420661779904,.1391161124402593,.0518167089772793
DefInd_s1_FRUK_FE_AR1,DefInd,FRUK,1,FE_AR1,UK,1997,11.14193891465332,.0956183676061837,-.00104825072308
DefInd_s1_FRUK_FE_AR1,DefInd,FRUK,1,FE_AR1,UK,1998,11.14093752763894,.0981002413518599,.0316585899534753
DefInd_s1_FRUK_FE_AR1,DefInd,FRUK,1,FE_AR1,UK,1999,11.16681550087711,.0980581424106859,.0298919291487879
DefInd_s1_FRUK_FE_AR1,DefInd,FRUK,1,FE_AR1,UK,2000,11.19966970008711,.1051120853351932,.0369751250635288
DefInd_s1_FRUK_FE_AR1,DefInd,FRUK,1,FE_AR1,UK,2001,11.24205503519221,.074916696520491,.0018782133666904
DefInd_s1_FRUK_FE_AR1,DefInd,FRUK,1,FE_AR1,UK,2002,11.29701445041962,.0579184636570762,.0058616344228242
DefInd_s1_FRUK_FE_AR1,DefInd,FRUK,1,FE_AR1,UK,2003,11.32149651039946,.0753331201099421,.0350877314030071
DefInd_s1_FRUK_FE_AR1,DefInd,FRUK,1,FE_AR1,UK,2004,11.39844233209291,.0101721833802948,-.042174003136005
DefInd_s1_FRUK_FE_AR1,DefInd,FRUK,1,FE_AR1,UK,2005,11.36200951367787,.0790799298069356,.0720116574756447
DefInd_s1_FRUK_FE_AR1,DefInd,FRUK,1,FE_AR1,UK,2006,11.45921284535573,-.0111540500883258,-.0661037554679578
DefInd_s1_FRUK_FE_AR1,DefInd,FRUK,1,FE_AR1,UK,2007,11.44730656327579,.0128249482117084,.0205754832417662
DefInd_s1_FRUK_FE_AR1,DefInd,FRUK,1,FE_AR1,UK,2008,11.46288814914773,.0138517470135735,.0049401669519457
DefInd_s1_FRUK_FE_AR1,DefInd,FRUK,1,FE_AR1,UK,2009,11.46350099650827,-.023605974152769,-.0332310385559282
DefInd_s1_FRUK_FE_AR1,DefInd,FRUK,1,FE_AR1,UK,2010,11.42801194310489,.0980149478414081,.1144178623111184
DefInd_s1_FRUK_FE_AR1,DefInd,FRUK,1,FE_AR1,UK,2011,11.49436079114728,.0352869882637243,-.0328199577064402
DefInd_s1_FRUK_FE_AR1,DefInd,FRUK,1,FE_AR1,UK,2012,11.45848047600669,.0800928790019118,.0555732617796905
DefInd_s1_FRUK_FE_AR1,DefInd,FRUK,1,FE_AR1,UK,2013,11.47089851846785,.1188275657961491,.0631739996522958
DefInd_s1_FRUK_FE_AR1,DefInd,FRUK,1,FE_AR1,UK,2014,11.43463790705715,.1615677931601489,.0789989321682597
DefInd_s1_FRUK_FE_AR1,DefInd,FRUK,1,FE_AR1,UK,2015,11.39317250891919,.2031717408559093,.0909042836810945
DefInd_s1_FRUK_FE_AR1,DefInd,FRUK,1,FE_AR1,UK,2016,11.40329431682741,.1953798607692949,.0542033659398823
DefInd_s1_FRUK_FE_AR1,DefInd,FRUK,1,FE_AR1,UK,2017,11.43873596954431,.1652624716660895,.0295002648381735
DefInd_s1_FRUK_FE_AR1,DefInd,FRUK,1,FE_AR1,UK,2018,11.48375687222499,.1069483074186124,-.0078864445915614
DefInd_s1_FRUK_FE_AR1,DefInd,FRUK,1,FE_AR1,UK,2019,11.51236675968048,.0891445622724181,.0148301566090528
DefInd_s1_FRUK_FE_AR1,DefInd,FRUK,1,FE_AR1,UK,2020,11.51770546794866,.0198555840359411,-.0420876605398275
DefInd_s1_FRUK_FE_AR1,DefInd,FRUK,1,FE_AR1,UK,2021,11.47832901048044,.1348114788779586,.1210145711723097
DefInd_s1_FRUK_FE_AR1,DefInd,FRUK,1,FE_AR1,UK,2022,11.54715838193878,.0385778105343153,-.0550976778509388
DefInd_s1_FRUK_FE_AR1,DefInd,FRUK,1,FE_AR1,UK,2023,11.57580810183418,.0425495234192166,.0157432360562001
DefInd_s1_FRUK_FE_AR1,DefInd,FRUK,1,FE_AR1,UK,2024,11.60217272680596,.0190519399295841,-.0105141431668205
DefInd_s1_FRUK_POOLED_AR1,DefInd,FRUK,1,POOLED_AR1,FR,1981,11.09254923792058,-.2964880315560787,
DefInd_s1_FRUK_POOLED_AR1,DefInd,FRUK,1,POOLED_AR1,FR,1982,11.12782713483052,-.3242757826181215,-.0994991859525006
DefInd_s1_FRUK_POOLED_AR1,DefInd,FRUK,1,POOLED_AR1,FR,1983,11.17895595717854,-.3430073979695365,-.0971640618475673
DefInd_s1_FRUK_POOLED_AR1,DefInd,FRUK,1,POOLED_AR1,FR,1984,11.20054555204179,-.3295781923485901,-.0695338487638823
DefInd_s1_FRUK_POOLED_AR1,DefInd,FRUK,1,POOLED_AR1,FR,1985,11.21681134374475,-.2995564921319538,-.0496932378801158
DefInd_s1_FRUK_POOLED_AR1,DefInd,FRUK,1,POOLED_AR1,FR,1986,11.19496693106771,-.2551118713431091,-.0280089813643047
DefInd_s1_FRUK_POOLED_AR1,DefInd,FRUK,1,POOLED_AR1,FR,1987,11.18100557642016,-.2169406900625628,-.0235326192256267
DefInd_s1_FRUK_POOLED_AR1,DefInd,FRUK,1,POOLED_AR1,FR,1988,11.17665907298969,-.1571977739680861,.007271563072694
DefInd_s1_FRUK_POOLED_AR1,DefInd,FRUK,1,POOLED_AR1,FR,1989,11.18338079875106,-.1361997964386603,-.0170233816251852
DefInd_s1_FRUK_POOLED_AR1,DefInd,FRUK,1,POOLED_AR1,FR,1990,11.18651322008198,-.112159967939979,-.0089027587050696
DefInd_s1_FRUK_POOLED_AR1,DefInd,FRUK,1,POOLED_AR1,FR,1991,11.20991396450021,-.1250248547054067,-.0399929708099344
DefInd_s1_FRUK_POOLED_AR1,DefInd,FRUK,1,POOLED_AR1,FR,1992,11.19704071104373,-.0834796705081331,.0113054754277818
DefInd_s1_FRUK_POOLED_AR1,DefInd,FRUK,1,POOLED_AR1,FR,1993,11.22365049212424,-.1015754319078397,-.0382869540252631
DefInd_s1_FRUK_POOLED_AR1,DefInd,FRUK,1,POOLED_AR1,FR,1994,11.20577130897479,-.0599629006530886,.0170445244670928
DefInd_s1_FRUK_POOLED_AR1,DefInd,FRUK,1,POOLED_AR1,FR,1995,11.19878219000646,-.0176208235598576,.0278388756538379
DefInd_s1_FRUK_POOLED_AR1,DefInd,FRUK,1,POOLED_AR1,FR,1996,11.20208785962106,-.0282752797468646,-.0149163973345031
DefInd_s1_FRUK_POOLED_AR1,DefInd,FRUK,1,POOLED_AR1,FR,1997,11.22764842942336,-.0015835486091618,.0198528011750502
DefInd_s1_FRUK_POOLED_AR1,DefInd,FRUK,1,POOLED_AR1,FR,1998,11.21856643440393,.040858525025973,.0420590614022774
DefInd_s1_FRUK_POOLED_AR1,DefInd,FRUK,1,POOLED_AR1,FR,1999,11.23742193779001,.0469907591600887,.016014668314485
DefInd_s1_FRUK_POOLED_AR1,DefInd,FRUK,1,POOLED_AR1,FR,2000,11.26458897223095,.0627971892413495,.0271720651400389
DefInd_s1_FRUK_POOLED_AR1,DefInd,FRUK,1,POOLED_AR1,FR,2001,11.27868806042521,.0309708274139879,-.0166376322049551
DefInd_s1_FRUK_POOLED_AR1,DefInd,FRUK,1,POOLED_AR1,FR,2002,11.29162411225798,.012702109124124,-.0107778173521588
DefInd_s1_FRUK_POOLED_AR1,DefInd,FRUK,1,POOLED_AR1,FR,2003,11.28938728969623,.0110457575360705,.0014159021776228
DefInd_s1_FRUK_POOLED_AR1,DefInd,FRUK,1,POOLED_AR1,FR,2004,11.26828453656876,.0611184558427453,.0527443310137572
DefInd_s1_FRUK_POOLED_AR1,DefInd,FRUK,1,POOLED_AR1,FR,2005,11.32407440508273,.0117606732218682,-.0345750875361234
DefInd_s1_FRUK_POOLED_AR1,DefInd,FRUK,1,POOLED_AR1,FR,2006,11.25037417653529,.0895113073541065,.0805951831941063
DefInd_s1_FRUK_POOLED_AR1,DefInd,FRUK,1,POOLED_AR1,FR,2007,11.22757751180342,.1433574094117791,.0754961641380695
DefInd_s1_FRUK_POOLED_AR1,DefInd,FRUK,1,POOLED_AR1,FR,2008,11.34671144108344,-.0053679204825396,-.1140515338657157
DefInd_s1_FRUK_POOLED_AR1,DefInd,FRUK,1,POOLED_AR1,FR,2009,11.35786467856329,-.0471533711031871,-.0430837872791644
DefInd_s1_FRUK_POOLED_AR1,DefInd,FRUK,1,POOLED_AR1,FR,2010,11.37566972797424,-.0209923070681359,.014756098094319
DefInd_s1_FRUK_POOLED_AR1,DefInd,FRUK,1,POOLED_AR1,FR,2011,11.40619887634561,-.0176991902587051,-.0017842836293535
DefInd_s1_FRUK_POOLED_AR1,DefInd,FRUK,1,POOLED_AR1,FR,2012,11.39615416745098,-.0068966346895838,.0065216599012944
DefInd_s1_FRUK_POOLED_AR1,DefInd,FRUK,1,POOLED_AR1,FR,2013,11.40474123976726,.0039080098453415,.0091365584172169
DefInd_s1_FRUK_POOLED_AR1,DefInd,FRUK,1,POOLED_AR1,FR,2014,11.40125243364458,.0161125431810234,.0131497620253684
DefInd_s1_FRUK_POOLED_AR1,DefInd,FRUK,1,POOLED_AR1,FR,2015,11.39502187295231,.0666802366679899,.0544648274966647
DefInd_s1_FRUK_POOLED_AR1,DefInd,FRUK,1,POOLED_AR1,FR,2016,11.39400930868957,.0665210504970304,.0159687344914718
DefInd_s1_FRUK_POOLED_AR1,DefInd,FRUK,1,POOLED_AR1,FR,2017,11.40256070034109,.0694804667414051,.0190488346149114
DefInd_s1_FRUK_POOLED_AR1,DefInd,FRUK,1,POOLED_AR1,FR,2018,11.4650102863506,.0103347537735967,-.0423405018409556
DefInd_s1_FRUK_POOLED_AR1,DefInd,FRUK,1,POOLED_AR1,FR,2019,11.48395988090693,-.0165944518935319,-.0244295431395908
DefInd_s1_FRUK_POOLED_AR1,DefInd,FRUK,1,POOLED_AR1,FR,2020,11.38123440870413,-.0566740925622273,-.0440933337350233
DefInd_s1_FRUK_POOLED_AR1,DefInd,FRUK,1,POOLED_AR1,FR,2021,11.34700806032584,.0221827685818603,.0651491223277124
DefInd_s1_FRUK_POOLED_AR1,DefInd,FRUK,1,POOLED_AR1,FR,2022,11.36501828938083,.0623321173431712,.0455146856233059
DefInd_s1_FRUK_POOLED_AR1,DefInd,FRUK,1,POOLED_AR1,FR,2023,11.36722203440793,.0798914129515733,.0326355384873452
DefInd_s1_FRUK_POOLED_AR1,DefInd,FRUK,1,POOLED_AR1,FR,2024,11.37517362641309,.0757933660191004,.0152252553543507
DefInd_s1_FRUK_POOLED_AR1,DefInd,FRUK,1,POOLED_AR1,UK,1981,11.09894943569176,-.3570863421285644,
DefInd_s1_FRUK_POOLED_AR1,DefInd,FRUK,1,POOLED_AR1,UK,1982,11.11042785114645,-.3284055657913498,-.0576875463213035
DefInd_s1_FRUK_POOLED_AR1,DefInd,FRUK,1,POOLED_AR1,UK,1983,11.1094558575988,-.2636435223170999,-.0146692719326788
DefInd_s1_FRUK_POOLED_AR1,DefInd,FRUK,1,POOLED_AR1,UK,1984,11.08200593716002,-.1879684570782221,.0119077179172788
DefInd_s1_FRUK_POOLED_AR1,DefInd,FRUK,1,POOLED_AR1,UK,1985,11.0590727863603,-.1366426594464016,.0058619463576917
DefInd_s1_FRUK_POOLED_AR1,DefInd,FRUK,1,POOLED_AR1,UK,1986,11.07723184858135,-.1092405790944468,-.0056476219403155
DefInd_s1_FRUK_POOLED_AR1,DefInd,FRUK,1,POOLED_AR1,UK,1987,11.04927526326834,-.0309869034798389,.0518317029163757
DefInd_s1_FRUK_POOLED_AR1,DefInd,FRUK,1,POOLED_AR1,UK,1988,11.06598387472251,-.0066529067553063,.0168392074755741
DefInd_s1_FRUK_POOLED_AR1,DefInd,FRUK,1,POOLED_AR1,UK,1989,11.04034066733111,.0201274920974903,.0251712631075475
DefInd_s1_FRUK_POOLED_AR1,DefInd,FRUK,1,POOLED_AR1,UK,1990,11.06109064874574,-.0131254930960427,-.02838475718621
DefInd_s1_FRUK_POOLED_AR1,DefInd,FRUK,1,POOLED_AR1,UK,1991,11.06545848889247,.0296499203773255,.0396007560053348
DefInd_s1_FRUK_POOLED_AR1,DefInd,FRUK,1,POOLED_AR1,UK,1992,11.07661689092233,.0659144763155659,.0434359696492309
DefInd_s1_FRUK_POOLED_AR1,DefInd,FRUK,1,POOLED_AR1,UK,1993,11.08521493248771,.09268391936609,.0427121495801409
DefInd_s1_FRUK_POOLED_AR1,DefInd,FRUK,1,POOLED_AR1,UK,1994,11.10612287411031,.1487774114294904,.0785109124703239
DefInd_s1_FRUK_POOLED_AR1,DefInd,FRUK,1,POOLED_AR1,UK,1995,11.03002442018569,.175101146854411,.0623084650509419
DefInd_s1_FRUK_POOLED_AR1,DefInd,FRUK,1,POOLED_AR1,UK,1996,11.01050126039823,.1928214698410731,.0600719633749506
DefInd_s1_FRUK_POOLED_AR1,DefInd,FRUK,1,POOLED_AR1,UK,1997,11.09050707961221,.1470502026472857,.000866380226308
DefInd_s1_FRUK_POOLED_AR1,DefInd,FRUK,1,POOLED_AR1,UK,1998,11.10316695083853,.1358708181522683,.0243875858728064
DefInd_s1_FRUK_POOLED_AR1,DefInd,FRUK,1,POOLED_AR1,UK,1999,11.13762809563351,.1272455476542902,.0242377468666763
DefInd_s1_FRUK_POOLED_AR1,DefInd,FRUK,1,POOLED_AR1,UK,2000,11.16926359578336,.1355181896389368,.0390494688191738
DefInd_s1_FRUK_POOLED_AR1,DefInd,FRUK,1,POOLED_AR1,UK,2001,11.21288807273408,.1040836589786149,.0013431965948412
DefInd_s1_FRUK_POOLED_AR1,DefInd,FRUK,1,POOLED_AR1,UK,2002,11.25872105999462,.09621185408208,.0173028657127028
DefInd_s1_FRUK_POOLED_AR1,DefInd,FRUK,1,POOLED_AR1,UK,2003,11.27702543167459,.1198041988348102,.0468630652384315
DefInd_s1_FRUK_POOLED_AR1,DefInd,FRUK,1,POOLED_AR1,UK,2004,11.34138151430534,.0672330011678586,-.0235942067265232
DefInd_s1_FRUK_POOLED_AR1,DefInd,FRUK,1,POOLED_AR1,UK,2005,11.27462164500015,.1664677984846463,.1154964148951926
DefInd_s1_FRUK_POOLED_AR1,DefInd,FRUK,1,POOLED_AR1,UK,2006,11.38340716508573,.0646516301816717,-.0615526722362484
DefInd_s1_FRUK_POOLED_AR1,DefInd,FRUK,1,POOLED_AR1,UK,2007,11.37223012939685,.0879013820906476,.0388870143778927
DefInd_s1_FRUK_POOLED_AR1,DefInd,FRUK,1,POOLED_AR1,UK,2008,11.38375159260301,.092988303558295,.0263475916049594
DefInd_s1_FRUK_POOLED_AR1,DefInd,FRUK,1,POOLED_AR1,UK,2009,11.37531104433249,.0645839780230073,-.0059132838524347
DefInd_s1_FRUK_POOLED_AR1,DefInd,FRUK,1,POOLED_AR1,UK,2010,11.34665357809473,.1793733128515687,.1304102342984533
DefInd_s1_FRUK_POOLED_AR1,DefInd,FRUK,1,POOLED_AR1,UK,2011,11.41019091245795,.1194568669530476,-.0165314985260062
DefInd_s1_FRUK_POOLED_AR1,DefInd,FRUK,1,POOLED_AR1,UK,2012,11.38880800153853,.1497653534700731,.0592014684420018
DefInd_s1_FRUK_POOLED_AR1,DefInd,FRUK,1,POOLED_AR1,UK,2013,11.39835221105766,.1913738732063397,.0778322024861187
DefInd_s1_FRUK_POOLED_AR1,DefInd,FRUK,1,POOLED_AR1,UK,2014,11.37472005933952,.221485640877777,.0763992855052741
DefInd_s1_FRUK_POOLED_AR1,DefInd,FRUK,1,POOLED_AR1,UK,2015,11.33531329629615,.261030953478949,.0931159509558398
DefInd_s1_FRUK_POOLED_AR1,DefInd,FRUK,1,POOLED_AR1,UK,2016,11.35147566768091,.2471985099157941,.0493030028376865
DefInd_s1_FRUK_POOLED_AR1,DefInd,FRUK,1,POOLED_AR1,UK,2017,11.37038191013346,.2336165310769367,.0462078202832422
DefInd_s1_FRUK_POOLED_AR1,DefInd,FRUK,1,POOLED_AR1,UK,2018,11.39985677892267,.1908484007209275,.0137366012843627
DefInd_s1_FRUK_POOLED_AR1,DefInd,FRUK,1,POOLED_AR1,UK,2019,11.41937024564149,.1821410763114137,.037453097616352
DefInd_s1_FRUK_POOLED_AR1,DefInd,FRUK,1,POOLED_AR1,UK,2020,11.40022010466258,.13734094732202,-.0007457438385607
DefInd_s1_FRUK_POOLED_AR1,DefInd,FRUK,1,POOLED_AR1,UK,2021,11.37431724246495,.2388232468934479,.134700896457063
DefInd_s1_FRUK_POOLED_AR1,DefInd,FRUK,1,POOLED_AR1,UK,2022,11.44557698585119,.140159206621906,-.0408999624770969
DefInd_s1_FRUK_POOLED_AR1,DefInd,FRUK,1,POOLED_AR1,UK,2023,11.46679672950461,.1515608957487924,.0453019371983299
DefInd_s1_FRUK_POOLED_AR1,DefInd,FRUK,1,POOLED_AR1,UK,2024,11.49037584130398,.1308488254315723,.0159458994847523
DefInd_s1_GIS_FE_AR1,DefInd,GIS,1,FE_AR1,DE,1991,11.17665473083557,-.1620098058566715,
DefInd_s1_GIS_FE_AR1,DefInd,GIS,1,FE_AR1,DE,1992,11.17638641375278,-.1255259431868812,.0077477690767306
DefInd_s1_GIS_FE_AR1,DefInd,GIS,1,FE_AR1,DE,1993,11.16581409869681,-.1481750281988106,-.0449139425784307
DefInd_s1_GIS_FE_AR1,DefInd,GIS,1,FE_AR1,DE,1994,11.17633483238123,-.1070132182222316,.0148796262781288
DefInd_s1_GIS_FE_AR1,DefInd,GIS,1,FE_AR1,DE,1995,11.21932451398468,-.1259105175035788,-.0378785074759248
DefInd_s1_GIS_FE_AR1,DefInd,GIS,1,FE_AR1,DE,1996,11.21430272140907,-.1101018742676683,-.0065244272606641
DefInd_s1_GIS_FE_AR1,DefInd,GIS,1,FE_AR1,DE,1997,11.19439469144648,-.0474572683550853,.0431155548962137
DefInd_s1_GIS_FE_AR1,DefInd,GIS,1,FE_AR1,DE,1998,11.19729946640011,-.0270967845283057,.0119428667701358
DefInd_s1_GIS_FE_AR1,DefInd,GIS,1,FE_AR1,DE,1999,11.17853467596209,-.0015393265832948,.0207512319751752
DefInd_s1_GIS_FE_AR1,DefInd,GIS,1,FE_AR1,DE,2000,11.16517689992351,.0551320536966866,.056398345987187
DefInd_s1_GIS_FE_AR1,DefInd,GIS,1,FE_AR1,DE,2001,11.19185590425665,.033235871583253,-.0121172687530461
DefInd_s1_GIS_FE_AR1,DefInd,GIS,1,FE_AR1,DE,2002,11.20322929966517,.0104913427368256,-.0168493973053884
DefInd_s1_GIS_FE_AR1,DefInd,GIS,1,FE_AR1,DE,2003,11.22577252097656,.0129349399518439,.0043044735070929
DefInd_s1_GIS_FE_AR1,DefInd,GIS,1,FE_AR1,DE,2004,11.2563696207249,.0215459639151021,.0109053273426822
DefInd_s1_GIS_FE_AR1,DefInd,GIS,1,FE_AR1,DE,2005,11.26370087685942,.0389809759127751,.0212566747195258
DefInd_s1_GIS_FE_AR1,DefInd,GIS,1,FE_AR1,DE,2006,11.2884169005237,.0914623516194997,.0593955310953763
DefInd_s1_GIS_FE_AR1,DefInd,GIS,1,FE_AR1,DE,2007,11.33677942577157,.0658421592253262,-.0093972811791296
DefInd_s1_GIS_FE_AR1,DefInd,GIS,1,FE_AR1,DE,2008,11.35173817451621,-.0034448703995054,-.0576084374565156
DefInd_s1_GIS_FE_AR1,DefInd,GIS,1,FE_AR1,DE,2009,11.24490119704504,-.0589402079489414,-.0561063630222011
DefInd_s1_GIS_FE_AR1,DefInd,GIS,1,FE_AR1,DE,2010,11.28166338405043,.0769961224559754,.1254819549857302
DefInd_s1_GIS_FE_AR1,DefInd,GIS,1,FE_AR1,DE,2011,11.35656160930276,.0546237723984397,-.008715350905552
DefInd_s1_GIS_FE_AR1,DefInd,GIS,1,FE_AR1,DE,2012,11.34861021382654,.0460533935093572,.0011183793175425
DefInd_s1_GIS_FE_AR1,DefInd,GIS,1,FE_AR1,DE,2013,11.34579068486632,.0348300341813754,-.0030547511430322
DefInd_s1_GIS_FE_AR1,DefInd,GIS,1,FE_AR1,DE,2014,11.34513896811315,.0686970438210484,.0400449018776955
DefInd_s1_GIS_FE_AR1,DefInd,GIS,1,FE_AR1,DE,2015,11.3037212523343,.1240493485670022,.0675372750961722
DefInd_s1_GIS_FE_AR1,DefInd,GIS,1,FE_AR1,DE,2016,11.3009708162283,.1605437342093996,.0584973358448877
DefInd_s1_GIS_FE_AR1,DefInd,GIS,1,FE_AR1,DE,2017,11.30644956489581,.1612676849114933,.0292000034177055
DefInd_s1_GIS_FE_AR1,DefInd,GIS,1,FE_AR1,DE,2018,11.31007985043106,.1352915883835415,.0026283651751414
DefInd_s1_GIS_FE_AR1,DefInd,GIS,1,FE_AR1,DE,2019,11.29009261758664,.1343589573578559,.0230643840042726
DefInd_s1_GIS_FE_AR1,DefInd,GIS,1,FE_AR1,DE,2020,11.26262292071647,.1058681381890327,-.0046592272890266
DefInd_s1_GIS_FE_AR1,DefInd,GIS,1,FE_AR1,DE,2021,11.35631175557166,.0656111713412368,-.0214788644271655
DefInd_s1_GIS_FE_AR1,DefInd,GIS,1,FE_AR1,DE,2022,11.39479137806414,.0154596687808635,-.038513881303793
DefInd_s1_GIS_FE_AR1,DefInd,GIS,1,FE_AR1,DE,2023,11.39998270599899,.0197161639359074,.006998616143681
DefInd_s1_GIS_FE_AR1,DefInd,GIS,1,FE_AR1,DE,2024,11.39956239935101,.0240516582250745,.0078326007091302
DefInd_s1_GIS_FE_AR1,DefInd,GIS,1,FE_AR1,ES,1981,10.85072517922502,-.0382535647395219,
DefInd_s1_GIS_FE_AR1,DefInd,GIS,1,FE_AR1,ES,1982,10.84644221337709,-.0095343761109934,.0219340560199778
DefInd_s1_GIS_FE_AR1,DefInd,GIS,1,FE_AR1,ES,1983,10.84798372411549,.0220765747286151,.0299198141653301
DefInd_s1_GIS_FE_AR1,DefInd,GIS,1,FE_AR1,ES,1984,10.86852212143709,.0382956585888135,.0201348623790425
DefInd_s1_GIS_FE_AR1,DefInd,GIS,1,FE_AR1,ES,1985,10.86531742795253,.0794588788153714,.0479558191288094
DefInd_s1_GIS_FE_AR1,DefInd,GIS,1,FE_AR1,ES,1986,10.87176843278839,.1145339887076045,.0491689344380025
DefInd_s1_GIS_FE_AR1,DefInd,GIS,1,FE_AR1,ES,1987,10.88636094074342,.0909859748005779,-.0032328274176364
DefInd_s1_GIS_FE_AR1,DefInd,GIS,1,FE_AR1,ES,1988,10.88987903483329,.0997018116708084,.0248542519106033
DefInd_s1_GIS_FE_AR1,DefInd,GIS,1,FE_AR1,ES,1989,10.89492169082487,.0908511646644286,.0088337183097828
DefInd_s1_GIS_FE_AR1,DefInd,GIS,1,FE_AR1,ES,1990,10.91996702310124,-.0035675589254396,-.0783042201681113
DefInd_s1_GIS_FE_AR1,DefInd,GIS,1,FE_AR1,ES,1991,10.92846758163747,-.0150222929361661,-.0120875210611035
DefInd_s1_GIS_FE_AR1,DefInd,GIS,1,FE_AR1,ES,1992,10.92784737009817,-.0595639284974734,-.0472061780778136
DefInd_s1_GIS_FE_AR1,DefInd,GIS,1,FE_AR1,ES,1993,10.92177597882617,-.0784339044114724,-.0294349822419985
DefInd_s1_GIS_FE_AR1,DefInd,GIS,1,FE_AR1,ES,1994,10.93419551111941,-.0596039697525139,.0049179124445058
DefInd_s1_GIS_FE_AR1,DefInd,GIS,1,FE_AR1,ES,1995,10.96885291812594,-.0566348224424367,-.0076029612377314
DefInd_s1_GIS_FE_AR1,DefInd,GIS,1,FE_AR1,ES,1996,10.96563730736248,-.0585684905071844,-.0119791313607903
DefInd_s1_GIS_FE_AR1,DefInd,GIS,1,FE_AR1,ES,1997,10.96712106738823,-.0552384398017303,-.0070583922404478
DefInd_s1_GIS_FE_AR1,DefInd,GIS,1,FE_AR1,ES,1998,10.96846483696819,-.0604395531209878,-.0149988966551713
DefInd_s1_GIS_FE_AR1,DefInd,GIS,1,FE_AR1,ES,1999,10.96513600718805,-.0662637423909533,-.0165445073767839
DefInd_s1_GIS_FE_AR1,DefInd,GIS,1,FE_AR1,ES,2000,10.97032544927463,-.0572436103478289,-.002733237409447
DefInd_s1_GIS_FE_AR1,DefInd,GIS,1,FE_AR1,ES,2001,10.9614559865293,-.0323104531022036,.0147797116818726
DefInd_s1_GIS_FE_AR1,DefInd,GIS,1,FE_AR1,ES,2002,10.98292821749107,-.0555507419989709,-.0289712765951323
DefInd_s1_GIS_FE_AR1,DefInd,GIS,1,FE_AR1,ES,2003,10.9944762691912,-.0736394726828014,-.0279419078591588
DefInd_s1_GIS_FE_AR1,DefInd,GIS,1,FE_AR1,ES,2004,10.9950692195403,-.0845298437642032,-.0239519926787307
DefInd_s1_GIS_FE_AR1,DefInd,GIS,1,FE_AR1,ES,2005,10.98455034281595,-.0738337199412467,-.0042971507444102
DefInd_s1_GIS_FE_AR1,DefInd,GIS,1,FE_AR1,ES,2006,10.99507140333273,-.0620418740779343,-.00130422986702
DefInd_s1_GIS_FE_AR1,DefInd,GIS,1,FE_AR1,ES,2007,11.01145291606319,-.0585365953019874,-.0074992470968241
DefInd_s1_GIS_FE_AR1,DefInd,GIS,1,FE_AR1,ES,2008,11.01265644030268,-.0574125493728825,-.0092587396826816
DefInd_s1_GIS_FE_AR1,DefInd,GIS,1,FE_AR1,ES,2009,10.9725403197273,-.0091075899437989,.038121548718408
DefInd_s1_GIS_FE_AR1,DefInd,GIS,1,FE_AR1,ES,2010,10.98951078515636,.0042777268200389,.0117698802435092
DefInd_s1_GIS_FE_AR1,DefInd,GIS,1,FE_AR1,ES,2011,11.02499338667612,.0121054216940788,.0085864462200845
DefInd_s1_GIS_FE_AR1,DefInd,GIS,1,FE_AR1,ES,2012,11.00938617159904,.0394848675132629,.0295266154237959
DefInd_s1_GIS_FE_AR1,DefInd,GIS,1,FE_AR1,ES,2013,11.00850855230075,.08267361139605,.0501922758132833
DefInd_s1_GIS_FE_AR1,DefInd,GIS,1,FE_AR1,ES,2014,11.01323359484881,.114131160713594,.0461215792025925
DefInd_s1_GIS_FE_AR1,DefInd,GIS,1,FE_AR1,ES,2015,11.022954239023,.1185846299070992,.0246972050513945
DefInd_s1_GIS_FE_AR1,DefInd,GIS,1,FE_AR1,ES,2016,11.03894565831725,.0891210212268536,-.0084299496020816
DefInd_s1_GIS_FE_AR1,DefInd,GIS,1,FE_AR1,ES,2017,11.03205853482357,.1116240748643307,.0383106770929956
DefInd_s1_GIS_FE_AR1,DefInd,GIS,1,FE_AR1,ES,2018,11.02669490160261,.0893645424163907,-.0024604848188238
DefInd_s1_GIS_FE_AR1,DefInd,GIS,1,FE_AR1,ES,2019,11.02212027015964,.077680418971859,.0041666939871627
DefInd_s1_GIS_FE_AR1,DefInd,GIS,1,FE_AR1,ES,2020,11.01142712085499,.0292385639344115,-.0346634804624031
DefInd_s1_GIS_FE_AR1,DefInd,GIS,1,FE_AR1,ES,2021,11.10331119947818,.0419845231018172,.017932078027947
DefInd_s1_GIS_FE_AR1,DefInd,GIS,1,FE_AR1,ES,2022,11.16032383072544,-.003260110973736,-.0377977318406283
DefInd_s1_GIS_FE_AR1,DefInd,GIS,1,FE_AR1,ES,2023,11.1617245284779,-.0011753477499017,.0015065090029267
DefInd_s1_GIS_FE_AR1,DefInd,GIS,1,FE_AR1,ES,2024,11.17442611812742,-.0069164192102633,-.0059495458966278
DefInd_s1_GIS_FE_AR1,DefInd,GIS,1,FE_AR1,IT,1981,11.03028397336364,-.1095513726449404,
DefInd_s1_GIS_FE_AR1,DefInd,GIS,1,FE_AR1,IT,1982,11.00490518434187,-.1013938692561709,-.0112739037469087
DefInd_s1_GIS_FE_AR1,DefInd,GIS,1,FE_AR1,IT,1983,10.99613714931005,-.1122160925355473,-.0288067131767687
DefInd_s1_GIS_FE_AR1,DefInd,GIS,1,FE_AR1,IT,1984,10.99000162695834,-.0335930376702382,.0587189995478071
DefInd_s1_GIS_FE_AR1,DefInd,GIS,1,FE_AR1,IT,1985,10.98635600979554,.0038331600946613,.0314677147615857
DefInd_s1_GIS_FE_AR1,DefInd,GIS,1,FE_AR1,IT,1986,11.02774409442507,-.0187513856031654,-.0219046482888092
DefInd_s1_GIS_FE_AR1,DefInd,GIS,1,FE_AR1,IT,1987,11.05471390959124,-.0189898022077415,-.0035643978243106
DefInd_s1_GIS_FE_AR1,DefInd,GIS,1,FE_AR1,IT,1988,11.06208731535732,-.0121549364405222,.0034665959845981
DefInd_s1_GIS_FE_AR1,DefInd,GIS,1,FE_AR1,IT,1989,11.06032670971106,.0154983582447397,.0254973425234431
DefInd_s1_GIS_FE_AR1,DefInd,GIS,1,FE_AR1,IT,1990,11.06638075835437,-.0473793088888659,-.0601286836958153
DefInd_s1_GIS_FE_AR1,DefInd,GIS,1,FE_AR1,IT,1991,11.05985900570036,-.0676362312463574,-.0286607115442364
DefInd_s1_GIS_FE_AR1,DefInd,GIS,1,FE_AR1,IT,1992,11.07274569386312,-.0623272300044153,-.0066878100689525
DefInd_s1_GIS_FE_AR1,DefInd,GIS,1,FE_AR1,IT,1993,11.056411589359,-.0279350915813978,.0233369982397896
DefInd_s1_GIS_FE_AR1,DefInd,GIS,1,FE_AR1,IT,1994,11.06185864208995,.0196947865800503,.0426749595256964
DefInd_s1_GIS_FE_AR1,DefInd,GIS,1,FE_AR1,IT,1995,11.10173750448626,.0304947076028412,.0142932356864746
DefInd_s1_GIS_FE_AR1,DefInd,GIS,1,FE_AR1,IT,1996,11.1068042199759,.033596859499097,.0085110761717622
DefInd_s1_GIS_FE_AR1,DefInd,GIS,1,FE_AR1,IT,1997,11.08601740475608,.0662515403112245,.0386138417030001
DefInd_s1_GIS_FE_AR1,DefInd,GIS,1,FE_AR1,IT,1998,11.06935203414572,.0781749191749768,.0236745840022363
DefInd_s1_GIS_FE_AR1,DefInd,GIS,1,FE_AR1,IT,1999,11.06123010642178,.0813957090987163,.0170868752644591
DefInd_s1_GIS_FE_AR1,DefInd,GIS,1,FE_AR1,IT,2000,11.06596366055289,.1067209788203094,.0397626348080216
DefInd_s1_GIS_FE_AR1,DefInd,GIS,1,FE_AR1,IT,2001,11.07310508941192,.0947162140981828,.006924608222351
DefInd_s1_GIS_FE_AR1,DefInd,GIS,1,FE_AR1,IT,2002,11.0729907609523,.0721244140868027,-.0057917428869762
DefInd_s1_GIS_FE_AR1,DefInd,GIS,1,FE_AR1,IT,2003,11.08434291493071,.0148986847510866,-.0444328375562115
DefInd_s1_GIS_FE_AR1,DefInd,GIS,1,FE_AR1,IT,2004,11.0902403421758,.0193616339303961,.0071055669959094
DefInd_s1_GIS_FE_AR1,DefInd,GIS,1,FE_AR1,IT,2005,11.0861399062747,.017685669722896,.0017582583187008
DefInd_s1_GIS_FE_AR1,DefInd,GIS,1,FE_AR1,IT,2006,11.08449409000023,.0309671921872745,.016418474932939
DefInd_s1_GIS_FE_AR1,DefInd,GIS,1,FE_AR1,IT,2007,11.11430365648559,.032487632114508,.0070131700018257
DefInd_s1_GIS_FE_AR1,DefInd,GIS,1,FE_AR1,IT,2008,11.12315398748876,-.0066311228884626,-.0333563406100707
DefInd_s1_GIS_FE_AR1,DefInd,GIS,1,FE_AR1,IT,2009,11.0395890149411,-.0485953040996989,-.0431403604365761
DefInd_s1_GIS_FE_AR1,DefInd,GIS,1,FE_AR1,IT,2010,11.03669259579547,.0447520074702279,.0847278382028174
DefInd_s1_GIS_FE_AR1,DefInd,GIS,1,FE_AR1,IT,2011,11.08318911194513,.0105009426440734,-.0263132868111651
DefInd_s1_GIS_FE_AR1,DefInd,GIS,1,FE_AR1,IT,2012,11.07860528822849,-.0237348273589877,-.0323731909508869
DefInd_s1_GIS_FE_AR1,DefInd,GIS,1,FE_AR1,IT,2013,11.09461831325219,-.0268961538564874,-.0073712335262531
DefInd_s1_GIS_FE_AR1,DefInd,GIS,1,FE_AR1,IT,2014,11.08872588075321,.0047084092298952,.0268339234919057
DefInd_s1_GIS_FE_AR1,DefInd,GIS,1,FE_AR1,IT,2015,11.07531311678153,.0661184352409734,.0622451685975978
DefInd_s1_GIS_FE_AR1,DefInd,GIS,1,FE_AR1,IT,2016,11.07956299911499,.0920347112521114,.0376438719629051
DefInd_s1_GIS_FE_AR1,DefInd,GIS,1,FE_AR1,IT,2017,11.08729729080631,.1029343163571887,.0272240372119256
DefInd_s1_GIS_FE_AR1,DefInd,GIS,1,FE_AR1,IT,2018,11.0979504426846,.0975034434634985,.0128268500455906
DefInd_s1_GIS_FE_AR1,DefInd,GIS,1,FE_AR1,IT,2019,11.09053172301888,.0940228822458185,.0138138739073857
DefInd_s1_GIS_FE_AR1,DefInd,GIS,1,FE_AR1,IT,2020,11.06544634298151,.0262261032655928,-.0511196998996212
DefInd_s1_GIS_FE_AR1,DefInd,GIS,1,FE_AR1,IT,2021,11.19676597428914,.0357263279111599,.0141520156531315
DefInd_s1_GIS_FE_AR1,DefInd,GIS,1,FE_AR1,IT,2022,11.26206179035591,-.0019555989697064,-.0313450567317861
DefInd_s1_GIS_FE_AR1,DefInd,GIS,1,FE_AR1,IT,2023,11.26827785632962,-.0114561988697162,-.0098474694905683
DefInd_s1_GIS_FE_AR1,DefInd,GIS,1,FE_AR1,IT,2024,11.28533567678061,-.0094272739415526,-3.09036375105e-06
DefInd_s1_GIS_POOLED_AR1,DefInd,GIS,1,POOLED_AR1,DE,1991,11.15571400297565,-.1410690779967485,
DefInd_s1_GIS_POOLED_AR1,DefInd,GIS,1,POOLED_AR1,DE,1992,11.15417174969823,-.1033112791323276,.0145076160581085
DefInd_s1_GIS_POOLED_AR1,DefInd,GIS,1,POOLED_AR1,DE,1993,11.14102530498972,-.1233862344917238,-.0371021179374059
DefInd_s1_GIS_POOLED_AR1,DefInd,GIS,1,POOLED_AR1,DE,1994,11.14938086238703,-.0800592482280287,.0229911866082865
DefInd_s1_GIS_POOLED_AR1,DefInd,GIS,1,POOLED_AR1,DE,1995,11.19080837287682,-.0973943763957177,-.0305300266037623
DefInd_s1_GIS_POOLED_AR1,DefInd,GIS,1,POOLED_AR1,DE,1996,11.18635777723856,-.0821569300971579,-.000814526874182
DefInd_s1_GIS_POOLED_AR1,DefInd,GIS,1,POOLED_AR1,DE,1997,11.16664387469496,-.0197064516035592,.048909852364261
DefInd_s1_GIS_POOLED_AR1,DefInd,GIS,1,POOLED_AR1,DE,1998,11.1699540505065,.0002486313653023,.0167071805316097
DefInd_s1_GIS_POOLED_AR1,DefInd,GIS,1,POOLED_AR1,DE,1999,11.15265194997241,.0243433994063853,.0241357460128451
DefInd_s1_GIS_POOLED_AR1,DefInd,GIS,1,POOLED_AR1,DE,2000,11.14013079627659,.080178157343612,.0598468950714793
DefInd_s1_GIS_POOLED_AR1,DefInd,GIS,1,POOLED_AR1,DE,2001,11.16625227519198,.0588395006479239,-.00812416035259
DefInd_s1_GIS_POOLED_AR1,DefInd,GIS,1,POOLED_AR1,DE,2002,11.1772231408069,.0364975015951021,-.0126444156722322
DefInd_s1_GIS_POOLED_AR1,DefInd,GIS,1,POOLED_AR1,DE,2003,11.19899904974844,.0397084111799639,.0092262149665228
DefInd_s1_GIS_POOLED_AR1,DefInd,GIS,1,POOLED_AR1,DE,2004,11.2286294921374,.0492860925025962,.0161221900979973
DefInd_s1_GIS_POOLED_AR1,DefInd,GIS,1,POOLED_AR1,DE,2005,11.23572211640539,.0669597363668082,.0257966902239578
DefInd_s1_GIS_POOLED_AR1,DefInd,GIS,1,POOLED_AR1,DE,2006,11.26008378155493,.119795470588274,.0638716475009632
DefInd_s1_GIS_POOLED_AR1,DefInd,GIS,1,POOLED_AR1,DE,2007,11.30939472787458,.0932268571223194,-.0068246225779602
DefInd_s1_GIS_POOLED_AR1,DefInd,GIS,1,POOLED_AR1,DE,2008,11.32537768286458,.0229156212521175,-.0549461289216624
DefInd_s1_GIS_POOLED_AR1,DefInd,GIS,1,POOLED_AR1,DE,2009,11.21927102261915,-.033310033523053,-.05244883571037
DefInd_s1_GIS_POOLED_AR1,DefInd,GIS,1,POOLED_AR1,DE,2010,11.2559929615004,.1026665450059969,.1304866130476477
DefInd_s1_GIS_POOLED_AR1,DefInd,GIS,1,POOLED_AR1,DE,2011,11.33207442213874,.0791109595624615,-.00663468418453
DefInd_s1_GIS_POOLED_AR1,DefInd,GIS,1,POOLED_AR1,DE,2012,11.32495900626456,.0697046010713436,.0036322485369397
DefInd_s1_GIS_POOLED_AR1,DefInd,GIS,1,POOLED_AR1,DE,2013,11.32264124601256,.0579794730351377,-.0002368221624894
DefInd_s1_GIS_POOLED_AR1,DefInd,GIS,1,POOLED_AR1,DE,2014,11.32190523382284,.0919307781113616,.0435071437208323
DefInd_s1_GIS_POOLED_AR1,DefInd,GIS,1,POOLED_AR1,DE,2015,11.28210484138127,.1456657595200248,.0688864761725615
DefInd_s1_GIS_POOLED_AR1,DefInd,GIS,1,POOLED_AR1,DE,2016,11.28088853295573,.1806260174819716,.058968039011873
DefInd_s1_GIS_POOLED_AR1,DefInd,GIS,1,POOLED_AR1,DE,2017,11.28724567638478,.1804715734225244,.0296152828407938
DefInd_s1_GIS_POOLED_AR1,DefInd,GIS,1,POOLED_AR1,DE,2018,11.29196083815214,.1534106006624611,.0026832995709236
DefInd_s1_GIS_POOLED_AR1,DefInd,GIS,1,POOLED_AR1,DE,2019,11.27319533289384,.1512562420506622,.023129881992018
DefInd_s1_GIS_POOLED_AR1,DefInd,GIS,1,POOLED_AR1,DE,2020,11.24495202989417,.1235390290113312,-.002788041259001
DefInd_s1_GIS_POOLED_AR1,DefInd,GIS,1,POOLED_AR1,DE,2021,11.33893801254312,.0829849143697761,-.0201931322844295
DefInd_s1_GIS_POOLED_AR1,DefInd,GIS,1,POOLED_AR1,DE,2022,11.37833520197674,.0319158448682604,-.0373919798326661
DefInd_s1_GIS_POOLED_AR1,DefInd,GIS,1,POOLED_AR1,DE,2023,11.3830841102271,.0366147597078026,.0099590982769222
DefInd_s1_GIS_POOLED_AR1,DefInd,GIS,1,POOLED_AR1,DE,2024,11.38263797278593,.0409760847901612,.0103959562623769
DefInd_s1_GIS_POOLED_AR1,DefInd,GIS,1,POOLED_AR1,ES,1981,10.83079348264045,-.0183218681549508,
DefInd_s1_GIS_POOLED_AR1,DefInd,GIS,1,POOLED_AR1,ES,1982,10.82569311585765,.0112147214084484,.0265168860960981
DefInd_s1_GIS_POOLED_AR1,DefInd,GIS,1,POOLED_AR1,ES,1983,10.8275130341637,.0425472646803975,.0331808882570514
DefInd_s1_GIS_POOLED_AR1,DefInd,GIS,1,POOLED_AR1,ES,1984,10.8503532576653,.0564645223606011,.0209296497350421
DefInd_s1_GIS_POOLED_AR1,DefInd,GIS,1,POOLED_AR1,ES,1985,10.85066404881314,.0941122579547553,.046953888902857
DefInd_s1_GIS_POOLED_AR1,DefInd,GIS,1,POOLED_AR1,ES,1986,10.85777362346878,.1285287980272187,.0499275736230854
DefInd_s1_GIS_POOLED_AR1,DefInd,GIS,1,POOLED_AR1,ES,1987,10.87692964403333,.1004172715106737,-.0069281595275206
DefInd_s1_GIS_POOLED_AR1,DefInd,GIS,1,POOLED_AR1,ES,1988,10.88356183624409,.1060190102600131,.0221519278672415
DefInd_s1_GIS_POOLED_AR1,DefInd,GIS,1,POOLED_AR1,ES,1989,10.89198031563226,.0937925398570378,.0052469646296576
DefInd_s1_GIS_POOLED_AR1,DefInd,GIS,1,POOLED_AR1,ES,1990,10.91863264461547,-.0022331804396689,-.0805673808185489
DefInd_s1_GIS_POOLED_AR1,DefInd,GIS,1,POOLED_AR1,ES,1991,10.92904478096694,-.0155994922656379,-.0137343716034844
DefInd_s1_GIS_POOLED_AR1,DefInd,GIS,1,POOLED_AR1,ES,1992,10.92564273613272,-.0573592945320183,-.0443308196148463
DefInd_s1_GIS_POOLED_AR1,DefInd,GIS,1,POOLED_AR1,ES,1993,10.9198665732601,-.0765244988453979,-.028618828753608
DefInd_s1_GIS_POOLED_AR1,DefInd,GIS,1,POOLED_AR1,ES,1994,10.93059555989853,-.0560040185316257,.0079081586584343
DefInd_s1_GIS_POOLED_AR1,DefInd,GIS,1,POOLED_AR1,ES,1995,10.96632395251808,-.0541058568345836,-.0073320940559473
DefInd_s1_GIS_POOLED_AR1,DefInd,GIS,1,POOLED_AR1,ES,1996,10.96388974400554,-.0568209271502376,-.0116324821266621
DefInd_s1_GIS_POOLED_AR1,DefInd,GIS,1,POOLED_AR1,ES,1997,10.96511162314466,-.0532289955581557,-.0057729622757127
DefInd_s1_GIS_POOLED_AR1,DefInd,GIS,1,POOLED_AR1,ES,1998,10.9678882856512,-.0598630018040041,-.0154068988945976
DefInd_s1_GIS_POOLED_AR1,DefInd,GIS,1,POOLED_AR1,ES,1999,10.96702006558627,-.0681478007891645,-.0181510698578586
DefInd_s1_GIS_POOLED_AR1,DefInd,GIS,1,POOLED_AR1,ES,2000,10.97271157442952,-.0596297355027193,-.0027136578430755
DefInd_s1_GIS_POOLED_AR1,DefInd,GIS,1,POOLED_AR1,ES,2001,10.96316114171117,-.0340156082840739,.0157863019374578
DefInd_s1_GIS_POOLED_AR1,DefInd,GIS,1,POOLED_AR1,ES,2002,10.98938980213883,-.0620123266467321,-.0336029725616886
DefInd_s1_GIS_POOLED_AR1,DefInd,GIS,1,POOLED_AR1,ES,2003,11.00134870852294,-.0805119120145399,-.0287200954275284
DefInd_s1_GIS_POOLED_AR1,DefInd,GIS,1,POOLED_AR1,ES,2004,10.99979288906352,-.089253513287419,-.0220111051145852
DefInd_s1_GIS_POOLED_AR1,DefInd,GIS,1,POOLED_AR1,ES,2005,10.9898730138442,-.0791563909694961,-.0046131212698742
DefInd_s1_GIS_POOLED_AR1,DefInd,GIS,1,POOLED_AR1,ES,2006,11.00578379364712,-.0727542643923158,-.0066439681904564
DefInd_s1_GIS_POOLED_AR1,DefInd,GIS,1,POOLED_AR1,ES,2007,11.02430794459331,-.0713916238321097,-.0106282930382903
DefInd_s1_GIS_POOLED_AR1,DefInd,GIS,1,POOLED_AR1,ES,2008,11.02668700104563,-.0714431101158315,-.0118178374111764
DefInd_s1_GIS_POOLED_AR1,DefInd,GIS,1,POOLED_AR1,ES,2009,10.98619388475101,-.0227611549675046,.0369071183518259
DefInd_s1_GIS_POOLED_AR1,DefInd,GIS,1,POOLED_AR1,ES,2010,11.00110524746501,-.0073167354886063,.0116930586463742
DefInd_s1_GIS_POOLED_AR1,DefInd,GIS,1,POOLED_AR1,ES,2011,11.03518199769712,.0019168106730785,.0080276444852065
DefInd_s1_GIS_POOLED_AR1,DefInd,GIS,1,POOLED_AR1,ES,2012,11.01790624388712,.0309647952251773,.0293639021095609
DefInd_s1_GIS_POOLED_AR1,DefInd,GIS,1,POOLED_AR1,ES,2013,11.01593921210351,.0752429515932889,.049381593349262
DefInd_s1_GIS_POOLED_AR1,DefInd,GIS,1,POOLED_AR1,ES,2014,11.02025310934509,.107111646217307,.0442697991344679
DefInd_s1_GIS_POOLED_AR1,DefInd,GIS,1,POOLED_AR1,ES,2015,11.03145848659659,.1100803823335106,.020622253035729
DefInd_s1_GIS_POOLED_AR1,DefInd,GIS,1,POOLED_AR1,ES,2016,11.04798317047055,.0800835090735461,-.0118540665656309
DefInd_s1_GIS_POOLED_AR1,DefInd,GIS,1,POOLED_AR1,ES,2017,11.04072285083284,.1029597588550573,.0360751467486682
DefInd_s1_GIS_POOLED_AR1,DefInd,GIS,1,POOLED_AR1,ES,2018,11.03776470142705,.0782947425919485,-.0076957892073461
DefInd_s1_GIS_POOLED_AR1,DefInd,GIS,1,POOLED_AR1,ES,2019,11.0340301488124,.0657705403190967,.0003798806338071
DefInd_s1_GIS_POOLED_AR1,DefInd,GIS,1,POOLED_AR1,ES,2020,11.02377898227513,.0168867025142667,-.0380439208832479
DefInd_s1_GIS_POOLED_AR1,DefInd,GIS,1,POOLED_AR1,ES,2021,11.11449321513136,.0308025074486356,.0166989727697861
DefInd_s1_GIS_POOLED_AR1,DefInd,GIS,1,POOLED_AR1,ES,2022,11.17165384484405,-.0145901250923508,-.0403159428848019
DefInd_s1_GIS_POOLED_AR1,DefInd,GIS,1,POOLED_AR1,ES,2023,11.17375593432663,-.0132067535986273,-.0010212878432571
DefInd_s1_GIS_POOLED_AR1,DefInd,GIS,1,POOLED_AR1,ES,2024,11.18649971268144,-.0189900137642773,-.0079599202800167
DefInd_s1_GIS_POOLED_AR1,DefInd,GIS,1,POOLED_AR1,IT,1981,11.03961903435417,-.1188864336354669,
DefInd_s1_GIS_POOLED_AR1,DefInd,GIS,1,POOLED_AR1,IT,1982,11.01403657267078,-.1105252575850759,-.0112329926679927
DefInd_s1_GIS_POOLED_AR1,DefInd,GIS,1,POOLED_AR1,IT,1983,11.00613470661967,-.1222136498451736,-.0299045206991522
DefInd_s1_GIS_POOLED_AR1,DefInd,GIS,1,POOLED_AR1,IT,1984,11.00177961502908,-.0453710257409821,.0567000830124264
DefInd_s1_GIS_POOLED_AR1,DefInd,GIS,1,POOLED_AR1,IT,1985,10.99764894773166,-.0074597778414578,.0304334600131382
DefInd_s1_GIS_POOLED_AR1,DefInd,GIS,1,POOLED_AR1,IT,1986,11.04097135178462,-.0319786429627236,-.025748342204205
DefInd_s1_GIS_POOLED_AR1,DefInd,GIS,1,POOLED_AR1,IT,1987,11.06973674828296,-.0340126408994639,-.0073045313898494
DefInd_s1_GIS_POOLED_AR1,DefInd,GIS,1,POOLED_AR1,IT,1988,11.07920965436394,-.0292772754471375,-.0008703996796767
DefInd_s1_GIS_POOLED_AR1,DefInd,GIS,1,POOLED_AR1,IT,1989,11.0772361416409,-.0014110736850963,.0230408919501178
DefInd_s1_GIS_POOLED_AR1,DefInd,GIS,1,POOLED_AR1,IT,1990,11.08317459368222,-.0641731442167224,-.0629946354678797
DefInd_s1_GIS_POOLED_AR1,DefInd,GIS,1,POOLED_AR1,IT,1991,11.07647386292305,-.0842510884690544,-.0306545876633638
DefInd_s1_GIS_POOLED_AR1,DefInd,GIS,1,POOLED_AR1,IT,1992,11.0895174784083,-.0790990145496,-.0087336991808806
DefInd_s1_GIS_POOLED_AR1,DefInd,GIS,1,POOLED_AR1,IT,1993,11.06876477333016,-.0402882755525624,.0257741006763437
DefInd_s1_GIS_POOLED_AR1,DefInd,GIS,1,POOLED_AR1,IT,1994,11.07299893855964,.0085544901103614,.0422026870230836
DefInd_s1_GIS_POOLED_AR1,DefInd,GIS,1,POOLED_AR1,IT,1995,11.11265267023571,.0195795418533944,.0124349529184365
DefInd_s1_GIS_POOLED_AR1,DefInd,GIS,1,POOLED_AR1,IT,1996,11.11815456553068,.0222465139443226,.0058939580032184
DefInd_s1_GIS_POOLED_AR1,DefInd,GIS,1,POOLED_AR1,IT,1997,11.09841865067999,.0538502943873116,.0352703211431458
DefInd_s1_GIS_POOLED_AR1,DefInd,GIS,1,POOLED_AR1,IT,1998,11.08253174974537,.0649952035753252,.0200202006867472
DefInd_s1_GIS_POOLED_AR1,DefInd,GIS,1,POOLED_AR1,IT,1999,11.07444349782335,.0681823176971541,.0138992445625952
DefInd_s1_GIS_POOLED_AR1,DefInd,GIS,1,POOLED_AR1,IT,2000,11.08386024235043,.0888243970227744,.0318794913306342
DefInd_s1_GIS_POOLED_AR1,DefInd,GIS,1,POOLED_AR1,IT,2001,11.09130834733281,.076512956177293,.0023280783019222
DefInd_s1_GIS_POOLED_AR1,DefInd,GIS,1,POOLED_AR1,IT,2002,11.09141351153541,.0537016635036949,-.0102008734135075
DefInd_s1_GIS_POOLED_AR1,DefInd,GIS,1,POOLED_AR1,IT,2003,11.10190551765499,-.0026639179731891,-.0475147864536631
DefInd_s1_GIS_POOLED_AR1,DefInd,GIS,1,POOLED_AR1,IT,2004,11.10786829180593,.0017336843002678,.0039585508474662
DefInd_s1_GIS_POOLED_AR1,DefInd,GIS,1,POOLED_AR1,IT,2005,11.10363451938639,.0001910566112109,-.0012568919524797
DefInd_s1_GIS_POOLED_AR1,DefInd,GIS,1,POOLED_AR1,IT,2006,11.1015149441842,.0139463380032954,.0137867702286182
DefInd_s1_GIS_POOLED_AR1,DefInd,GIS,1,POOLED_AR1,IT,2007,11.1312641395918,.0155271490082995,.0038793651081416
DefInd_s1_GIS_POOLED_AR1,DefInd,GIS,1,POOLED_AR1,IT,2008,11.14057061421565,-.0240477496153453,-.0370158044689915
DefInd_s1_GIS_POOLED_AR1,DefInd,GIS,1,POOLED_AR1,IT,2009,11.05562716994658,-.0646334591051776,-.0445491193495756
DefInd_s1_GIS_POOLED_AR1,DefInd,GIS,1,POOLED_AR1,IT,2010,11.05226278581626,.0291818174494374,.0831627667279446
DefInd_s1_GIS_POOLED_AR1,DefInd,GIS,1,POOLED_AR1,IT,2011,11.09819113771928,-.0045010831300765,-.0288733235981183
DefInd_s1_GIS_POOLED_AR1,DefInd,GIS,1,POOLED_AR1,IT,2012,11.09329768082321,-.0384272199537143,-.0346679790975563
DefInd_s1_GIS_POOLED_AR1,DefInd,GIS,1,POOLED_AR1,IT,2013,11.10717182447309,-.0394496650773881,-.0073557954322568
DefInd_s1_GIS_POOLED_AR1,DefInd,GIS,1,POOLED_AR1,IT,2014,11.10193673131981,-.0085024413367059,.0244453599890938
DefInd_s1_GIS_POOLED_AR1,DefInd,GIS,1,POOLED_AR1,IT,2015,11.0888197594419,.0526117925805956,.0597129111172551
DefInd_s1_GIS_POOLED_AR1,DefInd,GIS,1,POOLED_AR1,IT,2016,11.09435301921604,.0772446911510567,.0333040674236015
DefInd_s1_GIS_POOLED_AR1,DefInd,GIS,1,POOLED_AR1,IT,2017,11.10181334688976,.0884182602737411,.0239045886741172
DefInd_s1_GIS_POOLED_AR1,DefInd,GIS,1,POOLED_AR1,IT,2018,11.11304825241704,.0824056337310548,.0085599555140843
DefInd_s1_GIS_POOLED_AR1,DefInd,GIS,1,POOLED_AR1,IT,2019,11.10708586224075,.0774687430239478,.0086447253048811
DefInd_s1_GIS_POOLED_AR1,DefInd,GIS,1,POOLED_AR1,IT,2020,11.08333259064256,.0083398556045431,-.0563609409448163
DefInd_s1_GIS_POOLED_AR1,DefInd,GIS,1,POOLED_AR1,IT,2021,11.2143969019464,.0180954002538947,.011130071017124
DefInd_s1_GIS_POOLED_AR1,DefInd,GIS,1,POOLED_AR1,IT,2022,11.28215117608746,-.0220449847012603,-.0371580066066827
DefInd_s1_GIS_POOLED_AR1,DefInd,GIS,1,POOLED_AR1,IT,2023,11.28785667677369,-.0310350193137925,-.0126233604380436
DefInd_s1_GIS_POOLED_AR1,DefInd,GIS,1,POOLED_AR1,IT,2024,11.30508804494749,-.0291796421084296,-.0032596337005689
DefInd_s2_FRUK_FE_AR1,DefInd,FRUK,2,FE_AR1,FR,1981,11.07197168024218,-.2759104738776816,
DefInd_s2_FRUK_FE_AR1,DefInd,FRUK,2,FE_AR1,FR,1982,11.07505085973987,-.2714995075274693,-.0569636313354169
DefInd_s2_FRUK_FE_AR1,DefInd,FRUK,2,FE_AR1,FR,1983,11.09605011385108,-.2601015546420822,-.0489954523092707
DefInd_s2_FRUK_FE_AR1,DefInd,FRUK,2,FE_AR1,FR,1984,11.09613339706411,-.225166037370915,-.0229224830041018
DefInd_s2_FRUK_FE_AR1,DefInd,FRUK,2,FE_AR1,FR,1985,11.08524614747392,-.1679912958611158,.0070879334162659
DefInd_s2_FRUK_FE_AR1,DefInd,FRUK,2,FE_AR1,FR,1986,11.09227420274249,-.1524191430178909,-.0217964836324399
DefInd_s2_FRUK_FE_AR1,DefInd,FRUK,2,FE_AR1,FR,1987,11.05929111701591,-.0952262306583069,.0232882060581531
DefInd_s2_FRUK_FE_AR1,DefInd,FRUK,2,FE_AR1,FR,1988,11.04561918605161,-.0261578870300099,.0478858509391521
DefInd_s2_FRUK_FE_AR1,DefInd,FRUK,2,FE_AR1,FR,1989,11.03400191300123,.0131790893111674,.0335183143302356
DefInd_s2_FRUK_FE_AR1,DefInd,FRUK,2,FE_AR1,FR,1990,11.00772404148291,.0666292106590873,.0563817291733426
DefInd_s2_FRUK_FE_AR1,DefInd,FRUK,2,FE_AR1,FR,1991,11.03336968440517,.0515194253896336,-.0002885248046356
DefInd_s2_FRUK_FE_AR1,DefInd,FRUK,2,FE_AR1,FR,1992,11.05203348507847,.0615275554571344,.0214683111974326
DefInd_s2_FRUK_FE_AR1,DefInd,FRUK,2,FE_AR1,FR,1993,11.08577172258628,.0363033376301196,-.0115377893645855
DefInd_s2_FRUK_FE_AR1,DefInd,FRUK,2,FE_AR1,FR,1994,11.07865486056226,.0671535477594407,.0389256655855063
DefInd_s2_FRUK_FE_AR1,DefInd,FRUK,2,FE_AR1,FR,1995,11.10017319441978,.0809881720268226,.028772520313784
DefInd_s2_FRUK_FE_AR1,DefInd,FRUK,2,FE_AR1,FR,1996,11.11328412624369,.0605284536305124,-.0024443947821571
DefInd_s2_FRUK_FE_AR1,DefInd,FRUK,2,FE_AR1,FR,1997,11.16493414810969,.0611307327045054,.014066463444728
DefInd_s2_FRUK_FE_AR1,DefInd,FRUK,2,FE_AR1,FR,1998,11.16206557176026,.0973593876696359,.0498268126328603
DefInd_s2_FRUK_FE_AR1,DefInd,FRUK,2,FE_AR1,FR,1999,11.16776782175507,.1166448751950337,.0409424879471802
DefInd_s2_FRUK_FE_AR1,DefInd,FRUK,2,FE_AR1,FR,2000,11.16290061025396,.1644855512183394,.0737876152118462
DefInd_s2_FRUK_FE_AR1,DefInd,FRUK,2,FE_AR1,FR,2001,11.14812635407418,.1615325337650173,.0336357875646419
DefInd_s2_FRUK_FE_AR1,DefInd,FRUK,2,FE_AR1,FR,2002,11.14898794267181,.1553382787102908,.0297376692888321
DefInd_s2_FRUK_FE_AR1,DefInd,FRUK,2,FE_AR1,FR,2003,11.14799220161451,.1524408456177877,.0316566170928075
DefInd_s2_FRUK_FE_AR1,DefInd,FRUK,2,FE_AR1,FR,2004,11.14018915892846,.189213833483036,.0706825217773121
DefInd_s2_FRUK_FE_AR1,DefInd,FRUK,2,FE_AR1,FR,2005,11.16854840103625,.1672866772683506,.0201623039763955
DefInd_s2_FRUK_FE_AR1,DefInd,FRUK,2,FE_AR1,FR,2006,11.15346375570131,.186421728188094,.056346949298282
DefInd_s2_FRUK_FE_AR1,DefInd,FRUK,2,FE_AR1,FR,2007,11.15703752876507,.2138973924501339,.0689440377043484
DefInd_s2_FRUK_FE_AR1,DefInd,FRUK,2,FE_AR1,FR,2008,11.19621292689082,.1451305937100837,-.0211866317999143
DefInd_s2_FRUK_FE_AR1,DefInd,FRUK,2,FE_AR1,FR,2009,11.21809391242356,.0926173950365357,-.0202297855952111
DefInd_s2_FRUK_FE_AR1,DefInd,FRUK,2,FE_AR1,FR,2010,11.30288334594844,.0517940749576624,-.0202211469204219
DefInd_s2_FRUK_FE_AR1,DefInd,FRUK,2,FE_AR1,FR,2011,11.38859016900794,-.0000904829210437,-.0403632826318842
DefInd_s2_FRUK_FE_AR1,DefInd,FRUK,2,FE_AR1,FR,2012,11.42474026359987,-.0354827308384671,-.0354123752898947
DefInd_s2_FRUK_FE_AR1,DefInd,FRUK,2,FE_AR1,FR,2013,11.45693280110842,-.0482835514958158,-.0206937371508481
DefInd_s2_FRUK_FE_AR1,DefInd,FRUK,2,FE_AR1,FR,2014,11.45271078943533,-.0353458126097266,.0021973581160471
DefInd_s2_FRUK_FE_AR1,DefInd,FRUK,2,FE_AR1,FR,2015,11.46040706832411,.001295041296185,.0287783940351227
DefInd_s2_FRUK_FE_AR1,DefInd,FRUK,2,FE_AR1,FR,2016,11.46584346555434,-.005313106367737,-.0063200736469317
DefInd_s2_FRUK_FE_AR1,DefInd,FRUK,2,FE_AR1,FR,2017,11.43989267737522,.0321484897072839,.0362797280538548
DefInd_s2_FRUK_FE_AR1,DefInd,FRUK,2,FE_AR1,FR,2018,11.48761169638068,-.0122666562564753,-.037263911020573
DefInd_s2_FRUK_FE_AR1,DefInd,FRUK,2,FE_AR1,FR,2019,11.4752058352272,-.0078404062138038,.0016976073706182
DefInd_s2_FRUK_FE_AR1,DefInd,FRUK,2,FE_AR1,FR,2020,11.37689678582907,-.0523364696871713,-.0462401138905237
DefInd_s2_FRUK_FE_AR1,DefInd,FRUK,2,FE_AR1,FR,2021,11.34081256218055,.0283782667271453,.0690728087767297
DefInd_s2_FRUK_FE_AR1,DefInd,FRUK,2,FE_AR1,FR,2022,11.39722703925689,.0301233674671124,.0080576726366258
DefInd_s2_FRUK_FE_AR1,DefInd,FRUK,2,FE_AR1,FR,2023,11.41907937231992,.0280340750395762,.00461146645721
DefInd_s2_FRUK_FE_AR1,DefInd,FRUK,2,FE_AR1,FR,2024,11.42365559110384,.0273114013283511,.0055133348493107
DefInd_s2_FRUK_FE_AR1,DefInd,FRUK,2,FE_AR1,UK,1981,11.15111301078247,-.4092499172192685,
DefInd_s2_FRUK_FE_AR1,DefInd,FRUK,2,FE_AR1,UK,1982,11.17129353623918,-.389271250884077,-.0710564751337218
DefInd_s2_FRUK_FE_AR1,DefInd,FRUK,2,FE_AR1,UK,1983,11.15927486774022,-.3134625324585159,-.0107822908892339
DefInd_s2_FRUK_FE_AR1,DefInd,FRUK,2,FE_AR1,UK,1984,11.13009974213658,-.2360622620547783,.0076724469225279
DefInd_s2_FRUK_FE_AR1,DefInd,FRUK,2,FE_AR1,UK,1985,11.12263373655052,-.2002036096366204,-.0166519542244685
DefInd_s2_FRUK_FE_AR1,DefInd,FRUK,2,FE_AR1,UK,1986,11.13979570917226,-.1718044396853582,-.0161348987412719
DefInd_s2_FRUK_FE_AR1,DefInd,FRUK,2,FE_AR1,UK,1987,11.13201774244604,-.1137293826575405,.019858210026321
DefInd_s2_FRUK_FE_AR1,DefInd,FRUK,2,FE_AR1,UK,1988,11.14994353443263,-.0906125664654294,-.0021815895100804
DefInd_s2_FRUK_FE_AR1,DefInd,FRUK,2,FE_AR1,UK,1989,11.14039981438247,-.0799316549538744,-.0094752997910415
DefInd_s2_FRUK_FE_AR1,DefInd,FRUK,2,FE_AR1,UK,1990,11.176863583673,-.1288984280232981,-.0667470809214388
DefInd_s2_FRUK_FE_AR1,DefInd,FRUK,2,FE_AR1,UK,1991,11.20890448484184,-.1137960755720417,-.0135703146318611
DefInd_s2_FRUK_FE_AR1,DefInd,FRUK,2,FE_AR1,UK,1992,11.22536273326207,-.0828313660241733,.0056514684146819
DefInd_s2_FRUK_FE_AR1,DefInd,FRUK,2,FE_AR1,UK,1993,11.21795837881011,-.0400595269563091,.0243465082203717
DefInd_s2_FRUK_FE_AR1,DefInd,FRUK,2,FE_AR1,UK,1994,11.25223554480462,.0026647407351774,.0338132708892772
DefInd_s2_FRUK_FE_AR1,DefInd,FRUK,2,FE_AR1,UK,1995,11.2070013122549,-.0018757452147984,-.003947730668672
DefInd_s2_FRUK_FE_AR1,DefInd,FRUK,2,FE_AR1,UK,1996,11.19700924964001,.0063134805992888,.0077719777614814
DefInd_s2_FRUK_FE_AR1,DefInd,FRUK,2,FE_AR1,UK,1997,11.24429560560686,-.0067383233473581,-.0116474087950908
DefInd_s2_FRUK_FE_AR1,DefInd,FRUK,2,FE_AR1,UK,1998,11.26958621245128,-.0305484434604786,-.0253090189360159
DefInd_s2_FRUK_FE_AR1,DefInd,FRUK,2,FE_AR1,UK,1999,11.26434509409452,.0005285491932803,.0242816782136834
DefInd_s2_FRUK_FE_AR1,DefInd,FRUK,2,FE_AR1,UK,2000,11.26777593482243,.0370058505998685,.0365948739424863
DefInd_s2_FRUK_FE_AR1,DefInd,FRUK,2,FE_AR1,UK,2001,11.30425232695185,.0127194047608512,-.0160547206686698
DefInd_s2_FRUK_FE_AR1,DefInd,FRUK,2,FE_AR1,UK,2002,11.27373018472067,.0812027293560309,.0713126784034153
DefInd_s2_FRUK_FE_AR1,DefInd,FRUK,2,FE_AR1,UK,2003,11.28546971028146,.1113599202279438,.0482202414519024
DefInd_s2_FRUK_FE_AR1,DefInd,FRUK,2,FE_AR1,UK,2004,11.3286757255475,.0799387899256985,-.0066497970279464
DefInd_s2_FRUK_FE_AR1,DefInd,FRUK,2,FE_AR1,UK,2005,11.29768850507494,.1434009384098598,.0812440434670275
DefInd_s2_FRUK_FE_AR1,DefInd,FRUK,2,FE_AR1,UK,2006,11.3721346348147,.0759241604526988,-.0355781161232916
DefInd_s2_FRUK_FE_AR1,DefInd,FRUK,2,FE_AR1,UK,2007,11.35597651317767,.1041549983098324,.0451197030637128
DefInd_s2_FRUK_FE_AR1,DefInd,FRUK,2,FE_AR1,UK,2008,11.39022382694577,.0865160692155289,.0055297133583469
DefInd_s2_FRUK_FE_AR1,DefInd,FRUK,2,FE_AR1,UK,2009,11.43021869885927,.009676323496226,-.0575947751793329
DefInd_s2_FRUK_FE_AR1,DefInd,FRUK,2,FE_AR1,UK,2010,11.42154884075836,.1044780501879359,.0969541656814676
DefInd_s2_FRUK_FE_AR1,DefInd,FRUK,2,FE_AR1,UK,2011,11.48618377995882,.0434639994521842,-.0377735473683215
DefInd_s2_FRUK_FE_AR1,DefInd,FRUK,2,FE_AR1,UK,2012,11.46315995877633,.0754133962322694,.0416176976702095
DefInd_s2_FRUK_FE_AR1,DefInd,FRUK,2,FE_AR1,UK,2013,11.44467980198094,.1450462822830634,.0864081348799283
DefInd_s2_FRUK_FE_AR1,DefInd,FRUK,2,FE_AR1,UK,2014,11.41204395444596,.1841617457713394,.0713801220052476
DefInd_s2_FRUK_FE_AR1,DefInd,FRUK,2,FE_AR1,UK,2015,11.39597599942708,.2003682503480189,.0571721587504675
DefInd_s2_FRUK_FE_AR1,DefInd,FRUK,2,FE_AR1,UK,2016,11.40970774052903,.1889664370676662,.0331688787316328
DefInd_s2_FRUK_FE_AR1,DefInd,FRUK,2,FE_AR1,UK,2017,11.41334676621724,.1906516749931608,.0437196662968378
DefInd_s2_FRUK_FE_AR1,DefInd,FRUK,2,FE_AR1,UK,2018,11.41819410838226,.1725110712613365,.0242686955105959
DefInd_s2_FRUK_FE_AR1,DefInd,FRUK,2,FE_AR1,UK,2019,11.4953372600083,.1061740619446034,-.0279629764423041
DefInd_s2_FRUK_FE_AR1,DefInd,FRUK,2,FE_AR1,UK,2020,11.45957456226675,.077986489717853,-.0045698014153821
DefInd_s2_FRUK_FE_AR1,DefInd,FRUK,2,FE_AR1,UK,2021,11.36986007855739,.243280410801006,.1826415388233538
DefInd_s2_FRUK_FE_AR1,DefInd,FRUK,2,FE_AR1,UK,2022,11.3979647061607,.1877714863123963,-.0013926847973041
DefInd_s2_FRUK_FE_AR1,DefInd,FRUK,2,FE_AR1,UK,2023,11.4020313947348,.2163262305186038,.0703233630893204
DefInd_s2_FRUK_FE_AR1,DefInd,FRUK,2,FE_AR1,UK,2024,11.40954494467198,.2116797220635718,.0434739386607741
DefInd_s2_FRUK_POOLED_AR1,DefInd,FRUK,2,POOLED_AR1,FR,1981,11.10953057755119,-.3134693711866863,
DefInd_s2_FRUK_POOLED_AR1,DefInd,FRUK,2,POOLED_AR1,FR,1982,11.12215650396801,-.3186051517556105,-.0759465424090096
DefInd_s2_FRUK_POOLED_AR1,DefInd,FRUK,2,POOLED_AR1,FR,1983,11.14441780438345,-.3084692451744466,-.0618349958281653
DefInd_s2_FRUK_POOLED_AR1,DefInd,FRUK,2,POOLED_AR1,FR,1984,11.1456472521369,-.2746798924436966,-.0358919120523095
DefInd_s2_FRUK_POOLED_AR1,DefInd,FRUK,2,POOLED_AR1,FR,1985,11.13571934475289,-.2184644931400896,-.0058330629511224
DefInd_s2_FRUK_POOLED_AR1,DefInd,FRUK,2,POOLED_AR1,FR,1986,11.13798652828288,-.1981314685582767,-.0290167320967907
DefInd_s2_FRUK_POOLED_AR1,DefInd,FRUK,2,POOLED_AR1,FR,1987,11.10308996409338,-.1390250777357842,.0143497366715801
DefInd_s2_FRUK_POOLED_AR1,DefInd,FRUK,2,POOLED_AR1,FR,1988,11.08752614529885,-.0680648462772488,.0395553397076118
DefInd_s2_FRUK_POOLED_AR1,DefInd,FRUK,2,POOLED_AR1,FR,1989,11.0756920179915,-.0285110156791042,.0241784093849828
DefInd_s2_FRUK_POOLED_AR1,DefInd,FRUK,2,POOLED_AR1,FR,1990,11.04398341887885,.0303698332631495,.0524403895971215
DefInd_s2_FRUK_POOLED_AR1,DefInd,FRUK,2,POOLED_AR1,FR,1991,11.06989657770834,.0149925320864632,-.008516946615796
DefInd_s2_FRUK_POOLED_AR1,DefInd,FRUK,2,POOLED_AR1,FR,1992,11.08604422967881,.0275168108567918,.0159109975905291
DefInd_s2_FRUK_POOLED_AR1,DefInd,FRUK,2,POOLED_AR1,FR,1993,11.12393318519876,-.0018581249823608,-.0231590611181148
DefInd_s2_FRUK_POOLED_AR1,DefInd,FRUK,2,POOLED_AR1,FR,1994,11.11417287252588,.0316355357958233,.0330739220167959
DefInd_s2_FRUK_POOLED_AR1,DefInd,FRUK,2,POOLED_AR1,FR,1995,11.12751223896523,.0536491274813695,.0291598604978425
DefInd_s2_FRUK_POOLED_AR1,DefInd,FRUK,2,POOLED_AR1,FR,1996,11.13842614235856,.0353864375156441,-.0061436890737717
DefInd_s2_FRUK_POOLED_AR1,DefInd,FRUK,2,POOLED_AR1,FR,1997,11.18835602318646,.0377088576277416,.0103159940609764
DefInd_s2_FRUK_POOLED_AR1,DefInd,FRUK,2,POOLED_AR1,FR,1998,11.1851595801295,.0742653793004049,.0450747157361894
DefInd_s2_FRUK_POOLED_AR1,DefInd,FRUK,2,POOLED_AR1,FR,1999,11.19361451821097,.0907981787391279,.0333088821121167
DefInd_s2_FRUK_POOLED_AR1,DefInd,FRUK,2,POOLED_AR1,FR,2000,11.19287255908968,.1345136023826168,.0642261618565082
DefInd_s2_FRUK_POOLED_AR1,DefInd,FRUK,2,POOLED_AR1,FR,2001,11.17822355316149,.1314353346777057,.0273075101033291
DefInd_s2_FRUK_POOLED_AR1,DefInd,FRUK,2,POOLED_AR1,FR,2002,11.18144795895633,.1228782624257665,.0211333442184219
DefInd_s2_FRUK_POOLED_AR1,DefInd,FRUK,2,POOLED_AR1,FR,2003,11.17920615265349,.1212268945788058,.0261060597543871
DefInd_s2_FRUK_POOLED_AR1,DefInd,FRUK,2,POOLED_AR1,FR,2004,11.16918378046252,.1602192119489771,.0663767113482378
DefInd_s2_FRUK_POOLED_AR1,DefInd,FRUK,2,POOLED_AR1,FR,2005,11.19949866268606,.136336415618544,.0123097172047044
DefInd_s2_FRUK_POOLED_AR1,DefInd,FRUK,2,POOLED_AR1,FR,2006,11.18103567023996,.1588498136494412,.053310937898823
DefInd_s2_FRUK_POOLED_AR1,DefInd,FRUK,2,POOLED_AR1,FR,2007,11.1822027959084,.1887321253068013,.0657654867187399
DefInd_s2_FRUK_POOLED_AR1,DefInd,FRUK,2,POOLED_AR1,FR,2008,11.22162253496404,.119720985636862,-.0263777381159675
DefInd_s2_FRUK_POOLED_AR1,DefInd,FRUK,2,POOLED_AR1,FR,2009,11.24847896863283,.0622323388272736,-.0304444282018848
DefInd_s2_FRUK_POOLED_AR1,DefInd,FRUK,2,POOLED_AR1,FR,2010,11.33056001969852,.0241174012075831,-.0240570432015939
DefInd_s2_FRUK_POOLED_AR1,DefInd,FRUK,2,POOLED_AR1,FR,2011,11.42068004726762,-.032180361180723,-.0508497929530566
DefInd_s2_FRUK_POOLED_AR1,DefInd,FRUK,2,POOLED_AR1,FR,2012,11.45641954199514,-.0671620092337424,-.0422509894973515
DefInd_s2_FRUK_POOLED_AR1,DefInd,FRUK,2,POOLED_AR1,FR,2013,11.48655349451654,-.0779042449039391,-.0259137116665544
DefInd_s2_FRUK_POOLED_AR1,DefInd,FRUK,2,POOLED_AR1,FR,2014,11.48207767785485,-.0647127010292543,-.0044065356803962
DefInd_s2_FRUK_POOLED_AR1,DefInd,FRUK,2,POOLED_AR1,FR,2015,11.4941179006095,-.0324157909892033,.0176787173813425
DefInd_s2_FRUK_POOLED_AR1,DefInd,FRUK,2,POOLED_AR1,FR,2016,11.49875109133348,-.0382207321468808,-.0131274647168531
DefInd_s2_FRUK_POOLED_AR1,DefInd,FRUK,2,POOLED_AR1,FR,2017,11.47265546519586,-.0006142981133586,.0289726107315491
DefInd_s2_FRUK_POOLED_AR1,DefInd,FRUK,2,POOLED_AR1,FR,2018,11.51613625214526,-.0407912120210643,-.0403156799926957
DefInd_s2_FRUK_POOLED_AR1,DefInd,FRUK,2,POOLED_AR1,FR,2019,11.50558740579202,-.0382219767786243,-.0066452433162061
DefInd_s2_FRUK_POOLED_AR1,DefInd,FRUK,2,POOLED_AR1,FR,2020,11.41066656078173,-.0861062446398293,-.0565183723176706
DefInd_s2_FRUK_POOLED_AR1,DefInd,FRUK,2,POOLED_AR1,FR,2021,11.34616772616125,.0230231027464516,.0896784876131139
DefInd_s2_FRUK_POOLED_AR1,DefInd,FRUK,2,POOLED_AR1,FR,2022,11.39504964779868,.0323007589253255,.0144784304657751
DefInd_s2_FRUK_POOLED_AR1,DefInd,FRUK,2,POOLED_AR1,FR,2023,11.41332677527512,.0337866720843767,.0087824516975902
DefInd_s2_FRUK_POOLED_AR1,DefInd,FRUK,2,POOLED_AR1,FR,2024,11.41619363841816,.0347733540140371,.0086188789168137
DefInd_s2_FRUK_POOLED_AR1,DefInd,FRUK,2,POOLED_AR1,UK,1981,11.10949528239779,-.3676321888345875,
DefInd_s2_FRUK_POOLED_AR1,DefInd,FRUK,2,POOLED_AR1,UK,1982,11.13511112477734,-.353088839422238,-.0685024527014773
DefInd_s2_FRUK_POOLED_AR1,DefInd,FRUK,2,POOLED_AR1,UK,1983,11.12993970088847,-.284127365606766,-.0107990770226194
DefInd_s2_FRUK_POOLED_AR1,DefInd,FRUK,2,POOLED_AR1,UK,1984,11.0983609937669,-.2043235136851056,.0156212648252976
DefInd_s2_FRUK_POOLED_AR1,DefInd,FRUK,2,POOLED_AR1,UK,1985,11.08600775121557,-.1635776243016736,-.00540950886525
DefInd_s2_FRUK_POOLED_AR1,DefInd,FRUK,2,POOLED_AR1,UK,1986,11.10648195700288,-.138490687515981,-.0118642210034827
DefInd_s2_FRUK_POOLED_AR1,DefInd,FRUK,2,POOLED_AR1,UK,1987,11.09328620458713,-.0749978447986273,.032208666360221
DefInd_s2_FRUK_POOLED_AR1,DefInd,FRUK,2,POOLED_AR1,UK,1988,11.11315937822159,-.053828410254388,.0042278925159033
DefInd_s2_FRUK_POOLED_AR1,DefInd,FRUK,2,POOLED_AR1,UK,1989,11.10209528073721,-.0416271213086059,.0000417892015986
DefInd_s2_FRUK_POOLED_AR1,DefInd,FRUK,2,POOLED_AR1,UK,1990,11.13593800332118,-.0879728476714821,-.0557490315786721
DefInd_s2_FRUK_POOLED_AR1,DefInd,FRUK,2,POOLED_AR1,UK,1991,11.16793284542609,-.072824436156294,-.004724102157446
DefInd_s2_FRUK_POOLED_AR1,DefInd,FRUK,2,POOLED_AR1,UK,1992,11.18817639711724,-.0456450298793367,.0107288236082896
DefInd_s2_FRUK_POOLED_AR1,DefInd,FRUK,2,POOLED_AR1,UK,1993,11.18363838788419,-.0057395360303936,.0295945683261928
DefInd_s2_FRUK_POOLED_AR1,DefInd,FRUK,2,POOLED_AR1,UK,1994,11.21222413164144,.0426761538983627,.0471191647933587
DefInd_s2_FRUK_POOLED_AR1,DefInd,FRUK,2,POOLED_AR1,UK,1995,11.15907351979477,.0460520472453307,.013016168435114
DefInd_s2_FRUK_POOLED_AR1,DefInd,FRUK,2,POOLED_AR1,UK,1996,11.14612985711174,.0571928731275566,.0215436940712057
DefInd_s2_FRUK_POOLED_AR1,DefInd,FRUK,2,POOLED_AR1,UK,1997,11.19833168565459,.0392255966049149,-.0050477657498532
DefInd_s2_FRUK_POOLED_AR1,DefInd,FRUK,2,POOLED_AR1,UK,1998,11.22794295067602,.0110948183147777,-.0192699624193206
DefInd_s2_FRUK_POOLED_AR1,DefInd,FRUK,2,POOLED_AR1,UK,1999,11.23010085832601,.0347727849617936,.0261842164103424
DefInd_s2_FRUK_POOLED_AR1,DefInd,FRUK,2,POOLED_AR1,UK,2000,11.23809317565667,.0666886097656256,.0397707784955586
DefInd_s2_FRUK_POOLED_AR1,DefInd,FRUK,2,POOLED_AR1,UK,2001,11.27983553234218,.0371361993705186,-.0144878723648579
DefInd_s2_FRUK_POOLED_AR1,DefInd,FRUK,2,POOLED_AR1,UK,2002,11.25300942956788,.1019234845088182,.0731761192987689
DefInd_s2_FRUK_POOLED_AR1,DefInd,FRUK,2,POOLED_AR1,UK,2003,11.26555349973519,.1312761307742054,.0523765211662857
DefInd_s2_FRUK_POOLED_AR1,DefInd,FRUK,2,POOLED_AR1,UK,2004,11.30834454023952,.1002699752336795,-.0013517022318992
DefInd_s2_FRUK_POOLED_AR1,DefInd,FRUK,2,POOLED_AR1,UK,2005,11.26711397907985,.173975464404954,.0963558467137179
DefInd_s2_FRUK_POOLED_AR1,DefInd,FRUK,2,POOLED_AR1,UK,2006,11.3514443439992,.096614451268195,-.0380610485840478
DefInd_s2_FRUK_POOLED_AR1,DefInd,FRUK,2,POOLED_AR1,UK,2007,11.33771817823364,.1224133332538564,.0476234796270952
DefInd_s2_FRUK_POOLED_AR1,DefInd,FRUK,2,POOLED_AR1,UK,2008,11.36815758807973,.1085823080815711,.0138213778496594
DefInd_s2_FRUK_POOLED_AR1,DefInd,FRUK,2,POOLED_AR1,UK,2009,11.40610383946763,.033791182887871,-.0502630638762457
DefInd_s2_FRUK_POOLED_AR1,DefInd,FRUK,2,POOLED_AR1,UK,2010,11.39905032227855,.1269765686677449,.1008186017292012
DefInd_s2_FRUK_POOLED_AR1,DefInd,FRUK,2,POOLED_AR1,UK,2011,11.46236359096815,.0672841884428514,-.031009170987688
DefInd_s2_FRUK_POOLED_AR1,DefInd,FRUK,2,POOLED_AR1,UK,2012,11.44175017886442,.0968231761441753,.0447380632135299
DefInd_s2_FRUK_POOLED_AR1,DefInd,FRUK,2,POOLED_AR1,UK,2013,11.42742131501619,.1623047692478146,.0873533403834163
DefInd_s2_FRUK_POOLED_AR1,DefInd,FRUK,2,POOLED_AR1,UK,2014,11.39854272243683,.1976629777804675,.0720218363608161
DefInd_s2_FRUK_POOLED_AR1,DefInd,FRUK,2,POOLED_AR1,UK,2015,11.38099490170419,.2153493480709123,.0623371953175544
DefInd_s2_FRUK_POOLED_AR1,DefInd,FRUK,2,POOLED_AR1,UK,2016,11.39655839225565,.2021157853410553,.0354125022459313
DefInd_s2_FRUK_POOLED_AR1,DefInd,FRUK,2,POOLED_AR1,UK,2017,11.39740856073704,.2065898804733592,.0501307814162848
DefInd_s2_FRUK_POOLED_AR1,DefInd,FRUK,2,POOLED_AR1,UK,2018,11.40143842372685,.1892667559167496,.0293442317129717
DefInd_s2_FRUK_POOLED_AR1,DefInd,FRUK,2,POOLED_AR1,UK,2019,11.47820090464927,.1233104173036281,-.0232021673627351
DefInd_s2_FRUK_POOLED_AR1,DefInd,FRUK,2,POOLED_AR1,UK,2020,11.43801073015326,.0995503218313374,.0040949532013119
DefInd_s2_FRUK_POOLED_AR1,DefInd,FRUK,2,POOLED_AR1,UK,2021,11.35054429868604,.2625961906723635,.1855336612005052
DefInd_s2_FRUK_POOLED_AR1,DefInd,FRUK,2,POOLED_AR1,UK,2022,11.38434819433939,.2013879981337094,-.001889362608248
DefInd_s2_FRUK_POOLED_AR1,DefInd,FRUK,2,POOLED_AR1,UK,2023,11.38808348803548,.2302741372179202,.0743784228097709
DefInd_s2_FRUK_POOLED_AR1,DefInd,FRUK,2,POOLED_AR1,UK,2024,11.39742871777628,.2237959489592694,.0455392928328537
DefInd_s2_GIS_FE_AR1,DefInd,GIS,2,FE_AR1,DE,1991,11.18133870922443,-.1666937842455312,
DefInd_s2_GIS_FE_AR1,DefInd,GIS,2,FE_AR1,DE,1992,11.18128002264818,-.1304195520822837,.0030097015122883
DefInd_s2_GIS_FE_AR1,DefInd,GIS,2,FE_AR1,DE,1993,11.16648928191869,-.1488502114206867,-.0444564959187
DefInd_s2_GIS_FE_AR1,DefInd,GIS,2,FE_AR1,DE,1994,11.17966607637355,-.1103444622145471,.008801987649488
DefInd_s2_GIS_FE_AR1,DefInd,GIS,2,FE_AR1,DE,1995,11.21812809258795,-.1247140961068496,-.0363893916301967
DefInd_s2_GIS_FE_AR1,DefInd,GIS,2,FE_AR1,DE,1996,11.21598762784475,-.1117867807033512,-.0119599705341846
DefInd_s2_GIS_FE_AR1,DefInd,GIS,2,FE_AR1,DE,1997,11.2010363205223,-.0540988974309045,.035380304079203
DefInd_s2_GIS_FE_AR1,DefInd,GIS,2,FE_AR1,DE,1998,11.2033903527695,-.0331876708977035,.0101155364604222
DefInd_s2_GIS_FE_AR1,DefInd,GIS,2,FE_AR1,DE,1999,11.18777552442226,-.0107801750434575,.0157847396380663
DefInd_s2_GIS_FE_AR1,DefInd,GIS,2,FE_AR1,DE,2000,11.17859576382986,.0417131897903378,.0503421300725303
DefInd_s2_GIS_FE_AR1,DefInd,GIS,2,FE_AR1,DE,2001,11.19715704657369,.0279347292662102,-.0054543968128727
DefInd_s2_GIS_FE_AR1,DefInd,GIS,2,FE_AR1,DE,2002,11.21194695618846,.0017736862135358,-.0205865361080521
DefInd_s2_GIS_FE_AR1,DefInd,GIS,2,FE_AR1,DE,2003,11.24008885204062,-.0013813911122202,-.0028011298784509
DefInd_s2_GIS_FE_AR1,DefInd,GIS,2,FE_AR1,DE,2004,11.27963835092094,-.0017227662809365,-.00061703827878
DefInd_s2_GIS_FE_AR1,DefInd,GIS,2,FE_AR1,DE,2005,11.29090605118344,.0117758015887546,.0131547817350369
DefInd_s2_GIS_FE_AR1,DefInd,GIS,2,FE_AR1,DE,2006,11.31503539120817,.0648438609350261,.05541797607929
DefInd_s2_GIS_FE_AR1,DefInd,GIS,2,FE_AR1,DE,2007,11.36752216566609,.0350994193308143,-.0168045433988741
DefInd_s2_GIS_FE_AR1,DefInd,GIS,2,FE_AR1,DE,2008,11.38029890100109,-.0320055968843889,-.0601007615848027
DefInd_s2_GIS_FE_AR1,DefInd,GIS,2,FE_AR1,DE,2009,11.26314499224632,-.077184003150224,-.0515652740388699
DefInd_s2_GIS_FE_AR1,DefInd,GIS,2,FE_AR1,DE,2010,11.29978223622816,.058877270278245,.1206588416570924
DefInd_s2_GIS_FE_AR1,DefInd,GIS,2,FE_AR1,DE,2011,11.36539076603508,.0457946156661233,-.0013334177063791
DefInd_s2_GIS_FE_AR1,DefInd,GIS,2,FE_AR1,DE,2012,11.35596978891326,.0386938184226402,.0020377342462745
DefInd_s2_GIS_FE_AR1,DefInd,GIS,2,FE_AR1,DE,2013,11.35190653355929,.0287141854884059,-.0022580990165288
DefInd_s2_GIS_FE_AR1,DefInd,GIS,2,FE_AR1,DE,2014,11.35226925751006,.0615667544241383,.0385826200448337
DefInd_s2_GIS_FE_AR1,DefInd,GIS,2,FE_AR1,DE,2015,11.30260518336218,.1251654175391224,.0758845992636604
DefInd_s2_GIS_FE_AR1,DefInd,GIS,2,FE_AR1,DE,2016,11.29299531363669,.1685192368010053,.0683311685194745
DefInd_s2_GIS_FE_AR1,DefInd,GIS,2,FE_AR1,DE,2017,11.29651632375233,.1712009260549667,.0363104975698514
DefInd_s2_GIS_FE_AR1,DefInd,GIS,2,FE_AR1,DE,2018,11.29799936830288,.1473720705117216,.0103350965081386
DefInd_s2_GIS_FE_AR1,DefInd,GIS,2,FE_AR1,DE,2019,11.27142610193559,.1530254730089151,.0350621940656403
DefInd_s2_GIS_FE_AR1,DefInd,GIS,2,FE_AR1,DE,2020,11.23874625305524,.1297448058502617,.0072562875353789
DefInd_s2_GIS_FE_AR1,DefInd,GIS,2,FE_AR1,DE,2021,11.33826306425054,.0836598626623637,-.0201937553998058
DefInd_s2_GIS_FE_AR1,DefInd,GIS,2,FE_AR1,DE,2022,11.37828807401475,.0319629728302449,-.0350021697597246
DefInd_s2_GIS_FE_AR1,DefInd,GIS,2,FE_AR1,DE,2023,11.38377821665286,.0359206532820391,.010336042393841
DefInd_s2_GIS_FE_AR1,DefInd,GIS,2,FE_AR1,DE,2024,11.38201776115596,.041596296420126,.012843778875787
DefInd_s2_GIS_FE_AR1,DefInd,GIS,2,FE_AR1,ES,1981,10.93512389513152,-.1226522806460206,
DefInd_s2_GIS_FE_AR1,DefInd,GIS,2,FE_AR1,ES,1982,10.93465195902303,-.0977441217569321,.0004323179486128
DefInd_s2_GIS_FE_AR1,DefInd,GIS,2,FE_AR1,ES,1983,10.94011331457751,-.0700530157334125,.0081858056378412
DefInd_s2_GIS_FE_AR1,DefInd,GIS,2,FE_AR1,ES,1984,10.95517120826802,-.0483534282421214,.0077201778834089
DefInd_s2_GIS_FE_AR1,DefInd,GIS,2,FE_AR1,ES,1985,10.94524272623421,-.0004664194663135,.0382378541710397
DefInd_s2_GIS_FE_AR1,DefInd,GIS,2,FE_AR1,ES,1986,10.94794151939562,.0383609021003792,.0387342453629002
DefInd_s2_GIS_FE_AR1,DefInd,GIS,2,FE_AR1,ES,1987,10.94115496387908,.0361919516649234,.0054861484603551
DefInd_s2_GIS_FE_AR1,DefInd,GIS,2,FE_AR1,ES,1988,10.93273681632275,.0568440301813542,.0278743531256783
DefInd_s2_GIS_FE_AR1,DefInd,GIS,2,FE_AR1,ES,1989,10.92007854184761,.065694313641691,.0201937777174863
DefInd_s2_GIS_FE_AR1,DefInd,GIS,2,FE_AR1,ES,1990,10.93213411447598,-.0157346503001783,-.0683193538888097
DefInd_s2_GIS_FE_AR1,DefInd,GIS,2,FE_AR1,ES,1991,10.93627650985621,-.022831221154906,-.0102364945151172
DefInd_s2_GIS_FE_AR1,DefInd,GIS,2,FE_AR1,ES,1992,10.93953849863435,-.0712550570336443,-.0529799137153752
DefInd_s2_GIS_FE_AR1,DefInd,GIS,2,FE_AR1,ES,1993,10.9470831554558,-.1037410810411004,-.0467053066247384
DefInd_s2_GIS_FE_AR1,DefInd,GIS,2,FE_AR1,ES,1994,10.95781718390387,-.0832256425369717,-.0001865833839361
DefInd_s2_GIS_FE_AR1,DefInd,GIS,2,FE_AR1,ES,1995,10.98295350917653,-.0707354134930327,-.0041178403549719
DefInd_s2_GIS_FE_AR1,DefInd,GIS,2,FE_AR1,ES,1996,10.98759826462553,-.0805294477702265,-.0239096195756921
DefInd_s2_GIS_FE_AR1,DefInd,GIS,2,FE_AR1,ES,1997,10.9872026998915,-.0753200723050007,-.010860655554718
DefInd_s2_GIS_FE_AR1,DefInd,GIS,2,FE_AR1,ES,1998,10.97971580003421,-.0716905161870116,-.011400919464302
DefInd_s2_GIS_FE_AR1,DefInd,GIS,2,FE_AR1,ES,1999,10.96457107920117,-.0656988144040742,-.0083144787617032
DefInd_s2_GIS_FE_AR1,DefInd,GIS,2,FE_AR1,ES,2000,10.95620583912798,-.0431240002011783,.0094643060014805
DefInd_s2_GIS_FE_AR1,DefInd,GIS,2,FE_AR1,ES,2001,10.94984345758535,-.0206979241582488,.0138204784618517
DefInd_s2_GIS_FE_AR1,DefInd,GIS,2,FE_AR1,ES,2002,10.946484909857,-.0191074343649031,-.0025398785685554
DefInd_s2_GIS_FE_AR1,DefInd,GIS,2,FE_AR1,ES,2003,10.95377084571894,-.0329340492105388,-.0176395934696994
DefInd_s2_GIS_FE_AR1,DefInd,GIS,2,FE_AR1,ES,2004,10.96188920298124,-.0513498272051365,-.0249879228072111
DefInd_s2_GIS_FE_AR1,DefInd,GIS,2,FE_AR1,ES,2005,10.9459168425864,-.0352002197116974,.0059025073467969
DefInd_s2_GIS_FE_AR1,DefInd,GIS,2,FE_AR1,ES,2006,10.93333107486844,-.0003015456136453,.0278743042763463
DefInd_s2_GIS_FE_AR1,DefInd,GIS,2,FE_AR1,ES,2007,10.94097724072097,.0119390800402339,.0121804508048099
DefInd_s2_GIS_FE_AR1,DefInd,GIS,2,FE_AR1,ES,2008,10.94670160317605,.0085422877537482,-.001014292568574
DefInd_s2_GIS_FE_AR1,DefInd,GIS,2,FE_AR1,ES,2009,10.91845091518454,.0449818145989624,.0381441806455942
DefInd_s2_GIS_FE_AR1,DefInd,GIS,2,FE_AR1,ES,2010,10.93468240927655,.0591061026998521,.0231006213051258
DefInd_s2_GIS_FE_AR1,DefInd,GIS,2,FE_AR1,ES,2011,10.98579981663843,.0512989917317679,.0039877905263948
DefInd_s2_GIS_FE_AR1,DefInd,GIS,2,FE_AR1,ES,2012,10.98662853597984,.0622425031324561,.0211804670889171
DefInd_s2_GIS_FE_AR1,DefInd,GIS,2,FE_AR1,ES,2013,11.00213755419154,.0890446095052582,.039222891362555
DefInd_s2_GIS_FE_AR1,DefInd,GIS,2,FE_AR1,ES,2014,10.99938183842838,.1279829171340161,.0567075793241406
DefInd_s2_GIS_FE_AR1,DefInd,GIS,2,FE_AR1,ES,2015,10.98873591729017,.1528029516399307,.0503596290929142
DefInd_s2_GIS_FE_AR1,DefInd,GIS,2,FE_AR1,ES,2016,11.00014501682757,.1279216627165276,.0056112605822019
DefInd_s2_GIS_FE_AR1,DefInd,GIS,2,FE_AR1,ES,2017,10.99694450300176,.1467381066861382,.0443438149487697
DefInd_s2_GIS_FE_AR1,DefInd,GIS,2,FE_AR1,ES,2018,10.99635547469941,.1197039693195912,.0022481437311995
DefInd_s2_GIS_FE_AR1,DefInd,GIS,2,FE_AR1,ES,2019,10.98728266200772,.1125180271237802,.0167015493174172
DefInd_s2_GIS_FE_AR1,DefInd,GIS,2,FE_AR1,ES,2020,10.97689128572039,.0637743990690058,-.026290125190316
DefInd_s2_GIS_FE_AR1,DefInd,GIS,2,FE_AR1,ES,2021,11.06705031877364,.0782454038063616,.0271974867845369
DefInd_s2_GIS_FE_AR1,DefInd,GIS,2,FE_AR1,ES,2022,11.12151304976552,.0355506699861827,-.0270804945430885
DefInd_s2_GIS_FE_AR1,DefInd,GIS,2,FE_AR1,ES,2023,11.12363571673352,.0369134639944839,.0084570978347452
DefInd_s2_GIS_FE_AR1,DefInd,GIS,2,FE_AR1,ES,2024,11.1339195371241,.0335901617930574,.004042953595304
DefInd_s2_GIS_FE_AR1,DefInd,GIS,2,FE_AR1,IT,1981,11.06291274545155,-.1421801447328477,
DefInd_s2_GIS_FE_AR1,DefInd,GIS,2,FE_AR1,IT,1982,11.03852301532401,-.1350117002383069,-.0212042738034447
DefInd_s2_GIS_FE_AR1,DefInd,GIS,2,FE_AR1,IT,1983,11.02558659130107,-.1416655345265685,-.0335960556862719
DefInd_s2_GIS_FE_AR1,DefInd,GIS,2,FE_AR1,IT,1984,11.00630250537568,-.0498939160875835,.0635015930341842
DefInd_s2_GIS_FE_AR1,DefInd,GIS,2,FE_AR1,IT,1985,10.99734927559754,-.0071601057073423,.0327772441621083
DefInd_s2_GIS_FE_AR1,DefInd,GIS,2,FE_AR1,IT,1986,11.02960665077238,-.0206139419504812,-.014882669098809
DefInd_s2_GIS_FE_AR1,DefInd,GIS,2,FE_AR1,IT,1987,11.04404952815851,-.0083254207750123,.0081749118591259
DefInd_s2_GIS_FE_AR1,DefInd,GIS,2,FE_AR1,IT,1988,11.04197922046579,.0079531584510129,.0146172022538364
DefInd_s2_GIS_FE_AR1,DefInd,GIS,2,FE_AR1,IT,1989,11.04297732263446,.0328477453213409,.0264816771404486
DefInd_s2_GIS_FE_AR1,DefInd,GIS,2,FE_AR1,IT,1990,11.05148536877068,-.0324839193051805,-.0587767421619428
DefInd_s2_GIS_FE_AR1,DefInd,GIS,2,FE_AR1,IT,1991,11.04081037594923,-.0485876014952336,-.0225860014575721
DefInd_s2_GIS_FE_AR1,DefInd,GIS,2,FE_AR1,IT,1992,11.04447397771058,-.0340555138518823,.0048362026617364
DefInd_s2_GIS_FE_AR1,DefInd,GIS,2,FE_AR1,IT,1993,11.04900136564521,-.0205248678676089,.006734707614481
DefInd_s2_GIS_FE_AR1,DefInd,GIS,2,FE_AR1,IT,1994,11.06092466523622,.0206287634337805,.0370577971382912
DefInd_s2_GIS_FE_AR1,DefInd,GIS,2,FE_AR1,IT,1995,11.09716364486943,.0350685672196747,.0185563707991166
DefInd_s2_GIS_FE_AR1,DefInd,GIS,2,FE_AR1,IT,1996,11.10352219934665,.0368788801283451,.0088084108548172
DefInd_s2_GIS_FE_AR1,DefInd,GIS,2,FE_AR1,IT,1997,11.07550720297444,.0767617420928559,.0472422163876814
DefInd_s2_GIS_FE_AR1,DefInd,GIS,2,FE_AR1,IT,1998,11.06479588204116,.0827310712795377,.0212874967729893
DefInd_s2_GIS_FE_AR1,DefInd,GIS,2,FE_AR1,IT,1999,11.05491344691258,.0877123686079226,.0214906727008421
DefInd_s2_GIS_FE_AR1,DefInd,GIS,2,FE_AR1,IT,2000,11.04015310801654,.1325315313566566,.0623225794911893
DefInd_s2_GIS_FE_AR1,DefInd,GIS,2,FE_AR1,IT,2001,11.03604126884309,.1317800346670115,.0256957953133873
DefInd_s2_GIS_FE_AR1,DefInd,GIS,2,FE_AR1,IT,2002,11.0356239435612,.1094912314779037,.0040085241060027
DefInd_s2_GIS_FE_AR1,DefInd,GIS,2,FE_AR1,IT,2003,11.04972127850169,.0495203211801094,-.0381214187766032
DefInd_s2_GIS_FE_AR1,DefInd,GIS,2,FE_AR1,IT,2004,11.06207445436386,.0475275217423423,.0078892141549818
DefInd_s2_GIS_FE_AR1,DefInd,GIS,2,FE_AR1,IT,2005,11.05842031301414,.0454052629834649,.0073620823094949
DefInd_s2_GIS_FE_AR1,DefInd,GIS,2,FE_AR1,IT,2006,11.06829847603731,.047162806150185,.0108183774927535
DefInd_s2_GIS_FE_AR1,DefInd,GIS,2,FE_AR1,IT,2007,11.09505266457582,.051738624024285,.0139873782263279
DefInd_s2_GIS_FE_AR1,DefInd,GIS,2,FE_AR1,IT,2008,11.11540076321726,.0011221013830429,-.0402918362560602
DefInd_s2_GIS_FE_AR1,DefInd,GIS,2,FE_AR1,IT,2009,11.04032519237504,-.0493314815336454,-.0502296622947008
DefInd_s2_GIS_FE_AR1,DefInd,GIS,2,FE_AR1,IT,2010,11.034155973515,.047288629750696,.0867757815334727
DefInd_s2_GIS_FE_AR1,DefInd,GIS,2,FE_AR1,IT,2011,11.0805381467161,.0131519078731035,-.0247000528325915
DefInd_s2_GIS_FE_AR1,DefInd,GIS,2,FE_AR1,IT,2012,11.08651934863139,-.031648887761893,-.0421762704042354
DefInd_s2_GIS_FE_AR1,DefInd,GIS,2,FE_AR1,IT,2013,11.10690911061659,-.0391869512208878,-.0138537482446588
DefInd_s2_GIS_FE_AR1,DefInd,GIS,2,FE_AR1,IT,2014,11.10601594507694,-.0125816550938378,.0187853552342041
DefInd_s2_GIS_FE_AR1,DefInd,GIS,2,FE_AR1,IT,2015,11.0857547518454,.0556768001770962,.0657477266711663
DefInd_s2_GIS_FE_AR1,DefInd,GIS,2,FE_AR1,IT,2016,11.08744650639225,.084151203974848,.0395849718037571
DefInd_s2_GIS_FE_AR1,DefInd,GIS,2,FE_AR1,IT,2017,11.09513633288564,.0950952742778632,.0277368398511185
DefInd_s2_GIS_FE_AR1,DefInd,GIS,2,FE_AR1,IT,2018,11.10561134682441,.089842539323687,.0137239754270458
DefInd_s2_GIS_FE_AR1,DefInd,GIS,2,FE_AR1,IT,2019,11.09304799380648,.0915066114582235,.0195925744876343
DefInd_s2_GIS_FE_AR1,DefInd,GIS,2,FE_AR1,IT,2020,11.07259821902075,.0190742272263513,-.0541718084377925
DefInd_s2_GIS_FE_AR1,DefInd,GIS,2,FE_AR1,IT,2021,11.21056764009754,.021924662102764,.0066567868593981
DefInd_s2_GIS_FE_AR1,DefInd,GIS,2,FE_AR1,IT,2022,11.26852455682182,-.0084183654356238,-.0259678578352687
DefInd_s2_GIS_FE_AR1,DefInd,GIS,2,FE_AR1,IT,2023,11.28408708314925,-.0272654256893539,-.0205269847712022
DefInd_s2_GIS_FE_AR1,DefInd,GIS,2,FE_AR1,IT,2024,11.30291439738119,-.027005994542133,-.0051815131126985
DefInd_s2_GIS_POOLED_AR1,DefInd,GIS,2,POOLED_AR1,DE,1991,11.13281089424941,-.1181659692705086,
DefInd_s2_GIS_POOLED_AR1,DefInd,GIS,2,POOLED_AR1,DE,1992,11.12471636937681,-.0738558988109137,.0252502645519585
DefInd_s2_GIS_POOLED_AR1,DefInd,GIS,2,POOLED_AR1,DE,1993,11.09118646683,-.0735473963320032,-.011604225907784
DefInd_s2_GIS_POOLED_AR1,DefInd,GIS,2,POOLED_AR1,DE,1994,11.09589801625707,-.0265764020980672,.0351080263443319
DefInd_s2_GIS_POOLED_AR1,DefInd,GIS,2,POOLED_AR1,DE,1995,11.1259025703416,-.0324885738604994,-.0101988633441081
DefInd_s2_GIS_POOLED_AR1,DefInd,GIS,2,POOLED_AR1,DE,1996,11.12938575173433,-.0251849045929333,.0020633626393568
DefInd_s2_GIS_POOLED_AR1,DefInd,GIS,2,POOLED_AR1,DE,1997,11.11777455460665,.0291628684847449,.0502855257461747
DefInd_s2_GIS_POOLED_AR1,DefInd,GIS,2,POOLED_AR1,DE,1998,11.12089852658728,.0493041552845153,.0248451674217515
DefInd_s2_GIS_POOLED_AR1,DefInd,GIS,2,POOLED_AR1,DE,1999,11.11333669340224,.0636586559765639,.0223071086718603
DefInd_s2_GIS_POOLED_AR1,DefInd,GIS,2,POOLED_AR1,DE,2000,11.1098739800431,.1104349735770978,.0570442622105149
DefInd_s2_GIS_POOLED_AR1,DefInd,GIS,2,POOLED_AR1,DE,2001,11.12018761130727,.1049041645326341,.0122820111337038
DefInd_s2_GIS_POOLED_AR1,DefInd,GIS,2,POOLED_AR1,DE,2002,11.13094869024346,.0827719521585415,-.0052114946138247
DefInd_s2_GIS_POOLED_AR1,DefInd,GIS,2,POOLED_AR1,DE,2003,11.16192318179774,.0767842791306599,.0073631872280559
DefInd_s2_GIS_POOLED_AR1,DefInd,GIS,2,POOLED_AR1,DE,2004,11.20215723285496,.0757583517850424,.0113591397428425
DefInd_s2_GIS_POOLED_AR1,DefInd,GIS,2,POOLED_AR1,DE,2005,11.21466956382546,.0880122889467394,.0244735253377127
DefInd_s2_GIS_POOLED_AR1,DefInd,GIS,2,POOLED_AR1,DE,2006,11.23900124867161,.1408780034715846,.0670618249208214
DefInd_s2_GIS_POOLED_AR1,DefInd,GIS,2,POOLED_AR1,DE,2007,11.29887451754904,.1037470674478627,-.0144077491417449
DefInd_s2_GIS_POOLED_AR1,DefInd,GIS,2,POOLED_AR1,DE,2008,11.31562072609856,.0326725780181381,-.0543404078557309
DefInd_s2_GIS_POOLED_AR1,DefInd,GIS,2,POOLED_AR1,DE,2009,11.19433835319369,-.0083773640975942,-.0357799561851616
DefInd_s2_GIS_POOLED_AR1,DefInd,GIS,2,POOLED_AR1,DE,2010,11.23036557306995,.128293933436451,.1353200545771815
DefInd_s2_GIS_POOLED_AR1,DefInd,GIS,2,POOLED_AR1,DE,2011,11.29023871572067,.1209466659805347,.0133461477931748
DefInd_s2_GIS_POOLED_AR1,DefInd,GIS,2,POOLED_AR1,DE,2012,11.28312087722504,.1115427301108571,.0101043878295725
DefInd_s2_GIS_POOLED_AR1,DefInd,GIS,2,POOLED_AR1,DE,2013,11.27961658805001,.1010041309976906,.0074528987727768
DefInd_s2_GIS_POOLED_AR1,DefInd,GIS,2,POOLED_AR1,DE,2014,11.28057696755935,.1332590443748511,.0485465677728388
DefInd_s2_GIS_POOLED_AR1,DefInd,GIS,2,POOLED_AR1,DE,2015,11.22928405624217,.1984865446591311,.086721772593826
DefInd_s2_GIS_POOLED_AR1,DefInd,GIS,2,POOLED_AR1,DE,2016,11.22021986844577,.2412946819919259,.0748234039940452
DefInd_s2_GIS_POOLED_AR1,DefInd,GIS,2,POOLED_AR1,DE,2017,11.23099760136211,.2367196484451917,.0343450534605726
DefInd_s2_GIS_POOLED_AR1,DefInd,GIS,2,POOLED_AR1,DE,2018,11.23449888940178,.2108725494128212,.0123350491930689
DefInd_s2_GIS_POOLED_AR1,DefInd,GIS,2,POOLED_AR1,DE,2019,11.21212867920532,.2123228957391774,.0354634373022868
DefInd_s2_GIS_POOLED_AR1,DefInd,GIS,2,POOLED_AR1,DE,2020,11.17380289819809,.1946881607074058,.0166122923274499
DefInd_s2_GIS_POOLED_AR1,DefInd,GIS,2,POOLED_AR1,DE,2021,11.27910744104202,.1428154858708837,-.020470075776016
DefInd_s2_GIS_POOLED_AR1,DefInd,GIS,2,POOLED_AR1,DE,2022,11.32406524597977,.0861858008652341,-.0335939881962537
DefInd_s2_GIS_POOLED_AR1,DefInd,GIS,2,POOLED_AR1,DE,2023,11.32587934616508,.0938195237698221,.0215352264138182
DefInd_s2_GIS_POOLED_AR1,DefInd,GIS,2,POOLED_AR1,DE,2024,11.32266877473755,.1009452828385378,.0222585585069883
DefInd_s2_GIS_POOLED_AR1,DefInd,GIS,2,POOLED_AR1,ES,1981,10.91976779846383,-.1072961839783311,
DefInd_s2_GIS_POOLED_AR1,DefInd,GIS,2,POOLED_AR1,ES,1982,10.91957335309704,-.0826655158309393,.0073241250378823
DefInd_s2_GIS_POOLED_AR1,DefInd,GIS,2,POOLED_AR1,ES,1983,10.92820888457563,-.0581485857315265,.0111832376944069
DefInd_s2_GIS_POOLED_AR1,DefInd,GIS,2,POOLED_AR1,ES,1984,10.95029852972793,-.0434807497020273,.0052886487331186
DefInd_s2_GIS_POOLED_AR1,DefInd,GIS,2,POOLED_AR1,ES,1985,10.95286701080168,-.0080907040337799,.0283767350242836
DefInd_s2_GIS_POOLED_AR1,DefInd,GIS,2,POOLED_AR1,ES,1986,10.95359861295431,.0327038085416884,.0394895070015965
DefInd_s2_GIS_POOLED_AR1,DefInd,GIS,2,POOLED_AR1,ES,1987,10.96042766377084,.0169192517731602,-.0105095334509591
DefInd_s2_GIS_POOLED_AR1,DefInd,GIS,2,POOLED_AR1,ES,1988,10.96321002463804,.0263708218660614,.0121805931516521
DefInd_s2_GIS_POOLED_AR1,DefInd,GIS,2,POOLED_AR1,ES,1989,10.95989940688662,.025873448602681,.0037561588617729
DefInd_s2_GIS_POOLED_AR1,DefInd,GIS,2,POOLED_AR1,ES,1990,10.97007491633252,-.0536754521567158,-.0753755934055732
DefInd_s2_GIS_POOLED_AR1,DefInd,GIS,2,POOLED_AR1,ES,1991,10.97906101607184,-.0656157273705382,-.0205979598791058
DefInd_s2_GIS_POOLED_AR1,DefInd,GIS,2,POOLED_AR1,ES,1992,10.96825628020094,-.0999728386002392,-.0449407254114447
DefInd_s2_GIS_POOLED_AR1,DefInd,GIS,2,POOLED_AR1,ES,1993,10.98266722117499,-.1393251467602905,-.0554776182769935
DefInd_s2_GIS_POOLED_AR1,DefInd,GIS,2,POOLED_AR1,ES,1994,10.98172639800582,-.1071348566389148,.009717574231194
DefInd_s2_GIS_POOLED_AR1,DefInd,GIS,2,POOLED_AR1,ES,1995,11.00662775540198,-.0944096597184814,-.0045553245874606
DefInd_s2_GIS_POOLED_AR1,DefInd,GIS,2,POOLED_AR1,ES,1996,11.02055837563778,-.1134895587824776,-.034307885608252
DefInd_s2_GIS_POOLED_AR1,DefInd,GIS,2,POOLED_AR1,ES,1997,11.02597038803423,-.1140877604477275,-.0189037170034732
DefInd_s2_GIS_POOLED_AR1,DefInd,GIS,2,POOLED_AR1,ES,1998,11.02569485555008,-.1176695717028835,-.021983814674539
DefInd_s2_GIS_POOLED_AR1,DefInd,GIS,2,POOLED_AR1,ES,1999,11.01238551219163,-.1135132473945326,-.0148234142046679
DefInd_s2_GIS_POOLED_AR1,DefInd,GIS,2,POOLED_AR1,ES,2000,10.99566461581677,-.0825827768899661,.0126211342663771
DefInd_s2_GIS_POOLED_AR1,DefInd,GIS,2,POOLED_AR1,ES,2001,10.99319173157951,-.0640461981524059,.005216231868208
DefInd_s2_GIS_POOLED_AR1,DefInd,GIS,2,POOLED_AR1,ES,2002,10.9881494997264,-.0607720242342999,-.0070562800479797
DefInd_s2_GIS_POOLED_AR1,DefInd,GIS,2,POOLED_AR1,ES,2003,10.99289710856331,-.0720603120549121,-.0210906276454421
DefInd_s2_GIS_POOLED_AR1,DefInd,GIS,2,POOLED_AR1,ES,2004,10.97511783217293,-.0645784563968341,-.0041412501302407
DefInd_s2_GIS_POOLED_AR1,DefInd,GIS,2,POOLED_AR1,ES,2005,10.95561452241081,-.0448978995361085,.0092642512836037
DefInd_s2_GIS_POOLED_AR1,DefInd,GIS,2,POOLED_AR1,ES,2006,10.94749046341307,-.0144609341582687,.0231950728422673
DefInd_s2_GIS_POOLED_AR1,DefInd,GIS,2,POOLED_AR1,ES,2007,10.95899093649985,-.0060746157386529,.0060538144000469
DefInd_s2_GIS_POOLED_AR1,DefInd,GIS,2,POOLED_AR1,ES,2008,10.97467627349488,-.0194323825650766,-.0143375835846407
DefInd_s2_GIS_POOLED_AR1,DefInd,GIS,2,POOLED_AR1,ES,2009,10.95011093786413,.0133217919193722,.0296197911903431
DefInd_s2_GIS_POOLED_AR1,DefInd,GIS,2,POOLED_AR1,ES,2010,10.95166182559526,.0421266863811347,.0309536583562463
DefInd_s2_GIS_POOLED_AR1,DefInd,GIS,2,POOLED_AR1,ES,2011,11.00585157145261,.03124723691759,-.0040845450514443
DefInd_s2_GIS_POOLED_AR1,DefInd,GIS,2,POOLED_AR1,ES,2012,11.01087645893078,.0379945801815182,.0117874260769064
DefInd_s2_GIS_POOLED_AR1,DefInd,GIS,2,POOLED_AR1,ES,2013,11.03045809262611,.0607240710706929,.028857899332591
DefInd_s2_GIS_POOLED_AR1,DefInd,GIS,2,POOLED_AR1,ES,2014,11.01918740533541,.1081773502269918,.0572478842839343
DefInd_s2_GIS_POOLED_AR1,DefInd,GIS,2,POOLED_AR1,ES,2015,11.00376611055688,.1377727583732202,.0470440806503133
DefInd_s2_GIS_POOLED_AR1,DefInd,GIS,2,POOLED_AR1,ES,2016,11.01120602192623,.1168606576178668,.001310219682284
DefInd_s2_GIS_POOLED_AR1,DefInd,GIS,2,POOLED_AR1,ES,2017,11.0099049025273,.1337777071605988,.0357663127120325
DefInd_s2_GIS_POOLED_AR1,DefInd,GIS,2,POOLED_AR1,ES,2018,11.02259839732805,.0934610466909511,-.0187387294545631
DefInd_s2_GIS_POOLED_AR1,DefInd,GIS,2,POOLED_AR1,ES,2019,11.01956015900358,.0802405301279254,.0018544616295211
DefInd_s2_GIS_POOLED_AR1,DefInd,GIS,2,POOLED_AR1,ES,2020,11.01327723660434,.0273884481850608,-.0399095322425948
DefInd_s2_GIS_POOLED_AR1,DefInd,GIS,2,POOLED_AR1,ES,2021,11.09478564870663,.0505100738733706,.0275392977959501
DefInd_s2_GIS_POOLED_AR1,DefInd,GIS,2,POOLED_AR1,ES,2022,11.15472302466812,.0023406950835767,-.0400222598658763
DefInd_s2_GIS_POOLED_AR1,DefInd,GIS,2,POOLED_AR1,ES,2023,11.16353228630654,-.0029831055785419,-.0049462537739802
DefInd_s2_GIS_POOLED_AR1,DefInd,GIS,2,POOLED_AR1,ES,2024,11.17345118698002,-.0059414880628648,-.0034395482013225
DefInd_s2_GIS_POOLED_AR1,DefInd,GIS,2,POOLED_AR1,IT,1981,11.09987432113741,-.1791417204187091,
DefInd_s2_GIS_POOLED_AR1,DefInd,GIS,2,POOLED_AR1,IT,1982,11.06919232608364,-.1656810109979379,-.0154342968337309
DefInd_s2_GIS_POOLED_AR1,DefInd,GIS,2,POOLED_AR1,IT,1983,11.0570776755067,-.1731566187321949,-.034199443130323
DefInd_s2_GIS_POOLED_AR1,DefInd,GIS,2,POOLED_AR1,IT,1984,11.04164330098424,-.0852347116961436,.0599922791996052
DefInd_s2_GIS_POOLED_AR1,DefInd,GIS,2,POOLED_AR1,IT,1985,11.02810637637655,-.0379172064863447,.0335694094462643
DefInd_s2_GIS_POOLED_AR1,DefInd,GIS,2,POOLED_AR1,IT,1986,11.06097863245753,-.0519859236356304,-.0201846454546262
DefInd_s2_GIS_POOLED_AR1,DefInd,GIS,2,POOLED_AR1,IT,1987,11.07389595762946,-.0381718502459645,.0054289044570093
DefInd_s2_GIS_POOLED_AR1,DefInd,GIS,2,POOLED_AR1,IT,1988,11.08065122811433,-.030718849197525,.0012959994910967
DefInd_s2_GIS_POOLED_AR1,DefInd,GIS,2,POOLED_AR1,IT,1989,11.07751743344589,-.0016923654900918,.0240716282018651
DefInd_s2_GIS_POOLED_AR1,DefInd,GIS,2,POOLED_AR1,IT,1990,11.08560307865453,-.0666016291890248,-.065182237025899
DefInd_s2_GIS_POOLED_AR1,DefInd,GIS,2,POOLED_AR1,IT,1991,11.07356655458678,-.0813437801327854,-.0254847880440345
DefInd_s2_GIS_POOLED_AR1,DefInd,GIS,2,POOLED_AR1,IT,1992,11.06963393069727,-.0592154668385714,.0090078127753622
DefInd_s2_GIS_POOLED_AR1,DefInd,GIS,2,POOLED_AR1,IT,1993,11.0682895094512,-.0398130116736013,.0098511832409058
DefInd_s2_GIS_POOLED_AR1,DefInd,GIS,2,POOLED_AR1,IT,1994,11.08047135340381,.0010820752661935,.0344733711126249
DefInd_s2_GIS_POOLED_AR1,DefInd,GIS,2,POOLED_AR1,IT,1995,11.10714894507802,.0250832670110803,.0241757271435166
DefInd_s2_GIS_POOLED_AR1,DefInd,GIS,2,POOLED_AR1,IT,1996,11.1104009262214,.0300001532535976,.0089627397459585
DefInd_s2_GIS_POOLED_AR1,DefInd,GIS,2,POOLED_AR1,IT,1997,11.08620546448645,.066063480580846,.0409022593966324
DefInd_s2_GIS_POOLED_AR1,DefInd,GIS,2,POOLED_AR1,IT,1998,11.07726224649858,.0702647068221189,.0148570616330289
DefInd_s2_GIS_POOLED_AR1,DefInd,GIS,2,POOLED_AR1,IT,1999,11.05781611217657,.084809703343927,.0258784767315016
DefInd_s2_GIS_POOLED_AR1,DefInd,GIS,2,POOLED_AR1,IT,2000,11.04571214347438,.126972495898821,.0558423357837828
DefInd_s2_GIS_POOLED_AR1,DefInd,GIS,2,POOLED_AR1,IT,2001,11.05457966110108,.1132416424090206,.0067494179655083
DefInd_s2_GIS_POOLED_AR1,DefInd,GIS,2,POOLED_AR1,IT,2002,11.05478046543545,.0903347096036473,-.0046414056125407
DefInd_s2_GIS_POOLED_AR1,DefInd,GIS,2,POOLED_AR1,IT,2003,11.06641621983963,.0328253798421656,-.0429386200859514
DefInd_s2_GIS_POOLED_AR1,DefInd,GIS,2,POOLED_AR1,IT,2004,11.08330523636059,.0262967397456055,-.0012340077036765
DefInd_s2_GIS_POOLED_AR1,DefInd,GIS,2,POOLED_AR1,IT,2005,11.07900096254989,.0248246134477146,.002769456610023
DefInd_s2_GIS_POOLED_AR1,DefInd,GIS,2,POOLED_AR1,IT,2006,11.08364071034476,.0318205718427436,.0110000918775072
DefInd_s2_GIS_POOLED_AR1,DefInd,GIS,2,POOLED_AR1,IT,2007,11.12286061322337,.0239306753767288,-.0027573365002577
DefInd_s2_GIS_POOLED_AR1,DefInd,GIS,2,POOLED_AR1,IT,2008,11.13799219098128,-.0214693263809771,-.0415400577253004
DefInd_s2_GIS_POOLED_AR1,DefInd,GIS,2,POOLED_AR1,IT,2009,11.0565269400588,-.0655332292173973,-.0475268388772728
DefInd_s2_GIS_POOLED_AR1,DefInd,GIS,2,POOLED_AR1,IT,2010,11.04695253960258,.0344920636631159,.0894549853960895
DefInd_s2_GIS_POOLED_AR1,DefInd,GIS,2,POOLED_AR1,IT,2011,11.08885399632899,.0048360582602047,-.0240925420569806
DefInd_s2_GIS_POOLED_AR1,DefInd,GIS,2,POOLED_AR1,IT,2012,11.09951253041094,-.0446420695414442,-.0486980865396295
DefInd_s2_GIS_POOLED_AR1,DefInd,GIS,2,POOLED_AR1,IT,2013,11.1138712599479,-.046149100552201,-.0087076589582778
DefInd_s2_GIS_POOLED_AR1,DefInd,GIS,2,POOLED_AR1,IT,2014,11.12003529484562,-.0266010048625169,.0121043882943395
DefInd_s2_GIS_POOLED_AR1,DefInd,GIS,2,POOLED_AR1,IT,2015,11.09543142260964,.0460001294128585,.0683104743437753
DefInd_s2_GIS_POOLED_AR1,DefInd,GIS,2,POOLED_AR1,IT,2016,11.09941474416786,.0721829661992395,.0336025155970219
DefInd_s2_GIS_POOLED_AR1,DefInd,GIS,2,POOLED_AR1,IT,2017,11.10593623007556,.084295377087944,.0237553004117065
DefInd_s2_GIS_POOLED_AR1,DefInd,GIS,2,POOLED_AR1,IT,2018,11.11983126688948,.0756226192586205,.0049238261628853
DefInd_s2_GIS_POOLED_AR1,DefInd,GIS,2,POOLED_AR1,IT,2019,11.10906889007968,.0754857151850192,.0120607908650897
DefInd_s2_GIS_POOLED_AR1,DefInd,GIS,2,POOLED_AR1,IT,2020,11.09750480055245,-.0058323543053493,-.0691424567559443
DefInd_s2_GIS_POOLED_AR1,DefInd,GIS,2,POOLED_AR1,IT,2021,11.24185700609201,-.0093647038917108,-.0044730903235703
DefInd_s2_GIS_POOLED_AR1,DefInd,GIS,2,POOLED_AR1,IT,2022,11.30406229629356,-.0439561049073554,-.0361018988320665
DefInd_s2_GIS_POOLED_AR1,DefInd,GIS,2,POOLED_AR1,IT,2023,11.31891174932219,-.0620900918622862,-.0252239709254596
DefInd_s2_GIS_POOLED_AR1,DefInd,GIS,2,POOLED_AR1,IT,2024,11.33862163214489,-.0627132293058299,-.0106380775061379
DefInd_s3_FRUK_FE_AR1,DefInd,FRUK,3,FE_AR1,FR,1981,10.96436677329608,-.1683055669315756,
DefInd_s3_FRUK_FE_AR1,DefInd,FRUK,3,FE_AR1,FR,1982,10.98308666015432,-.1795353079419204,-.0588702219308601
DefInd_s3_FRUK_FE_AR1,DefInd,FRUK,3,FE_AR1,FR,1983,11.03818988400887,-.202241324799866,-.0735251820733372
DefInd_s3_FRUK_FE_AR1,DefInd,FRUK,3,FE_AR1,FR,1984,11.05250960259666,-.1815422429034612,-.0365472359237586
DefInd_s3_FRUK_FE_AR1,DefInd,FRUK,3,FE_AR1,FR,1985,11.06425966360734,-.1470048119945382,-.0168498162094449
DefInd_s3_FRUK_FE_AR1,DefInd,FRUK,3,FE_AR1,FR,1986,11.05529016179204,-.1154351020674405,-.0100413910526871
DefInd_s3_FRUK_FE_AR1,DefInd,FRUK,3,FE_AR1,FR,1987,11.03613631090179,-.0720714245441894,.0106886812182424
DefInd_s3_FRUK_FE_AR1,DefInd,FRUK,3,FE_AR1,FR,1988,11.0286212933865,-.0091599943648966,.0425109325100285
DefInd_s3_FRUK_FE_AR1,DefInd,FRUK,3,FE_AR1,FR,1989,11.03440563888813,.0127753634242733,.0193425348378631
DefInd_s3_FRUK_FE_AR1,DefInd,FRUK,3,FE_AR1,FR,1990,11.03389465260586,.0404585995361355,.0312994234344965
DefInd_s3_FRUK_FE_AR1,DefInd,FRUK,3,FE_AR1,FR,1991,11.0696218028003,.0152673069945042,-.0137391036781718
DefInd_s3_FRUK_FE_AR1,DefInd,FRUK,3,FE_AR1,FR,1992,11.06917706033633,.0443839801992674,.0334382286995676
DefInd_s3_FRUK_FE_AR1,DefInd,FRUK,3,FE_AR1,FR,1993,11.09556008799079,.0265149722256073,-.0053057030253493
DefInd_s3_FRUK_FE_AR1,DefInd,FRUK,3,FE_AR1,FR,1994,11.0907979121274,.0550104961943045,.036000837378417
DefInd_s3_FRUK_FE_AR1,DefInd,FRUK,3,FE_AR1,FR,1995,11.11689989810149,.0642614683451068,.0248222128539592
DefInd_s3_FRUK_FE_AR1,DefInd,FRUK,3,FE_AR1,FR,1996,11.12378729833439,.0500252815398081,.0039536289710504
DefInd_s3_FRUK_FE_AR1,DefInd,FRUK,3,FE_AR1,FR,1997,11.16697517694841,.0590897038657872,.0232245509194054
DefInd_s3_FRUK_FE_AR1,DefInd,FRUK,3,FE_AR1,FR,1998,11.17175092179311,.0876740376367859,.0453102327471235
DefInd_s3_FRUK_FE_AR1,DefInd,FRUK,3,FE_AR1,FR,1999,11.18117772799352,.1032349689565795,.040377896042998
DefInd_s3_FRUK_FE_AR1,DefInd,FRUK,3,FE_AR1,FR,2000,11.20025754261224,.1271286188600609,.0531152832610125
DefInd_s3_FRUK_FE_AR1,DefInd,FRUK,3,FE_AR1,FR,2001,11.20308705459174,.1065718332474592,.0154281711043466
DefInd_s3_FRUK_FE_AR1,DefInd,FRUK,3,FE_AR1,FR,2002,11.21120625814796,.0931199632341428,.0167142943094242
DefInd_s3_FRUK_FE_AR1,DefInd,FRUK,3,FE_AR1,FR,2003,11.21658454484973,.0838485023825726,.017087024566674
DefInd_s3_FRUK_FE_AR1,DefInd,FRUK,3,FE_AR1,FR,2004,11.21283117943735,.1165718129741489,.0564574214162926
DefInd_s3_FRUK_FE_AR1,DefInd,FRUK,3,FE_AR1,FR,2005,11.25667691068883,.0791581676157733,-.0044168922912438
DefInd_s3_FRUK_FE_AR1,DefInd,FRUK,3,FE_AR1,FR,2006,11.15906329489967,.1808221889897261,.1240704886272633
DefInd_s3_FRUK_FE_AR1,DefInd,FRUK,3,FE_AR1,FR,2007,11.13999127656314,.2309436446520596,.1013048847171374
DefInd_s3_FRUK_FE_AR1,DefInd,FRUK,3,FE_AR1,FR,2008,11.27388105288478,.0674624677161209,-.0981103962936463
DefInd_s3_FRUK_FE_AR1,DefInd,FRUK,3,FE_AR1,FR,2009,11.28805155803254,.0226597494275609,-.0257068293962611
DefInd_s3_FRUK_FE_AR1,DefInd,FRUK,3,FE_AR1,FR,2010,11.35451021252418,.0001672083819173,-.0160784848741906
DefInd_s3_FRUK_FE_AR1,DefInd,FRUK,3,FE_AR1,FR,2011,11.44633084719409,-.05783116110719,-.0579510395767716
DefInd_s3_FRUK_FE_AR1,DefInd,FRUK,3,FE_AR1,FR,2012,11.42846933527507,-.0392118025136678,.0022497020363008
DefInd_s3_FRUK_FE_AR1,DefInd,FRUK,3,FE_AR1,FR,2013,11.45116593446327,-.042516684850666,-.0144041535231429
DefInd_s3_FRUK_FE_AR1,DefInd,FRUK,3,FE_AR1,FR,2014,11.44125587043008,-.0238908936044844,.0065910418890484
DefInd_s3_FRUK_FE_AR1,DefInd,FRUK,3,FE_AR1,FR,2015,11.41574925849627,.0459528511240297,.0630812015655703
DefInd_s3_FRUK_FE_AR1,DefInd,FRUK,3,FE_AR1,FR,2016,11.4151684151012,.0453619440853963,.0124164816480857
DefInd_s3_FRUK_FE_AR1,DefInd,FRUK,3,FE_AR1,FR,2017,11.41322504729731,.0588161197851864,.0262943025661604
DefInd_s3_FRUK_FE_AR1,DefInd,FRUK,3,FE_AR1,FR,2018,11.48022179255891,-.0048767524347095,-.0470444138026882
DefInd_s3_FRUK_FE_AR1,DefInd,FRUK,3,FE_AR1,FR,2019,11.47827429422824,-.010908865214839,-.0074125236337664
DefInd_s3_FRUK_FE_AR1,DefInd,FRUK,3,FE_AR1,FR,2020,11.37461498385299,-.0500546677110858,-.0422336598654763
DefInd_s3_FRUK_FE_AR1,DefInd,FRUK,3,FE_AR1,FR,2021,11.38103393016427,-.0118431012565754,.0240431198276547
DefInd_s3_FRUK_FE_AR1,DefInd,FRUK,3,FE_AR1,FR,2022,11.44617877169843,-.0188283649744267,-.0103375654256314
DefInd_s3_FRUK_FE_AR1,DefInd,FRUK,3,FE_AR1,FR,2023,11.45636443227729,-.0092509849177898,.0042478334546916
DefInd_s3_FRUK_FE_AR1,DefInd,FRUK,3,FE_AR1,FR,2024,11.46412454374673,-.0131575513145368,-.0065251450837557
DefInd_s3_FRUK_FE_AR1,DefInd,FRUK,3,FE_AR1,UK,1981,11.13143183016922,-.3895687366060159,
DefInd_s3_FRUK_FE_AR1,DefInd,FRUK,3,FE_AR1,UK,1982,11.13375241157713,-.3517301262220336,-.0724325012724336
DefInd_s3_FRUK_FE_AR1,DefInd,FRUK,3,FE_AR1,UK,1983,11.11277782475529,-.266965489473586,-.0147958987284543
DefInd_s3_FRUK_FE_AR1,DefInd,FRUK,3,FE_AR1,UK,1984,11.08295135682092,-.1889138767391252,.0024845085704433
DefInd_s3_FRUK_FE_AR1,DefInd,FRUK,3,FE_AR1,UK,1985,11.07937987633868,-.1569497494247774,-.0215097304105709
DefInd_s3_FRUK_FE_AR1,DefInd,FRUK,3,FE_AR1,UK,1986,11.09335809444949,-.1253668249625903,-.0128431850199229
DefInd_s3_FRUK_FE_AR1,DefInd,FRUK,3,FE_AR1,UK,1987,11.07941059970104,-.0611222399125406,.0287583207417278
DefInd_s3_FRUK_FE_AR1,DefInd,FRUK,3,FE_AR1,UK,1988,11.09537914853122,-.0360481805640145,.0077728318403691
DefInd_s3_FRUK_FE_AR1,DefInd,FRUK,3,FE_AR1,UK,1989,11.07146412622073,-.0109959667921284,.0148484356694219
DefInd_s3_FRUK_FE_AR1,DefInd,FRUK,3,FE_AR1,UK,1990,11.10211421601355,-.0541490603638479,-.0462656058653621
DefInd_s3_FRUK_FE_AR1,DefInd,FRUK,3,FE_AR1,UK,1991,11.10802940626278,-.0129209969929835,.0259006602186175
DefInd_s3_FRUK_FE_AR1,DefInd,FRUK,3,FE_AR1,UK,1992,11.12893622233506,.0135951449028386,.0228587316155756
DefInd_s3_FRUK_FE_AR1,DefInd,FRUK,3,FE_AR1,UK,1993,11.12560171395688,.0522971378969217,.042550227209762
DefInd_s3_FRUK_FE_AR1,DefInd,FRUK,3,FE_AR1,UK,1994,11.1589549985791,.0959452869607027,.0584513480642559
DefInd_s3_FRUK_FE_AR1,DefInd,FRUK,3,FE_AR1,UK,1995,11.12052547232141,.0846000947186898,.0158130277515242
DefInd_s3_FRUK_FE_AR1,DefInd,FRUK,3,FE_AR1,UK,1996,11.1083751296004,.0949476006388998,.03429436205693
DefInd_s3_FRUK_FE_AR1,DefInd,FRUK,3,FE_AR1,UK,1997,11.16102732237094,.0765299598885552,.0084581747033721
DefInd_s3_FRUK_FE_AR1,DefInd,FRUK,3,FE_AR1,UK,1998,11.17216524428999,.0668725247008126,.0120050930362987
DefInd_s3_FRUK_FE_AR1,DefInd,FRUK,3,FE_AR1,UK,1999,11.18337925646147,.0814943868263249,.0335507620733729
DefInd_s3_FRUK_FE_AR1,DefInd,FRUK,3,FE_AR1,UK,2000,11.20825302666765,.0965287587546548,.0381021281024737
DefInd_s3_FRUK_FE_AR1,DefInd,FRUK,3,FE_AR1,UK,2001,11.2570214179268,.0599503137859045,-.0092550677711218
DefInd_s3_FRUK_FE_AR1,DefInd,FRUK,3,FE_AR1,UK,2002,11.26864884432721,.0862840697494871,.0433032587088923
DefInd_s3_FRUK_FE_AR1,DefInd,FRUK,3,FE_AR1,UK,2003,11.29271456539002,.1041150651193767,.0422545165497685
DefInd_s3_FRUK_FE_AR1,DefInd,FRUK,3,FE_AR1,UK,2004,11.34943954750177,.0591749679714297,-.0154693442561286
DefInd_s3_FRUK_FE_AR1,DefInd,FRUK,3,FE_AR1,UK,2005,11.34312534855501,.097964094929786,.0555391607451835
DefInd_s3_FRUK_FE_AR1,DefInd,FRUK,3,FE_AR1,UK,2006,11.41824116785298,.029817627414424,-.040416804851884
DefInd_s3_FRUK_FE_AR1,DefInd,FRUK,3,FE_AR1,UK,2007,11.41241212255492,.0477193889325793,.0263419226835279
DefInd_s3_FRUK_FE_AR1,DefInd,FRUK,3,FE_AR1,UK,2008,11.43206086737744,.0446790287838557,.0104670637554745
DefInd_s3_FRUK_FE_AR1,DefInd,FRUK,3,FE_AR1,UK,2009,11.46885241202086,-.0289573896653597,-.0609895972113309
DefInd_s3_FRUK_FE_AR1,DefInd,FRUK,3,FE_AR1,UK,2010,11.4522135935314,.0738132974149028,.094574024337542
DefInd_s3_FRUK_FE_AR1,DefInd,FRUK,3,FE_AR1,UK,2011,11.50871125998353,.0209365194274689,-.0319832267443867
DefInd_s3_FRUK_FE_AR1,DefInd,FRUK,3,FE_AR1,UK,2012,11.47305355617346,.0655197988351404,.0505095590460142
DefInd_s3_FRUK_FE_AR1,DefInd,FRUK,3,FE_AR1,UK,2013,11.48243316392133,.1072929203426689,.0603191196181585
DefInd_s3_FRUK_FE_AR1,DefInd,FRUK,3,FE_AR1,UK,2014,11.44733649777188,.1488692024454252,.0719465569408391
DefInd_s3_FRUK_FE_AR1,DefInd,FRUK,3,FE_AR1,UK,2015,11.42592884364733,.1704154061277663,.0636850379945592
DefInd_s3_FRUK_FE_AR1,DefInd,FRUK,3,FE_AR1,UK,2016,11.43442283737026,.1642513402264374,.0420736249380499
DefInd_s3_FRUK_FE_AR1,DefInd,FRUK,3,FE_AR1,UK,2017,11.4590406389223,.1449578022881024,.0271993558077637
DefInd_s3_FRUK_FE_AR1,DefInd,FRUK,3,FE_AR1,UK,2018,11.49083115080086,.0998740288427378,-.0040520979037366
DefInd_s3_FRUK_FE_AR1,DefInd,FRUK,3,FE_AR1,UK,2019,11.56672894251813,.034782379434775,-.0368213619048059
DefInd_s3_FRUK_FE_AR1,DefInd,FRUK,3,FE_AR1,UK,2020,11.55887307369312,-.0213120217085212,-.046248920010125
DefInd_s3_FRUK_FE_AR1,DefInd,FRUK,3,FE_AR1,UK,2021,11.47334294950509,.1397975398533067,.1550769924549772
DefInd_s3_FRUK_FE_AR1,DefInd,FRUK,3,FE_AR1,UK,2022,11.52786955286677,.0578666396063277,-.0423598857431982
DefInd_s3_FRUK_FE_AR1,DefInd,FRUK,3,FE_AR1,UK,2023,11.54558515563194,.0727724696214569,.0312855290967428
DefInd_s3_FRUK_FE_AR1,DefInd,FRUK,3,FE_AR1,UK,2024,11.56516587729878,.0560587894367721,.0038852549173803
DefInd_s3_FRUK_POOLED_AR1,DefInd,FRUK,3,POOLED_AR1,FR,1981,11.08083446437167,-.2847732580071725,
DefInd_s3_FRUK_POOLED_AR1,DefInd,FRUK,3,POOLED_AR1,FR,1982,11.11003112689641,-.3064797746840071,-.0891662340101001
DefInd_s3_FRUK_POOLED_AR1,DefInd,FRUK,3,POOLED_AR1,FR,1983,11.15195831025117,-.3160097510421682,-.0821317336763474
DefInd_s3_FRUK_POOLED_AR1,DefInd,FRUK,3,POOLED_AR1,FR,1984,11.16244843668821,-.2914810769950105,-.0503306320163467
DefInd_s3_FRUK_POOLED_AR1,DefInd,FRUK,3,POOLED_AR1,FR,1985,11.1667825655134,-.2495277139005978,-.0270953643025395
DefInd_s3_FRUK_POOLED_AR1,DefInd,FRUK,3,POOLED_AR1,FR,1986,11.15564569057192,-.215790630847323,-.0253733445351411
DefInd_s3_FRUK_POOLED_AR1,DefInd,FRUK,3,POOLED_AR1,FR,1987,11.1282199885507,-.1641551021931047,.0005170526357967
DefInd_s3_FRUK_POOLED_AR1,DefInd,FRUK,3,POOLED_AR1,FR,1988,11.11550577559321,-.0960444765716133,.0292240501394592
DefInd_s3_FRUK_POOLED_AR1,DefInd,FRUK,3,POOLED_AR1,FR,1989,11.11409935098396,-.0669183486715639,.0063742259613524
DefInd_s3_FRUK_POOLED_AR1,DefInd,FRUK,3,POOLED_AR1,FR,1990,11.09400193299163,-.0196486808496275,.031417431845204
DefInd_s3_FRUK_POOLED_AR1,DefInd,FRUK,3,POOLED_AR1,FR,1991,11.1247292855915,-.039840175796698,-.0248460557908911
DefInd_s3_FRUK_POOLED_AR1,DefInd,FRUK,3,POOLED_AR1,FR,1992,11.12667997783747,-.0131189373018685,.0172835299945279
DefInd_s3_FRUK_POOLED_AR1,DefInd,FRUK,3,POOLED_AR1,FR,1993,11.16202683800223,-.0399517777858289,-.0299405754176759
DefInd_s3_FRUK_POOLED_AR1,DefInd,FRUK,3,POOLED_AR1,FR,1994,11.15121765083785,-.0054092425161496,.0250783894602945
DefInd_s3_FRUK_POOLED_AR1,DefInd,FRUK,3,POOLED_AR1,FR,1995,11.15934689697136,.0218144694752436,.025942320705989
DefInd_s3_FRUK_POOLED_AR1,DefInd,FRUK,3,POOLED_AR1,FR,1996,11.16462448347749,.009188096396711,-.0074587602385024
DefInd_s3_FRUK_POOLED_AR1,DefInd,FRUK,3,POOLED_AR1,FR,1997,11.20670585138202,.0193590294321773,.0123474941005411
DefInd_s3_FRUK_POOLED_AR1,DefInd,FRUK,3,POOLED_AR1,FR,1998,11.20739812871902,.0520268307108829,.0372537468217669
DefInd_s3_FRUK_POOLED_AR1,DefInd,FRUK,3,POOLED_AR1,FR,1999,11.22046344994668,.0639492470034231,.0242470120711699
DefInd_s3_FRUK_POOLED_AR1,DefInd,FRUK,3,POOLED_AR1,FR,2000,11.23717208074685,.0902140807254472,.0414137214958103
DefInd_s3_FRUK_POOLED_AR1,DefInd,FRUK,3,POOLED_AR1,FR,2001,11.2334542845712,.0762046032680015,.0073612665084985
DefInd_s3_FRUK_POOLED_AR1,DefInd,FRUK,3,POOLED_AR1,FR,2002,11.24222596339881,.0621002579832908,.0039477043772823
DefInd_s3_FRUK_POOLED_AR1,DefInd,FRUK,3,POOLED_AR1,FR,2003,11.24185330220503,.0585797450272683,.0111903692356268
DefInd_s3_FRUK_POOLED_AR1,DefInd,FRUK,3,POOLED_AR1,FR,2004,11.23178585813223,.0976171342792718,.0529142998462376
DefInd_s3_FRUK_POOLED_AR1,DefInd,FRUK,3,POOLED_AR1,FR,2005,11.27190240521979,.0639326730848087,-.0105600135849996
DefInd_s3_FRUK_POOLED_AR1,DefInd,FRUK,3,POOLED_AR1,FR,2006,11.2051552186327,.1347302652566995,.0859425537628863
DefInd_s3_FRUK_POOLED_AR1,DefInd,FRUK,3,POOLED_AR1,FR,2007,11.19129466334721,.179640257867991,.0768261411782468
DefInd_s3_FRUK_POOLED_AR1,DefInd,FRUK,3,POOLED_AR1,FR,2008,11.28336076791825,.0579827526826531,-.0791026631251879
DefInd_s3_FRUK_POOLED_AR1,DefInd,FRUK,3,POOLED_AR1,FR,2009,11.30816879528912,.0025425121709794,-.0417047509732637
DefInd_s3_FRUK_POOLED_AR1,DefInd,FRUK,3,POOLED_AR1,FR,2010,11.37384657138355,-.0191691504774454,-.0211093689022672
DefInd_s3_FRUK_POOLED_AR1,DefInd,FRUK,3,POOLED_AR1,FR,2011,11.46662793243591,-.0781282463490047,-.0635000611355615
DefInd_s3_FRUK_POOLED_AR1,DefInd,FRUK,3,POOLED_AR1,FR,2012,11.47067456124245,-.0814170284810487,-.0217965221190439
DefInd_s3_FRUK_POOLED_AR1,DefInd,FRUK,3,POOLED_AR1,FR,2013,11.49255904326583,-.0839097936532305,-.0217795822205285
DefInd_s3_FRUK_POOLED_AR1,DefInd,FRUK,3,POOLED_AR1,FR,2014,11.48512553083375,-.0677605540081476,-.0037280866212655
DefInd_s3_FRUK_POOLED_AR1,DefInd,FRUK,3,POOLED_AR1,FR,2015,11.48213370869988,-.0204315990795827,.0312772095795688
DefInd_s3_FRUK_POOLED_AR1,DefInd,FRUK,3,POOLED_AR1,FR,2016,11.48269763332746,-.0221672741408625,-.0065757008004261
DefInd_s3_FRUK_POOLED_AR1,DefInd,FRUK,3,POOLED_AR1,FR,2017,11.47093289694187,.0011082701406249,.0180243558164738
DefInd_s3_FRUK_POOLED_AR1,DefInd,FRUK,3,POOLED_AR1,FR,2018,11.52132068583503,-.0459756457108309,-.0468213785930817
DefInd_s3_FRUK_POOLED_AR1,DefInd,FRUK,3,POOLED_AR1,FR,2019,11.51925307946829,-.0518876504548924,-.0168031399776546
DefInd_s3_FRUK_POOLED_AR1,DefInd,FRUK,3,POOLED_AR1,FR,2020,11.4249602233167,-.1003999071748041,-.0608038821951034
DefInd_s3_FRUK_POOLED_AR1,DefInd,FRUK,3,POOLED_AR1,FR,2021,11.36388063673442,.0053101921732779,.0819264428148278
DefInd_s3_FRUK_POOLED_AR1,DefInd,FRUK,3,POOLED_AR1,FR,2022,11.41059801154299,.0167523951810065,.0127001303338458
DefInd_s3_FRUK_POOLED_AR1,DefInd,FRUK,3,POOLED_AR1,FR,2023,11.41880459902474,.0283088483347651,.015524915120568
DefInd_s3_FRUK_POOLED_AR1,DefInd,FRUK,3,POOLED_AR1,FR,2024,11.42181977005148,.0291472223807183,.0075444352823824
DefInd_s3_FRUK_POOLED_AR1,DefInd,FRUK,3,POOLED_AR1,UK,1981,11.07078745668536,-.3289243631221641,
DefInd_s3_FRUK_POOLED_AR1,DefInd,FRUK,3,POOLED_AR1,UK,1982,11.08989990561119,-.3078776202560913,-.0568718956870131
DefInd_s3_FRUK_POOLED_AR1,DefInd,FRUK,3,POOLED_AR1,UK,1983,11.08549503885905,-.2396827035773512,-.0047379751983168
DefInd_s3_FRUK_POOLED_AR1,DefInd,FRUK,3,POOLED_AR1,UK,1984,11.05400433084594,-.1599668507641372,.0229376021229975
DefInd_s3_FRUK_POOLED_AR1,DefInd,FRUK,3,POOLED_AR1,UK,1985,11.04105769058587,-.118627563671966,.0034448632591245
DefInd_s3_FRUK_POOLED_AR1,DefInd,FRUK,3,POOLED_AR1,UK,1986,11.06104789698263,-.093056627495729,-.0025306558385694
DefInd_s3_FRUK_POOLED_AR1,DefInd,FRUK,3,POOLED_AR1,UK,1987,11.04024784509371,-.0219594853052101,.0490530295137213
DefInd_s3_FRUK_POOLED_AR1,DefInd,FRUK,3,POOLED_AR1,UK,1988,11.05991529854276,-.0005843305755544,.0161731892015717
DefInd_s3_FRUK_POOLED_AR1,DefInd,FRUK,3,POOLED_AR1,UK,1989,11.04017599739671,.0202921620318914,.0207380709883235
DefInd_s3_FRUK_POOLED_AR1,DefInd,FRUK,3,POOLED_AR1,UK,1990,11.06646027684866,-.0184951211989617,-.0339802886263326
DefInd_s3_FRUK_POOLED_AR1,DefInd,FRUK,3,POOLED_AR1,UK,1991,11.08172986390516,.0133785453646365,.0274923715752358
DefInd_s3_FRUK_POOLED_AR1,DefInd,FRUK,3,POOLED_AR1,UK,1992,11.10577098578043,.0367603814574728,.0265510693802047
DefInd_s3_FRUK_POOLED_AR1,DefInd,FRUK,3,POOLED_AR1,UK,1993,11.10622313465345,.0716757172003515,.0436234741388009
DefInd_s3_FRUK_POOLED_AR1,DefInd,FRUK,3,POOLED_AR1,UK,1994,11.129315668221,.125584617318804,.0708881054547661
DefInd_s3_FRUK_POOLED_AR1,DefInd,FRUK,3,POOLED_AR1,UK,1995,11.07604528227276,.1290802847673458,.0332453105330742
DefInd_s3_FRUK_POOLED_AR1,DefInd,FRUK,3,POOLED_AR1,UK,1996,11.06009427569276,.1432284545465432,.0447258988280509
DefInd_s3_FRUK_POOLED_AR1,DefInd,FRUK,3,POOLED_AR1,UK,1997,11.11657887637419,.1209784058853138,.0116792294086479
DefInd_s3_FRUK_POOLED_AR1,DefInd,FRUK,3,POOLED_AR1,UK,1998,11.14052280957108,.098514959419715,.0061950347470113
DefInd_s3_FRUK_POOLED_AR1,DefInd,FRUK,3,POOLED_AR1,UK,1999,11.15782034175186,.1070533015359398,.0318754748303672
DefInd_s3_FRUK_POOLED_AR1,DefInd,FRUK,3,POOLED_AR1,UK,2000,11.18120521059636,.1235765748259396,.0418830472791201
DefInd_s3_FRUK_POOLED_AR1,DefInd,FRUK,3,POOLED_AR1,UK,2001,11.23236650228458,.0846052294281172,-.0096973859498428
DefInd_s3_FRUK_POOLED_AR1,DefInd,FRUK,3,POOLED_AR1,UK,2002,11.23391767400201,.1210152400746889,.0564520781569736
DefInd_s3_FRUK_POOLED_AR1,DefInd,FRUK,3,POOLED_AR1,UK,2003,11.25317256303478,.1436570674746225,.0513090342352403
DefInd_s3_FRUK_POOLED_AR1,DefInd,FRUK,3,POOLED_AR1,UK,2004,11.30217913487663,.1064353805965688,-.0031908750223991
DefInd_s3_FRUK_POOLED_AR1,DefInd,FRUK,3,POOLED_AR1,UK,2005,11.26940947222092,.171679971263881,.090457985841947
DefInd_s3_FRUK_POOLED_AR1,DefInd,FRUK,3,POOLED_AR1,UK,2006,11.35742114507444,.09063765019296,-.0403731851615624
DefInd_s3_FRUK_POOLED_AR1,DefInd,FRUK,3,POOLED_AR1,UK,2007,11.35147122086889,.1086602906186052,.0394937234358851
DefInd_s3_FRUK_POOLED_AR1,DefInd,FRUK,3,POOLED_AR1,UK,2008,11.36983089648379,.1069089996775059,.0239891614517197
DefInd_s3_FRUK_POOLED_AR1,DefInd,FRUK,3,POOLED_AR1,UK,2009,11.40129812481283,.038596897542666,-.042986511701608
DefInd_s3_FRUK_POOLED_AR1,DefInd,FRUK,3,POOLED_AR1,UK,2010,11.39021508549309,.1358118054532049,.1063580971846655
DefInd_s3_FRUK_POOLED_AR1,DefInd,FRUK,3,POOLED_AR1,UK,2011,11.44702647761117,.0826213017998274,-.0210181498638834
DefInd_s3_FRUK_POOLED_AR1,DefInd,FRUK,3,POOLED_AR1,UK,2012,11.42227672390781,.1162966311007896,.0532474257264713
DefInd_s3_FRUK_POOLED_AR1,DefInd,FRUK,3,POOLED_AR1,UK,2013,11.42745977388284,.1622663103811597,.0735190984771428
DefInd_s3_FRUK_POOLED_AR1,DefInd,FRUK,3,POOLED_AR1,UK,2014,11.40115848443766,.1950472157796419,.0712200464457404
DefInd_s3_FRUK_POOLED_AR1,DefInd,FRUK,3,POOLED_AR1,UK,2015,11.37996887044497,.2163753793301257,.0675327479809631
DefInd_s3_FRUK_POOLED_AR1,DefInd,FRUK,3,POOLED_AR1,UK,2016,11.39401874271735,.2046554348793492,.039537052184493
DefInd_s3_FRUK_POOLED_AR1,DefInd,FRUK,3,POOLED_AR1,UK,2017,11.40479007253112,.1992083686792796,.0430336018383937
DefInd_s3_FRUK_POOLED_AR1,DefInd,FRUK,3,POOLED_AR1,UK,2018,11.42354009509131,.1671650845522912,.0151470326027751
DefInd_s3_FRUK_POOLED_AR1,DefInd,FRUK,3,POOLED_AR1,UK,2019,11.49547179160092,.1060395303519801,-.0215259463199779
DefInd_s3_FRUK_POOLED_AR1,DefInd,FRUK,3,POOLED_AR1,UK,2020,11.46772054446311,.069840507521489,-.0110794003148242
DefInd_s3_FRUK_POOLED_AR1,DefInd,FRUK,3,POOLED_AR1,UK,2021,11.38862205868247,.224518430675932,.1712223870861398
DefInd_s3_FRUK_POOLED_AR1,DefInd,FRUK,3,POOLED_AR1,UK,2022,11.44271768019179,.1430185122813139,-.0283139206099341
DefInd_s3_FRUK_POOLED_AR1,DefInd,FRUK,3,POOLED_AR1,UK,2023,11.45419590531874,.1641617199346559,.055022752662019
DefInd_s3_FRUK_POOLED_AR1,DefInd,FRUK,3,POOLED_AR1,UK,2024,11.47132695871208,.1498977080234702,.0246241312425358
DefInd_s3_GIS_FE_AR1,DefInd,GIS,3,FE_AR1,DE,1991,11.17267477053026,-.1580298455513613,
DefInd_s3_GIS_FE_AR1,DefInd,GIS,3,FE_AR1,DE,1992,11.17402820996982,-.1231677394039252,-.0018972468884545
DefInd_s3_GIS_FE_AR1,DefInd,GIS,3,FE_AR1,DE,1993,11.16676699785034,-.1491279273523389,-.0546102597091303
DefInd_s3_GIS_FE_AR1,DefInd,GIS,3,FE_AR1,DE,1994,11.17772808172066,-.1084064675616627,.0060327836742801
DefInd_s3_GIS_FE_AR1,DefInd,GIS,3,FE_AR1,DE,1995,11.22038927832084,-.1269752818397354,-.043785263731463
DefInd_s3_GIS_FE_AR1,DefInd,GIS,3,FE_AR1,DE,1996,11.21419382877013,-.1099929816287339,-.0125534447344781
DefInd_s3_GIS_FE_AR1,DefInd,GIS,3,FE_AR1,DE,1997,11.19453348458343,-.0475960614920261,.0368114313383482
DefInd_s3_GIS_FE_AR1,DefInd,GIS,3,FE_AR1,DE,1998,11.19820351645265,-.0280008345808529,.0085238978125524
DefInd_s3_GIS_FE_AR1,DefInd,GIS,3,FE_AR1,DE,1999,11.17938992042137,-.0023945710425721,.0190929839734873
DefInd_s3_GIS_FE_AR1,DefInd,GIS,3,FE_AR1,DE,2000,11.16624671670869,.0540622369115127,.0558998063192587
DefInd_s3_GIS_FE_AR1,DefInd,GIS,3,FE_AR1,DE,2001,11.19435007906918,.0307416967707166,-.0107451127232305
DefInd_s3_GIS_FE_AR1,DefInd,GIS,3,FE_AR1,DE,2002,11.20939754679256,.004323095609438,-.0192677691106974
DefInd_s3_GIS_FE_AR1,DefInd,GIS,3,FE_AR1,DE,2003,11.22980746894668,.0088999919817176,.0055824924807919
DefInd_s3_GIS_FE_AR1,DefInd,GIS,3,FE_AR1,DE,2004,11.26142022811929,.0164953565207124,.0096655934007083
DefInd_s3_GIS_FE_AR1,DefInd,GIS,3,FE_AR1,DE,2005,11.26873563479841,.0339462179737851,.0212878495339138
DefInd_s3_GIS_FE_AR1,DefInd,GIS,3,FE_AR1,DE,2006,11.29201579720504,.0878634549381641,.0618134733137722
DefInd_s3_GIS_FE_AR1,DefInd,GIS,3,FE_AR1,DE,2007,11.34080613073447,.0618154542624278,-.0056100653746141
DefInd_s3_GIS_FE_AR1,DefInd,GIS,3,FE_AR1,DE,2008,11.35526853483313,-.0069752307164315,-.0544117801689574
DefInd_s3_GIS_FE_AR1,DefInd,GIS,3,FE_AR1,DE,2009,11.2473512807298,-.0613902916337015,-.056037570687608
DefInd_s3_GIS_FE_AR1,DefInd,GIS,3,FE_AR1,DE,2010,11.28463865785504,.0740208486513563,.1211311326367172
DefInd_s3_GIS_FE_AR1,DefInd,GIS,3,FE_AR1,DE,2011,11.36466139044665,.046523991254551,-.0102788534299085
DefInd_s3_GIS_FE_AR1,DefInd,GIS,3,FE_AR1,DE,2012,11.3572896886426,.0373739186933051,.0016718820714244
DefInd_s3_GIS_FE_AR1,DefInd,GIS,3,FE_AR1,DE,2013,11.35493135683963,.0256893622080732,-.0029910020064018
DefInd_s3_GIS_FE_AR1,DefInd,GIS,3,FE_AR1,DE,2014,11.35412880735788,.0597072045763234,.0399934498959214
DefInd_s3_GIS_FE_AR1,DefInd,GIS,3,FE_AR1,DE,2015,11.31511656854702,.112654032354282,.0668353322193166
DefInd_s3_GIS_FE_AR1,DefInd,GIS,3,FE_AR1,DE,2016,11.31392409926164,.1475904511760593,.0611408951457246
DefInd_s3_GIS_FE_AR1,DefInd,GIS,3,FE_AR1,DE,2017,11.31541991098218,.1522973388251181,.0390379311337773
DefInd_s3_GIS_FE_AR1,DefInd,GIS,3,FE_AR1,DE,2018,11.320249967003,.1251214718116014,.0082500465205166
DefInd_s3_GIS_FE_AR1,DefInd,GIS,3,FE_AR1,DE,2019,11.29728672981237,.1271648451321283,.0311479031556715
DefInd_s3_GIS_FE_AR1,DefInd,GIS,3,FE_AR1,DE,2020,11.26929005412993,.0992010047755709,.0016159989431462
DefInd_s3_GIS_FE_AR1,DefInd,GIS,3,FE_AR1,DE,2021,11.36435569923264,.0575672276802557,-.0185586121267137
DefInd_s3_GIS_FE_AR1,DefInd,GIS,3,FE_AR1,DE,2022,11.40227403293991,.0079770139050908,-.0361994897748162
DefInd_s3_GIS_FE_AR1,DefInd,GIS,3,FE_AR1,DE,2023,11.4094678933769,.0102309765580042,.0041094974051393
DefInd_s3_GIS_FE_AR1,DefInd,GIS,3,FE_AR1,DE,2024,11.40916048290145,.0144535746746346,.006602427558882
DefInd_s3_GIS_FE_AR1,DefInd,GIS,3,FE_AR1,ES,1981,10.85050956701405,-.0380379525285512,
DefInd_s3_GIS_FE_AR1,DefInd,GIS,3,FE_AR1,ES,1982,10.84470831206973,-.0078004748036271,.0213894622068363
DefInd_s3_GIS_FE_AR1,DefInd,GIS,3,FE_AR1,ES,1983,10.84716809948135,.0228921993627509,.0288782042087971
DefInd_s3_GIS_FE_AR1,DefInd,GIS,3,FE_AR1,ES,1984,10.86779256158809,.0390252184378053,.0214579780105477
DefInd_s3_GIS_FE_AR1,DefInd,GIS,3,FE_AR1,ES,1985,10.86355674126883,.0812195654990688,.05127201069406
DefInd_s3_GIS_FE_AR1,DefInd,GIS,3,FE_AR1,ES,1986,10.87232818114893,.1139742403470692,.051647173737595
DefInd_s3_GIS_FE_AR1,DefInd,GIS,3,FE_AR1,ES,1987,10.8811996254057,.0961472901382958,.0086846199525332
DefInd_s3_GIS_FE_AR1,DefInd,GIS,3,FE_AR1,ES,1988,10.88017633485606,.1094045116480444,.0356220613240679
DefInd_s3_GIS_FE_AR1,DefInd,GIS,3,FE_AR1,ES,1989,10.88007427040862,.1056985850806758,.0217426781146032
DefInd_s3_GIS_FE_AR1,DefInd,GIS,3,FE_AR1,ES,1990,10.90567323500638,.0107262291694195,-.0703857875271729
DefInd_s3_GIS_FE_AR1,DefInd,GIS,3,FE_AR1,ES,1991,10.91523371095312,-.0017884222518241,-.0100196211729579
DefInd_s3_GIS_FE_AR1,DefInd,GIS,3,FE_AR1,ES,1992,10.91732663264017,-.0490431910394644,-.0476707740346408
DefInd_s3_GIS_FE_AR1,DefInd,GIS,3,FE_AR1,ES,1993,10.91392064271395,-.0705785682992524,-.0329433234432218
DefInd_s3_GIS_FE_AR1,DefInd,GIS,3,FE_AR1,ES,1994,10.92865383207259,-.0540622907056854,.0000989831272713
DefInd_s3_GIS_FE_AR1,DefInd,GIS,3,FE_AR1,ES,1995,10.96310964594863,-.0508915502651313,-.0094046994900845
DefInd_s3_GIS_FE_AR1,DefInd,GIS,3,FE_AR1,ES,1996,10.9591707331431,-.0521019162878034,-.0130482594042215
DefInd_s3_GIS_FE_AR1,DefInd,GIS,3,FE_AR1,ES,1997,10.95401845476258,-.0421358271760752,-.0021533477451997
DefInd_s3_GIS_FE_AR1,DefInd,GIS,3,FE_AR1,ES,1998,10.95003417829002,-.0420088944428159,-.0096742902016907
DefInd_s3_GIS_FE_AR1,DefInd,GIS,3,FE_AR1,ES,1999,10.94775319475493,-.0488809299578339,-.0166437326022562
DefInd_s3_GIS_FE_AR1,DefInd,GIS,3,FE_AR1,ES,2000,10.95383835054681,-.0407565116200104,-.0032457842639291
DefInd_s3_GIS_FE_AR1,DefInd,GIS,3,FE_AR1,ES,2001,10.94030539225565,-.0111598588285489,.0201162727156333
DefInd_s3_GIS_FE_AR1,DefInd,GIS,3,FE_AR1,ES,2002,10.96709205730166,-.0397145818095623,-.0311506199084454
DefInd_s3_GIS_FE_AR1,DefInd,GIS,3,FE_AR1,ES,2003,10.97977182026615,-.0589350237577477,-.0284584585286419
DefInd_s3_GIS_FE_AR1,DefInd,GIS,3,FE_AR1,ES,2004,10.99830916572383,-.0877697899477283,-.0425436535013052
DefInd_s3_GIS_FE_AR1,DefInd,GIS,3,FE_AR1,ES,2005,10.98938915503545,-.0786725321607449,-.0113188900825398
DefInd_s3_GIS_FE_AR1,DefInd,GIS,3,FE_AR1,ES,2006,11.00318374091646,-.0701542116616629,-.0097817124714898
DefInd_s3_GIS_FE_AR1,DefInd,GIS,3,FE_AR1,ES,2007,11.01926619413477,-.0663498733735643,-.0125142464983905
DefInd_s3_GIS_FE_AR1,DefInd,GIS,3,FE_AR1,ES,2008,11.01880501714676,-.0635611262169586,-.0126449097625412
DefInd_s3_GIS_FE_AR1,DefInd,GIS,3,FE_AR1,ES,2009,10.98035006096967,-.016917331186173,.0318588291288313
DefInd_s3_GIS_FE_AR1,DefInd,GIS,3,FE_AR1,ES,2010,11.00198647805824,-.0081979660818412,.004784221414683
DefInd_s3_GIS_FE_AR1,DefInd,GIS,3,FE_AR1,ES,2011,11.03810455002258,-.0010057416523761,.0052852939485344
DefInd_s3_GIS_FE_AR1,DefInd,GIS,3,FE_AR1,ES,2012,11.02204952276063,.0268215163516725,.0275933122431475
DefInd_s3_GIS_FE_AR1,DefInd,GIS,3,FE_AR1,ES,2013,11.02266286900789,.0685192946889064,.0479367364599171
DefInd_s3_GIS_FE_AR1,DefInd,GIS,3,FE_AR1,ES,2014,11.02903614836108,.0983286072013154,.0457475989446458
DefInd_s3_GIS_FE_AR1,DefInd,GIS,3,FE_AR1,ES,2015,11.03847266393827,.1030662049918263,.0276098341900954
DefInd_s3_GIS_FE_AR1,DefInd,GIS,3,FE_AR1,ES,2016,11.05821715336508,.0698495261790217,-.0092424288719435
DefInd_s3_GIS_FE_AR1,DefInd,GIS,3,FE_AR1,ES,2017,11.05006761461221,.0936149950756917,.0400131807339244
DefInd_s3_GIS_FE_AR1,DefInd,GIS,3,FE_AR1,ES,2018,11.04500818607714,.0710512579418552,-.0007879349653653
DefInd_s3_GIS_FE_AR1,DefInd,GIS,3,FE_AR1,ES,2019,11.03614733517331,.0636533539581894,.0091293429121107
DefInd_s3_GIS_FE_AR1,DefInd,GIS,3,FE_AR1,ES,2020,11.02504549239192,.0156201923974777,-.033226742545975
DefInd_s3_GIS_FE_AR1,DefInd,GIS,3,FE_AR1,ES,2021,11.12081339189094,.0244823306890609,.0124955542759126
DefInd_s3_GIS_FE_AR1,DefInd,GIS,3,FE_AR1,ES,2022,11.17188373783888,-.0148200180871747,-.0336075090843996
DefInd_s3_GIS_FE_AR1,DefInd,GIS,3,FE_AR1,ES,2023,11.17026565506355,-.0097164743355531,.0016562564688679
DefInd_s3_GIS_FE_AR1,DefInd,GIS,3,FE_AR1,ES,2024,11.18229101143952,-.0147813125223646,-.0073249891672709
DefInd_s3_GIS_FE_AR1,DefInd,GIS,3,FE_AR1,IT,1981,11.01779314334366,-.0970605426249627,
DefInd_s3_GIS_FE_AR1,DefInd,GIS,3,FE_AR1,IT,1982,10.99708127789242,-.0935699628067219,-.0190866918341985
DefInd_s3_GIS_FE_AR1,DefInd,GIS,3,FE_AR1,IT,1983,10.98798552780013,-.1040644710256249,-.0322598354225516
DefInd_s3_GIS_FE_AR1,DefInd,GIS,3,FE_AR1,IT,1984,10.97798795699391,-.0215793677058045,.058278646523146
DefInd_s3_GIS_FE_AR1,DefInd,GIS,3,FE_AR1,IT,1985,10.97316851355368,.0170206563365181,.0335804431332774
DefInd_s3_GIS_FE_AR1,DefInd,GIS,3,FE_AR1,IT,1986,11.0168528745916,-.0078601657696975,-.020921643933297
DefInd_s3_GIS_FE_AR1,DefInd,GIS,3,FE_AR1,IT,1987,11.04556934408557,-.0098452367020734,-.0038134256171561
DefInd_s3_GIS_FE_AR1,DefInd,GIS,3,FE_AR1,IT,1988,11.0485343196809,.0013980592359033,.0089531935184575
DefInd_s3_GIS_FE_AR1,DefInd,GIS,3,FE_AR1,IT,1989,11.05109605512359,.0247290128322089,.0236561564264314
DefInd_s3_GIS_FE_AR1,DefInd,GIS,3,FE_AR1,IT,1990,11.05815134425255,-.0391498947870463,-.0581266871462383
DefInd_s3_GIS_FE_AR1,DefInd,GIS,3,FE_AR1,IT,1991,11.04962600916044,-.0574032347064435,-.0273600045419812
DefInd_s3_GIS_FE_AR1,DefInd,GIS,3,FE_AR1,IT,1992,11.06435154392889,-.0539330800701894,-.0098824229266369
DefInd_s3_GIS_FE_AR1,DefInd,GIS,3,FE_AR1,IT,1993,11.04739221383493,-.018915716057327,.022471979793217
DefInd_s3_GIS_FE_AR1,DefInd,GIS,3,FE_AR1,IT,1994,11.05208571969337,.0294677089766342,.043983436651691
DefInd_s3_GIS_FE_AR1,DefInd,GIS,3,FE_AR1,IT,1995,11.09857391622633,.0336582958627716,.011045076388748
DefInd_s3_GIS_FE_AR1,DefInd,GIS,3,FE_AR1,IT,1996,11.10840832567723,.031992753797768,.0061637206662819
DefInd_s3_GIS_FE_AR1,DefInd,GIS,3,FE_AR1,IT,1997,11.08374577341409,.068523171653208,.0439722585238235
DefInd_s3_GIS_FE_AR1,DefInd,GIS,3,FE_AR1,IT,1998,11.07158656305339,.0759403902673128,.02335640686776
DefInd_s3_GIS_FE_AR1,DefInd,GIS,3,FE_AR1,IT,1999,11.07083793562519,.0717878798953127,.0135119985426288
DefInd_s3_GIS_FE_AR1,DefInd,GIS,3,FE_AR1,IT,2000,11.07997301123857,.0927116281346283,.0376223409106111
DefInd_s3_GIS_FE_AR1,DefInd,GIS,3,FE_AR1,IT,2001,11.07117085731758,.0966504461925233,.0255044878669271
DefInd_s3_GIS_FE_AR1,DefInd,GIS,3,FE_AR1,IT,2002,11.07119959821118,.0739155768279236,-.0002529903228802
DefInd_s3_GIS_FE_AR1,DefInd,GIS,3,FE_AR1,IT,2003,11.0827359057866,.0165056938951977,-.0402163662651034
DefInd_s3_GIS_FE_AR1,DefInd,GIS,3,FE_AR1,IT,2004,11.08835005092934,.0212519251768626,.0085856239411908
DefInd_s3_GIS_FE_AR1,DefInd,GIS,3,FE_AR1,IT,2005,11.08426276762716,.019562808370436,.0032542976324284
DefInd_s3_GIS_FE_AR1,DefInd,GIS,3,FE_AR1,IT,2006,11.09161607801079,.0238452041767143,.0088329044570547
DefInd_s3_GIS_FE_AR1,DefInd,GIS,3,FE_AR1,IT,2007,11.10922380195926,.0375674866408371,.0192689200343016
DefInd_s3_GIS_FE_AR1,DefInd,GIS,3,FE_AR1,IT,2008,11.13047300264345,-.0139501380431479,-.0427790443273219
DefInd_s3_GIS_FE_AR1,DefInd,GIS,3,FE_AR1,IT,2009,11.05088325057339,-.0598895397319872,-.0491843460057709
DefInd_s3_GIS_FE_AR1,DefInd,GIS,3,FE_AR1,IT,2010,11.04743647280656,.0340081304591351,.0799667527338271
DefInd_s3_GIS_FE_AR1,DefInd,GIS,3,FE_AR1,IT,2011,11.09579309830328,-.0021030437140777,-.0282005363485895
DefInd_s3_GIS_FE_AR1,DefInd,GIS,3,FE_AR1,IT,2012,11.09206400238978,-.0371935415202795,-.0355796872125825
DefInd_s3_GIS_FE_AR1,DefInd,GIS,3,FE_AR1,IT,2013,11.10790040543453,-.0401782460388276,-.0116363014281625
DefInd_s3_GIS_FE_AR1,DefInd,GIS,3,FE_AR1,IT,2014,11.10115154594769,-.0077172559645931,.0231151204674449
DefInd_s3_GIS_FE_AR1,DefInd,GIS,3,FE_AR1,IT,2015,11.08909949062672,.052332061395779,.0582542049530856
DefInd_s3_GIS_FE_AR1,DefInd,GIS,3,FE_AR1,IT,2016,11.09511019921365,.0764875111534487,.0363284207128183
DefInd_s3_GIS_FE_AR1,DefInd,GIS,3,FE_AR1,IT,2017,11.10285213317086,.0873794739926375,.0286837376492985
DefInd_s3_GIS_FE_AR1,DefInd,GIS,3,FE_AR1,IT,2018,11.11293782693552,.082516059212578,.0154619416194179
DefInd_s3_GIS_FE_AR1,DefInd,GIS,3,FE_AR1,IT,2019,11.10621338410103,.0783412211636652,.0150192384949371
DefInd_s3_GIS_FE_AR1,DefInd,GIS,3,FE_AR1,IT,2020,11.08160763752023,.0100648087268702,-.0500534457815374
DefInd_s3_GIS_FE_AR1,DefInd,GIS,3,FE_AR1,IT,2021,11.21321261259938,.0192796896009231,.0115560579848632
DefInd_s3_GIS_FE_AR1,DefInd,GIS,3,FE_AR1,IT,2022,11.28025725588183,-.0201510644956304,-.0349461017576864
DefInd_s3_GIS_FE_AR1,DefInd,GIS,3,FE_AR1,IT,2023,11.29012073431491,-.0332990768550054,-.017835355381571
DefInd_s3_GIS_FE_AR1,DefInd,GIS,3,FE_AR1,IT,2024,11.30821044160883,-.032302038769771,-.0067486666429561
DefInd_s3_GIS_POOLED_AR1,DefInd,GIS,3,POOLED_AR1,DE,1991,11.15323080727589,-.1385858822969865,
DefInd_s3_GIS_POOLED_AR1,DefInd,GIS,3,POOLED_AR1,DE,1992,11.15189227204053,-.101031801474635,.0141450766306365
DefInd_s3_GIS_POOLED_AR1,DefInd,GIS,3,POOLED_AR1,DE,1993,11.13956204982146,-.1219229793234575,-.0379567968355242
DefInd_s3_GIS_POOLED_AR1,DefInd,GIS,3,POOLED_AR1,DE,1994,11.14772212599849,-.0784005118394866,.0229280498799257
DefInd_s3_GIS_POOLED_AR1,DefInd,GIS,3,POOLED_AR1,DE,1995,11.1888012790777,-.0953872825965973,-.0302296630334696
DefInd_s3_GIS_POOLED_AR1,DefInd,GIS,3,POOLED_AR1,DE,1996,11.1839257858522,-.0797249387108003,-.0004498405671255
DefInd_s3_GIS_POOLED_AR1,DefInd,GIS,3,POOLED_AR1,DE,1997,11.16437317871414,-.0174357556227367,.0488225774458962
DefInd_s3_GIS_POOLED_AR1,DefInd,GIS,3,POOLED_AR1,DE,1998,11.16806787206673,.0021348098050709,.0166254337181887
DefInd_s3_GIS_POOLED_AR1,DefInd,GIS,3,POOLED_AR1,DE,1999,11.15089469690566,.0261006524731346,.0243264405215185
DefInd_s3_GIS_POOLED_AR1,DefInd,GIS,3,POOLED_AR1,DE,2000,11.13850854466273,.0818004089574682,.0601085048577124
DefInd_s3_GIS_POOLED_AR1,DefInd,GIS,3,POOLED_AR1,DE,2001,11.16519482696026,.0598969488796399,-.0080862798251828
DefInd_s3_GIS_POOLED_AR1,DefInd,GIS,3,POOLED_AR1,DE,2002,11.17713424716917,.0365863952328276,-.0131931599833676
DefInd_s3_GIS_POOLED_AR1,DefInd,GIS,3,POOLED_AR1,DE,2003,11.19778462356695,.0409228373614461,.0105163723290818
DefInd_s3_GIS_POOLED_AR1,DefInd,GIS,3,POOLED_AR1,DE,2004,11.22735502220951,.0505605624304888,.0165501381911677
DefInd_s3_GIS_POOLED_AR1,DefInd,GIS,3,POOLED_AR1,DE,2005,11.2341925183115,.0684893344607005,.0264691254793055
DefInd_s3_GIS_POOLED_AR1,DefInd,GIS,3,POOLED_AR1,DE,2006,11.25789127252711,.1219879796160885,.0650674073619348
DefInd_s3_GIS_POOLED_AR1,DefInd,GIS,3,POOLED_AR1,DE,2007,11.30707137672961,.0955502082672925,-.0058323743282515
DefInd_s3_GIS_POOLED_AR1,DefInd,GIS,3,POOLED_AR1,DE,2008,11.32290939185823,.0253839122584747,-.0540265912367616
DefInd_s3_GIS_POOLED_AR1,DefInd,GIS,3,POOLED_AR1,DE,2009,11.21686432423107,-.0309033351349708,-.0519995660033066
DefInd_s3_GIS_POOLED_AR1,DefInd,GIS,3,POOLED_AR1,DE,2010,11.25340916924088,.1052503372655185,.1309336868599546
DefInd_s3_GIS_POOLED_AR1,DefInd,GIS,3,POOLED_AR1,DE,2011,11.33126343512637,.0799219465748298,-.007550204735585
DefInd_s3_GIS_POOLED_AR1,DefInd,GIS,3,POOLED_AR1,DE,2012,11.3245509381079,.0701126692279956,.0036906055515619
DefInd_s3_GIS_POOLED_AR1,DefInd,GIS,3,POOLED_AR1,DE,2013,11.32232121358444,.0582995054632551,.0000298013385395
DefInd_s3_GIS_POOLED_AR1,DefInd,GIS,3,POOLED_AR1,DE,2014,11.32155301744161,.0922829944925905,.0438310531905943
DefInd_s3_GIS_POOLED_AR1,DefInd,GIS,3,POOLED_AR1,DE,2015,11.28308929729108,.1446813036102235,.0679861379000171
DefInd_s3_GIS_POOLED_AR1,DefInd,GIS,3,POOLED_AR1,DE,2016,11.28262368156432,.1788908688733777,.0586481674247841
DefInd_s3_GIS_POOLED_AR1,DefInd,GIS,3,POOLED_AR1,DE,2017,11.28753387122012,.1801833785871789,.031509563788201
DefInd_s3_GIS_POOLED_AR1,DefInd,GIS,3,POOLED_AR1,DE,2018,11.29277805201257,.1525933868020264,.0028453844213917
DefInd_s3_GIS_POOLED_AR1,DefInd,GIS,3,POOLED_AR1,DE,2019,11.2731596084833,.1512919664612014,.024473638215441
DefInd_s3_GIS_POOLED_AR1,DefInd,GIS,3,POOLED_AR1,DE,2020,11.24421743365486,.1242736252506411,-.0014631099102066
DefInd_s3_GIS_POOLED_AR1,DefInd,GIS,3,POOLED_AR1,DE,2021,11.33793832050542,.0839846064074781,-.019297545785484
DefInd_s3_GIS_POOLED_AR1,DefInd,GIS,3,POOLED_AR1,DE,2022,11.37725605987628,.0329949869687169,-.0368034991006223
DefInd_s3_GIS_POOLED_AR1,DefInd,GIS,3,POOLED_AR1,DE,2023,11.38280510721857,.0368937627163266,.0094720691845348
DefInd_s3_GIS_POOLED_AR1,DefInd,GIS,3,POOLED_AR1,DE,2024,11.3822342745181,.0413797830579892,.0107178690102294
DefInd_s3_GIS_POOLED_AR1,DefInd,GIS,3,POOLED_AR1,ES,1981,10.82994972793214,-.0174781134466393,
DefInd_s3_GIS_POOLED_AR1,DefInd,GIS,3,POOLED_AR1,ES,1982,10.82391393584164,.0129939014244584,.0275197283599879
DefInd_s3_GIS_POOLED_AR1,DefInd,GIS,3,POOLED_AR1,ES,1983,10.82602750638357,.0440327924605306,.0332337343193154
DefInd_s3_GIS_POOLED_AR1,DefInd,GIS,3,POOLED_AR1,ES,1984,10.84883500038756,.0579827796383352,.0213877132015317
DefInd_s3_GIS_POOLED_AR1,DefInd,GIS,3,POOLED_AR1,ES,1985,10.84907898161849,.0956973251494126,.047508610455531
DefInd_s3_GIS_POOLED_AR1,DefInd,GIS,3,POOLED_AR1,ES,1986,10.8570773642859,.1292250572100979,.0496922868366029
DefInd_s3_GIS_POOLED_AR1,DefInd,GIS,3,POOLED_AR1,ES,1987,10.87476454066116,.1025823748828447,-.0048148463618031
DefInd_s3_GIS_POOLED_AR1,DefInd,GIS,3,POOLED_AR1,ES,1988,10.87996513641348,.1096157100906208,.0243608667270584
DefInd_s3_GIS_POOLED_AR1,DefInd,GIS,3,POOLED_AR1,ES,1989,10.88674052635581,.0990323291334878,.0079321747001907
DefInd_s3_GIS_POOLED_AR1,DefInd,GIS,3,POOLED_AR1,ES,1990,10.91346636196119,.0029331022146071,-.0793713454826377
DefInd_s3_GIS_POOLED_AR1,DefInd,GIS,3,POOLED_AR1,ES,1991,10.92443323828488,-.0109879495835745,-.0134256117079037
DefInd_s3_GIS_POOLED_AR1,DefInd,GIS,3,POOLED_AR1,ES,1992,10.92128784603053,-.0530044044298261,-.0438724661050971
DefInd_s3_GIS_POOLED_AR1,DefInd,GIS,3,POOLED_AR1,ES,1993,10.91615296225729,-.0728108878425928,-.0287596343752738
DefInd_s3_GIS_POOLED_AR1,DefInd,GIS,3,POOLED_AR1,ES,1994,10.92731210345111,-.0527205620842093,.0077915955381062
DefInd_s3_GIS_POOLED_AR1,DefInd,GIS,3,POOLED_AR1,ES,1995,10.96308670462894,-.0508686089454446,-.0070532530652418
DefInd_s3_GIS_POOLED_AR1,DefInd,GIS,3,POOLED_AR1,ES,1996,10.96033911542454,-.0532702985692382,-.0109940762384618
DefInd_s3_GIS_POOLED_AR1,DefInd,GIS,3,POOLED_AR1,ES,1997,10.95924150234298,-.0473588747564833,-.0030866402168041
DefInd_s3_GIS_POOLED_AR1,DefInd,GIS,3,POOLED_AR1,ES,1998,10.96038776564077,-.0523624817935655,-.0130031527289996
DefInd_s3_GIS_POOLED_AR1,DefInd,GIS,3,POOLED_AR1,ES,1999,10.96016821102813,-.0612959462310254,-.0177781861037507
DefInd_s3_GIS_POOLED_AR1,DefInd,GIS,3,POOLED_AR1,ES,2000,10.96586358859656,-.0527817496697622,-.00183950641681
DefInd_s3_GIS_POOLED_AR1,DefInd,GIS,3,POOLED_AR1,ES,2001,10.95451958847588,-.0253740550487809,.0184921530175609
DefInd_s3_GIS_POOLED_AR1,DefInd,GIS,3,POOLED_AR1,ES,2002,10.98260117110496,-.0552236956128578,-.0341356569400078
DefInd_s3_GIS_POOLED_AR1,DefInd,GIS,3,POOLED_AR1,ES,2003,10.99482229805961,-.0739855015512116,-.0280898247859958
DefInd_s3_GIS_POOLED_AR1,DefInd,GIS,3,POOLED_AR1,ES,2004,10.99971062500525,-.0891712492291461,-.0276828858224027
DefInd_s3_GIS_POOLED_AR1,DefInd,GIS,3,POOLED_AR1,ES,2005,10.99032799363641,-.0796113707617145,-.0055023350307101
DefInd_s3_GIS_POOLED_AR1,DefInd,GIS,3,POOLED_AR1,ES,2006,11.00757204861613,-.0745425193613265,-.0083785711002347
DefInd_s3_GIS_POOLED_AR1,DefInd,GIS,3,POOLED_AR1,ES,2007,11.02587180981163,-.0729554890504325,-.0110041955720633
DefInd_s3_GIS_POOLED_AR1,DefInd,GIS,3,POOLED_AR1,ES,2008,11.0275755533469,-.0723316624171009,-.0116993286598633
DefInd_s3_GIS_POOLED_AR1,DefInd,GIS,3,POOLED_AR1,ES,2009,10.98728366091436,-.0238509311308626,.0362629486329727
DefInd_s3_GIS_POOLED_AR1,DefInd,GIS,3,POOLED_AR1,ES,2010,11.00380956616685,-.010021054190446,.0098011365119927
DefInd_s3_GIS_POOLED_AR1,DefInd,GIS,3,POOLED_AR1,ES,2011,11.03776279313007,-.0006639847598731,.0076643797015654
DefInd_s3_GIS_POOLED_AR1,DefInd,GIS,3,POOLED_AR1,ES,2012,11.02045313356093,.0284179055513718,.0289697344280518
DefInd_s3_GIS_POOLED_AR1,DefInd,GIS,3,POOLED_AR1,ES,2013,11.01884186511576,.0723402985810448,.0487225563590535
DefInd_s3_GIS_POOLED_AR1,DefInd,GIS,3,POOLED_AR1,ES,2014,11.02379211665063,.1035726389117659,.0434515817472793
DefInd_s3_GIS_POOLED_AR1,DefInd,GIS,3,POOLED_AR1,ES,2015,11.03553349066932,.1060053782607824,.0199275396724491
DefInd_s3_GIS_POOLED_AR1,DefInd,GIS,3,POOLED_AR1,ES,2016,11.05365706799274,.0744096115513564,-.0136900442583236
DefInd_s3_GIS_POOLED_AR1,DefInd,GIS,3,POOLED_AR1,ES,2017,11.04593112834071,.0977514813471938,.0359106457767619
DefInd_s3_GIS_POOLED_AR1,DefInd,GIS,3,POOLED_AR1,ES,2018,11.04329527370838,.0727641703106165,-.0084757818773581
DefInd_s3_GIS_POOLED_AR1,DefInd,GIS,3,POOLED_AR1,ES,2019,11.03816024084156,.0616404482899409,.0011671169852605
DefInd_s3_GIS_POOLED_AR1,DefInd,GIS,3,POOLED_AR1,ES,2020,11.02738178323428,.0132839015551145,-.0379446527635038
DefInd_s3_GIS_POOLED_AR1,DefInd,GIS,3,POOLED_AR1,ES,2021,11.11874549291748,.0265502296625222,.0155101562811867
DefInd_s3_GIS_POOLED_AR1,DefInd,GIS,3,POOLED_AR1,ES,2022,11.17363451018903,-.0165707904373242,-.0386363321420277
DefInd_s3_GIS_POOLED_AR1,DefInd,GIS,3,POOLED_AR1,ES,2023,11.17440167658582,-.0138524958578223,-.0000807329720641
DefInd_s3_GIS_POOLED_AR1,DefInd,GIS,3,POOLED_AR1,ES,2024,11.18676983926042,-.0192601403432597,-.0077475158217296
DefInd_s3_GIS_POOLED_AR1,DefInd,GIS,3,POOLED_AR1,IT,1981,11.03754503061045,-.1168124298917466,
DefInd_s3_GIS_POOLED_AR1,DefInd,GIS,3,POOLED_AR1,IT,1982,11.01353156332872,-.1100202482430159,-.0129389959839262
DefInd_s3_GIS_POOLED_AR1,DefInd,GIS,3,POOLED_AR1,IT,1983,11.00514787310563,-.1212268163311272,-.0297904556357269
DefInd_s3_GIS_POOLED_AR1,DefInd,GIS,3,POOLED_AR1,IT,1984,10.99965803217839,-.0432494428902856,.0575005470526942
DefInd_s3_GIS_POOLED_AR1,DefInd,GIS,3,POOLED_AR1,IT,1985,10.9949350439331,-.0047458740428965,.0311981610155984
DefInd_s3_GIS_POOLED_AR1,DefInd,GIS,3,POOLED_AR1,IT,1986,11.03882413563809,-.0298314268161874,-.0258871942069071
DefInd_s3_GIS_POOLED_AR1,DefInd,GIS,3,POOLED_AR1,IT,1987,11.06839388450345,-.0326697771199509,-.007877276230493
DefInd_s3_GIS_POOLED_AR1,DefInd,GIS,3,POOLED_AR1,IT,1988,11.07656025452664,-.0266278756098419,.0005235403547898
DefInd_s3_GIS_POOLED_AR1,DefInd,GIS,3,POOLED_AR1,IT,1989,11.07623111905875,-.0004060511029493,.0217240211128104
DefInd_s3_GIS_POOLED_AR1,DefInd,GIS,3,POOLED_AR1,IT,1990,11.08228829709058,-.0632868476250827,-.062949383969956
DefInd_s3_GIS_POOLED_AR1,DefInd,GIS,3,POOLED_AR1,IT,1991,11.07479060648165,-.0825678320276548,-.029970977183808
DefInd_s3_GIS_POOLED_AR1,DefInd,GIS,3,POOLED_AR1,IT,1992,11.08828607049794,-.0778676066392379,-.0092465828578529
DefInd_s3_GIS_POOLED_AR1,DefInd,GIS,3,POOLED_AR1,IT,1993,11.06666245287508,-.0381859550974788,.0265287740624318
DefInd_s3_GIS_POOLED_AR1,DefInd,GIS,3,POOLED_AR1,IT,1994,11.07070059149887,.0108528371711305,.0425886750696155
DefInd_s3_GIS_POOLED_AR1,DefInd,GIS,3,POOLED_AR1,IT,1995,11.1128907185016,.0193414935875005,.0103218453864165
DefInd_s3_GIS_POOLED_AR1,DefInd,GIS,3,POOLED_AR1,IT,1996,11.11988149812993,.0205195813450683,.0044451240311008
DefInd_s3_GIS_POOLED_AR1,DefInd,GIS,3,POOLED_AR1,IT,1997,11.09889891839402,.0533700266732797,.036316476339145
DefInd_s3_GIS_POOLED_AR1,DefInd,GIS,3,POOLED_AR1,IT,1998,11.08485323991442,.06267371340628,.0183185961696588
DefInd_s3_GIS_POOLED_AR1,DefInd,GIS,3,POOLED_AR1,IT,1999,11.07968222269263,.0629435928278674,.0108563056543398
DefInd_s3_GIS_POOLED_AR1,DefInd,GIS,3,POOLED_AR1,IT,2000,11.09098527285955,.0816993665136518,.0293877861529099
DefInd_s3_GIS_POOLED_AR1,DefInd,GIS,3,POOLED_AR1,IT,2001,11.09262201738683,.0751992861232686,.0073000324456421
DefInd_s3_GIS_POOLED_AR1,DefInd,GIS,3,POOLED_AR1,IT,2002,11.09281599601939,.0522991790197072,-.0101979445535465
DefInd_s3_GIS_POOLED_AR1,DefInd,GIS,3,POOLED_AR1,IT,2003,11.10307813935546,-.0038365396736584,-.0473016897100093
DefInd_s3_GIS_POOLED_AR1,DefInd,GIS,3,POOLED_AR1,IT,2004,11.10874178936884,.0008601867373592,.0040486836824669
DefInd_s3_GIS_POOLED_AR1,DefInd,GIS,3,POOLED_AR1,IT,2005,11.10447345280595,-.0006478768083529,-.0013627665312778
DefInd_s3_GIS_POOLED_AR1,DefInd,GIS,3,POOLED_AR1,IT,2006,11.1056394321859,.0098218500016003,.0103602917746445
DefInd_s3_GIS_POOLED_AR1,DefInd,GIS,3,POOLED_AR1,IT,2007,11.1306817677808,.016109520819299,.0079467123019181
DefInd_s3_GIS_POOLED_AR1,DefInd,GIS,3,POOLED_AR1,IT,2008,11.14430734572588,-.027784481125579,-.0411728889849203
DefInd_s3_GIS_POOLED_AR1,DefInd,GIS,3,POOLED_AR1,IT,2009,11.06091534387274,-.0699216330313419,-.0468303214000372
DefInd_s3_GIS_POOLED_AR1,DefInd,GIS,3,POOLED_AR1,IT,2010,11.05765187903779,.0237927242279081,.0819036607179196
DefInd_s3_GIS_POOLED_AR1,DefInd,GIS,3,POOLED_AR1,IT,2011,11.10406377870415,-.0103737241149489,-.0301475398367953
DefInd_s3_GIS_POOLED_AR1,DefInd,GIS,3,POOLED_AR1,IT,2012,11.09933962570647,-.0444691648369737,-.0358477011057351
DefInd_s3_GIS_POOLED_AR1,DefInd,GIS,3,POOLED_AR1,IT,2013,11.11283413481824,-.0451119754225395,-.0081542457246804
DefInd_s3_GIS_POOLED_AR1,DefInd,GIS,3,POOLED_AR1,IT,2014,11.10733253513949,-.0138982451563905,.0235937158443356
DefInd_s3_GIS_POOLED_AR1,DefInd,GIS,3,POOLED_AR1,IT,2015,11.09509313336271,.0463384186597864,.057889064813082
DefInd_s3_GIS_POOLED_AR1,DefInd,GIS,3,POOLED_AR1,IT,2016,11.1014313614953,.0701663488717958,.031655107256781
DefInd_s3_GIS_POOLED_AR1,DefInd,GIS,3,POOLED_AR1,IT,2017,11.10886689947865,.0813647076848518,.0230503911242355
DefInd_s3_GIS_POOLED_AR1,DefInd,GIS,3,POOLED_AR1,IT,2018,11.11995700047239,.0754968856757081,.0078757624865029
DefInd_s3_GIS_POOLED_AR1,DefInd,GIS,3,POOLED_AR1,IT,2019,11.1141997980704,.0703548071943008,.0076103526028555
DefInd_s3_GIS_POOLED_AR1,DefInd,GIS,3,POOLED_AR1,IT,2020,11.09009142502677,.0015810212203338,-.0568899205381693
DefInd_s3_GIS_POOLED_AR1,DefInd,GIS,3,POOLED_AR1,IT,2021,11.22032056098096,.0121717412193423,.0108577755732168
DefInd_s3_GIS_POOLED_AR1,DefInd,GIS,3,POOLED_AR1,IT,2022,11.28898318032857,-.0288769889423666,-.0389927607043477
DefInd_s3_GIS_POOLED_AR1,DefInd,GIS,3,POOLED_AR1,IT,2023,11.29564483485494,-.0388231773950416,-.0148238970907552
DefInd_s3_GIS_POOLED_AR1,DefInd,GIS,3,POOLED_AR1,IT,2024,11.31298086018882,-.0370724573497618,-.004807032500024
