"model","military","block","spec","method","country","year","fitted","resid_raw","resid_innov"
"DefGDP_s1_FRUK_FE_AR1","DefGDP","FRUK",1,"FE_AR1","FR",1981,10.861941829184,-0.0658806228195274,NA
"DefGDP_s1_FRUK_FE_AR1","DefGDP","FRUK",1,"FE_AR1","FR",1982,10.8920786392429,-0.0885272870304767,-0.0480005397341193
"DefGDP_s1_FRUK_FE_AR1","DefGDP","FRUK",1,"FE_AR1","FR",1983,10.9330626239559,-0.0971140647469433,-0.0426561249647953
"DefGDP_s1_FRUK_FE_AR1","DefGDP","FRUK",1,"FE_AR1","FR",1984,10.960509902772,-0.0895425430788457,-0.0298024102069553
"DefGDP_s1_FRUK_FE_AR1","DefGDP","FRUK",1,"FE_AR1","FR",1985,10.9863056979746,-0.0690508463617583,-0.0139683674730803
"DefGDP_s1_FRUK_FE_AR1","DefGDP","FRUK",1,"FE_AR1","FR",1986,10.9867235852677,-0.046868525543136,-0.00439160165660119
"DefGDP_s1_FRUK_FE_AR1","DefGDP","FRUK",1,"FE_AR1","FR",1987,10.9740914647872,-0.0100265784296401,0.0188047957976926
"DefGDP_s1_FRUK_FE_AR1","DefGDP","FRUK",1,"FE_AR1","FR",1988,11.0073630205707,0.012098278450873,0.018266171116039
"DefGDP_s1_FRUK_FE_AR1","DefGDP","FRUK",1,"FE_AR1","FR",1989,11.0361196239769,0.0110613783355102,0.0036190705291219
"DefGDP_s1_FRUK_FE_AR1","DefGDP","FRUK",1,"FE_AR1","FR",1990,11.0537704232577,0.0205828288842635,0.0137783746249187
"DefGDP_s1_FRUK_FE_AR1","DefGDP","FRUK",1,"FE_AR1","FR",1991,11.0765949308477,0.00829417894708584,-0.00436743639801782
"DefGDP_s1_FRUK_FE_AR1","DefGDP","FRUK",1,"FE_AR1","FR",1992,11.0937811796632,0.0197798608723723,0.0146776611688248
"DefGDP_s1_FRUK_FE_AR1","DefGDP","FRUK",1,"FE_AR1","FR",1993,11.112345512343,0.00972954787339653,-0.00243811826005318
"DefGDP_s1_FRUK_FE_AR1","DefGDP","FRUK",1,"FE_AR1","FR",1994,11.1165143419544,0.0292940663673438,0.0233088933210429
"DefGDP_s1_FRUK_FE_AR1","DefGDP","FRUK",1,"FE_AR1","FR",1995,11.1553747049261,0.0257866615204616,0.00776629112711779
"DefGDP_s1_FRUK_FE_AR1","DefGDP","FRUK",1,"FE_AR1","FR",1996,11.1712817965218,0.00253078335235024,-0.013331991927101
"DefGDP_s1_FRUK_FE_AR1","DefGDP","FRUK",1,"FE_AR1","FR",1997,11.188512851747,0.0375520290672071,0.0359952068485786
"DefGDP_s1_FRUK_FE_AR1","DefGDP","FRUK",1,"FE_AR1","FR",1998,11.2261080508899,0.03331690854003,0.010216617022733
"DefGDP_s1_FRUK_FE_AR1","DefGDP","FRUK",1,"FE_AR1","FR",1999,11.2389582201903,0.0454544767597884,0.0249594377739482
"DefGDP_s1_FRUK_FE_AR1","DefGDP","FRUK",1,"FE_AR1","FR",2000,11.2789377836813,0.0484483777909848,0.0204868617291469
"DefGDP_s1_FRUK_FE_AR1","DefGDP","FRUK",1,"FE_AR1","FR",2001,11.3033752746513,0.00628361318794646,-0.0235196139162107
"DefGDP_s1_FRUK_FE_AR1","DefGDP","FRUK",1,"FE_AR1","FR",2002,11.3112524183112,-0.00692619692910768,-0.0107915884945997
"DefGDP_s1_FRUK_FE_AR1","DefGDP","FRUK",1,"FE_AR1","FR",2003,11.3010973063143,-0.000664259081975871,0.0035964206240993
"DefGDP_s1_FRUK_FE_AR1","DefGDP","FRUK",1,"FE_AR1","FR",2004,11.2956819835549,0.0337210088565758,0.0341296306758973
"DefGDP_s1_FRUK_FE_AR1","DefGDP","FRUK",1,"FE_AR1","FR",2005,11.3265329882513,0.00930209005331406,-0.0114415329730245
"DefGDP_s1_FRUK_FE_AR1","DefGDP","FRUK",1,"FE_AR1","FR",2006,11.2484091799363,0.0914763039531348,0.0857540834156738
"DefGDP_s1_FRUK_FE_AR1","DefGDP","FRUK",1,"FE_AR1","FR",2007,11.2363166595604,0.134618261654774,0.0783462214819142
"DefGDP_s1_FRUK_FE_AR1","DefGDP","FRUK",1,"FE_AR1","FR",2008,11.3222937139044,0.0190498066965024,-0.0637611935349778
"DefGDP_s1_FRUK_FE_AR1","DefGDP","FRUK",1,"FE_AR1","FR",2009,11.364971415622,-0.0542601081619249,-0.0659786783422417
"DefGDP_s1_FRUK_FE_AR1","DefGDP","FRUK",1,"FE_AR1","FR",2010,11.3760205719222,-0.021343151016076,0.0120351869176018
"DefGDP_s1_FRUK_FE_AR1","DefGDP","FRUK",1,"FE_AR1","FR",2011,11.4512289082234,-0.0627292221365128,-0.0495998913755394
"DefGDP_s1_FRUK_FE_AR1","DefGDP","FRUK",1,"FE_AR1","FR",2012,11.4211648333707,-0.0319073006093475,0.00668084905929817
"DefGDP_s1_FRUK_FE_AR1","DefGDP","FRUK",1,"FE_AR1","FR",2013,11.423016758539,-0.0143675089263677,0.00526040370351492
"DefGDP_s1_FRUK_FE_AR1","DefGDP","FRUK",1,"FE_AR1","FR",2014,11.4230113804369,-0.00564640361130131,0.00319183104127815
"DefGDP_s1_FRUK_FE_AR1","DefGDP","FRUK",1,"FE_AR1","FR",2015,11.4185669118127,0.0431351978076453,0.046608607172874
"DefGDP_s1_FRUK_FE_AR1","DefGDP","FRUK",1,"FE_AR1","FR",2016,11.4127448372682,0.0477855219183567,0.0212507202374796
"DefGDP_s1_FRUK_FE_AR1","DefGDP","FRUK",1,"FE_AR1","FR",2017,11.423778960955,0.0482622061274665,0.0188667376523905
"DefGDP_s1_FRUK_FE_AR1","DefGDP","FRUK",1,"FE_AR1","FR",2018,11.4300909021391,0.0452541379850633,0.0155654351770989
"DefGDP_s1_FRUK_FE_AR1","DefGDP","FRUK",1,"FE_AR1","FR",2019,11.4381089594142,0.0292564695992237,0.00141819279271575
"DefGDP_s1_FRUK_FE_AR1","DefGDP","FRUK",1,"FE_AR1","FR",2020,11.3726487985982,-0.0480884824562722,-0.0660857250366787
"DefGDP_s1_FRUK_FE_AR1","DefGDP","FRUK",1,"FE_AR1","FR",2021,11.4068203274733,-0.0376294985656127,-0.00804766261804785
"DefGDP_s1_FRUK_FE_AR1","DefGDP","FRUK",1,"FE_AR1","FR",2022,11.4585559343838,-0.0312055276598322,-0.00805758044878657
"DefGDP_s1_FRUK_FE_AR1","DefGDP","FRUK",1,"FE_AR1","FR",2023,11.4379599077928,0.00915353956669485,0.028349753560966
"DefGDP_s1_FRUK_FE_AR1","DefGDP","FRUK",1,"FE_AR1","FR",2024,11.4256221804582,0.0253448119740156,0.0197139729046452
"DefGDP_s1_FRUK_FE_AR1","DefGDP","FRUK",1,"FE_AR1","UK",1981,10.9153078896334,-0.173444796070179,NA
"DefGDP_s1_FRUK_FE_AR1","DefGDP","FRUK",1,"FE_AR1","UK",1982,10.8798442370207,-0.0978219516656118,0.0088733575068583
"DefGDP_s1_FRUK_FE_AR1","DefGDP","FRUK",1,"FE_AR1","UK",1983,10.8312950491357,0.0145172861460239,0.0746928786878367
"DefGDP_s1_FRUK_FE_AR1","DefGDP","FRUK",1,"FE_AR1","UK",1984,10.8279781432405,0.0660593368413416,0.0571289660905898
"DefGDP_s1_FRUK_FE_AR1","DefGDP","FRUK",1,"FE_AR1","UK",1985,10.8353789277389,0.0870511991749741,0.0464145151826595
"DefGDP_s1_FRUK_FE_AR1","DefGDP","FRUK",1,"FE_AR1","UK",1986,10.8909105512152,0.0770807182716773,0.0235308002559758
"DefGDP_s1_FRUK_FE_AR1","DefGDP","FRUK",1,"FE_AR1","UK",1987,10.9385261579697,0.0797622018187507,0.0323456678346175
"DefGDP_s1_FRUK_FE_AR1","DefGDP","FRUK",1,"FE_AR1","UK",1988,11.0147045531931,0.0446264147740614,-0.00443964529893832
"DefGDP_s1_FRUK_FE_AR1","DefGDP","FRUK",1,"FE_AR1","UK",1989,11.0266918539712,0.0337763054574438,0.00632417527274335
"DefGDP_s1_FRUK_FE_AR1","DefGDP","FRUK",1,"FE_AR1","UK",1990,11.0408477603972,0.00711739525251254,-0.0136602437146872
"DefGDP_s1_FRUK_FE_AR1","DefGDP","FRUK",1,"FE_AR1","UK",1991,11.0166749073728,0.0784335018969617,0.0740552057233352
"DefGDP_s1_FRUK_FE_AR1","DefGDP","FRUK",1,"FE_AR1","UK",1992,11.1056611233685,0.036870243869382,-0.0113784607558627
"DefGDP_s1_FRUK_FE_AR1","DefGDP","FRUK",1,"FE_AR1","UK",1993,11.1509810799328,0.0269177719210081,0.00423688348826221
"DefGDP_s1_FRUK_FE_AR1","DefGDP","FRUK",1,"FE_AR1","UK",1994,11.182705989826,0.0721942957137927,0.0556357130268613
"DefGDP_s1_FRUK_FE_AR1","DefGDP","FRUK",1,"FE_AR1","UK",1995,11.2693988025008,-0.0642732354607265,-0.108683865679665
"DefGDP_s1_FRUK_FE_AR1","DefGDP","FRUK",1,"FE_AR1","UK",1996,11.2672547869393,-0.0639320567000343,-0.0243941006219375
"DefGDP_s1_FRUK_FE_AR1","DefGDP","FRUK",1,"FE_AR1","UK",1997,11.3282942363463,-0.090736954086811,-0.0514088755846341
"DefGDP_s1_FRUK_FE_AR1","DefGDP","FRUK",1,"FE_AR1","UK",1998,11.3300376369933,-0.0909998680025126,-0.0351826420665822
"DefGDP_s1_FRUK_FE_AR1","DefGDP","FRUK",1,"FE_AR1","UK",1999,11.3679735196308,-0.103099876343009,-0.0471209177857658
"DefGDP_s1_FRUK_FE_AR1","DefGDP","FRUK",1,"FE_AR1","UK",2000,11.3948924225545,-0.0901106371321987,-0.0266883066195559
"DefGDP_s1_FRUK_FE_AR1","DefGDP","FRUK",1,"FE_AR1","UK",2001,11.4197243549321,-0.102752623219361,-0.0473206788405972
"DefGDP_s1_FRUK_FE_AR1","DefGDP","FRUK",1,"FE_AR1","UK",2002,11.4508864202863,-0.0959535062096037,-0.0327447899432698
"DefGDP_s1_FRUK_FE_AR1","DefGDP","FRUK",1,"FE_AR1","UK",2003,11.4674638154815,-0.0706341849720591,-0.0116079746551244
"DefGDP_s1_FRUK_FE_AR1","DefGDP","FRUK",1,"FE_AR1","UK",2004,11.4878496787275,-0.079235163254312,-0.0357842418401581
"DefGDP_s1_FRUK_FE_AR1","DefGDP","FRUK",1,"FE_AR1","UK",2005,11.4515294411553,-0.0104399976705132,0.0383018523722481
"DefGDP_s1_FRUK_FE_AR1","DefGDP","FRUK",1,"FE_AR1","UK",2006,11.4882602697127,-0.0402014744453307,-0.0337792651634531
"DefGDP_s1_FRUK_FE_AR1","DefGDP","FRUK",1,"FE_AR1","UK",2007,11.4811050141558,-0.0209735026683262,0.00375660652098723
"DefGDP_s1_FRUK_FE_AR1","DefGDP","FRUK",1,"FE_AR1","UK",2008,11.455765687733,0.0209742084282585,0.0338761484248972
"DefGDP_s1_FRUK_FE_AR1","DefGDP","FRUK",1,"FE_AR1","UK",2009,11.4344347393845,0.00546028297097578,-0.00744209117690811
"DefGDP_s1_FRUK_FE_AR1","DefGDP","FRUK",1,"FE_AR1","UK",2010,11.4238320501894,0.102194840756853,0.0988359243006819
"DefGDP_s1_FRUK_FE_AR1","DefGDP","FRUK",1,"FE_AR1","UK",2011,11.4671738133704,0.0624739660406011,-0.000391627954920135
"DefGDP_s1_FRUK_FE_AR1","DefGDP","FRUK",1,"FE_AR1","UK",2012,11.4985250382764,0.0400483167322232,0.00161718894424802
"DefGDP_s1_FRUK_FE_AR1","DefGDP","FRUK",1,"FE_AR1","UK",2013,11.5013269532904,0.0883991309736114,0.0637632374074957
"DefGDP_s1_FRUK_FE_AR1","DefGDP","FRUK",1,"FE_AR1","UK",2014,11.5123971197486,0.0838085804687179,0.0294294764338473
"DefGDP_s1_FRUK_FE_AR1","DefGDP","FRUK",1,"FE_AR1","UK",2015,11.5346749506696,0.0616692991055352,0.0101140918752323
"DefGDP_s1_FRUK_FE_AR1","DefGDP","FRUK",1,"FE_AR1","UK",2016,11.5202644252286,0.0784097523680529,0.0404736188915991
"DefGDP_s1_FRUK_FE_AR1","DefGDP","FRUK",1,"FE_AR1","UK",2017,11.5418102871964,0.0621881540140503,0.0139540590132339
"DefGDP_s1_FRUK_FE_AR1","DefGDP","FRUK",1,"FE_AR1","UK",2018,11.5562299901581,0.0344751894854536,-0.00378011981024637
"DefGDP_s1_FRUK_FE_AR1","DefGDP","FRUK",1,"FE_AR1","UK",2019,11.5835116174782,0.0179997044747253,-0.00320785599564846
"DefGDP_s1_FRUK_FE_AR1","DefGDP","FRUK",1,"FE_AR1","UK",2020,11.524366695898,0.0131943560866095,0.00212176078564204
"DefGDP_s1_FRUK_FE_AR1","DefGDP","FRUK",1,"FE_AR1","UK",2021,11.5191726951047,0.0939677942537074,0.0858512295951583
"DefGDP_s1_FRUK_FE_AR1","DefGDP","FRUK",1,"FE_AR1","UK",2022,11.5751797127753,0.010556479697776,-0.0472482114046179
"DefGDP_s1_FRUK_FE_AR1","DefGDP","FRUK",1,"FE_AR1","UK",2023,11.5841208357634,0.0342367894900129,0.0277429257901681
"DefGDP_s1_FRUK_FE_AR1","DefGDP","FRUK",1,"FE_AR1","UK",2024,11.6068360223135,0.0143886444220644,-0.00667226327003876
"DefGDP_s1_FRUK_POOLED_AR1","DefGDP","FRUK",1,"POOLED_AR1","FR",1981,10.9721821355079,-0.176120929143412,NA
"DefGDP_s1_FRUK_POOLED_AR1","DefGDP","FRUK",1,"POOLED_AR1","FR",1982,11.0063691992617,-0.202817847049339,-0.0643775399108289
"DefGDP_s1_FRUK_POOLED_AR1","DefGDP","FRUK",1,"POOLED_AR1","FR",1983,11.0322905576472,-0.196341998438188,-0.0369165106483848
"DefGDP_s1_FRUK_POOLED_AR1","DefGDP","FRUK",1,"POOLED_AR1","FR",1984,11.0559559090133,-0.184988549320092,-0.0306534189061595
"DefGDP_s1_FRUK_POOLED_AR1","DefGDP","FRUK",1,"POOLED_AR1","FR",1985,11.07347786589,-0.156223014277156,-0.0108122916019011
"DefGDP_s1_FRUK_POOLED_AR1","DefGDP","FRUK",1,"POOLED_AR1","FR",1986,11.0750316899002,-0.135176630175611,-0.0123771299468653
"DefGDP_s1_FRUK_POOLED_AR1","DefGDP","FRUK",1,"POOLED_AR1","FR",1987,11.0553444527503,-0.0912795663927337,0.0149763697443163
"DefGDP_s1_FRUK_POOLED_AR1","DefGDP","FRUK",1,"POOLED_AR1","FR",1988,11.0857529022027,-0.0662916031811456,0.00545893361388894
"DefGDP_s1_FRUK_POOLED_AR1","DefGDP","FRUK",1,"POOLED_AR1","FR",1989,11.1072188439604,-0.0600378416479703,-0.00792915729263744
"DefGDP_s1_FRUK_POOLED_AR1","DefGDP","FRUK",1,"POOLED_AR1","FR",1990,11.1097382425333,-0.0353849903912664,0.011807908704276
"DefGDP_s1_FRUK_POOLED_AR1","DefGDP","FRUK",1,"POOLED_AR1","FR",1991,11.125845283556,-0.040956173761197,-0.0131417114954931
"DefGDP_s1_FRUK_POOLED_AR1","DefGDP","FRUK",1,"POOLED_AR1","FR",1992,11.1474631910025,-0.0339021504668988,-0.00170844525369658
"DefGDP_s1_FRUK_POOLED_AR1","DefGDP","FRUK",1,"POOLED_AR1","FR",1993,11.172572526018,-0.0504974658015982,-0.0238485936538044
"DefGDP_s1_FRUK_POOLED_AR1","DefGDP","FRUK",1,"POOLED_AR1","FR",1994,11.1710090502657,-0.0252006419440232,0.01449302029868
"DefGDP_s1_FRUK_POOLED_AR1","DefGDP","FRUK",1,"POOLED_AR1","FR",1995,11.1952238103843,-0.014062443937684,0.00574658516400403
"DefGDP_s1_FRUK_POOLED_AR1","DefGDP","FRUK",1,"POOLED_AR1","FR",1996,11.2118378898407,-0.0380253099665353,-0.0269714899161891
"DefGDP_s1_FRUK_POOLED_AR1","DefGDP","FRUK",1,"POOLED_AR1","FR",1997,11.2282922629349,-0.00222738212070972,0.0276625101050894
"DefGDP_s1_FRUK_POOLED_AR1","DefGDP","FRUK",1,"POOLED_AR1","FR",1998,11.2601952924693,-0.000770333039397997,0.000980506377618634
"DefGDP_s1_FRUK_POOLED_AR1","DefGDP","FRUK",1,"POOLED_AR1","FR",1999,11.2755574734044,0.00885522354572288,0.00946074580302577
"DefGDP_s1_FRUK_POOLED_AR1","DefGDP","FRUK",1,"POOLED_AR1","FR",2000,11.3099973984982,0.0173887629740666,0.0104280918408147
"DefGDP_s1_FRUK_POOLED_AR1","DefGDP","FRUK",1,"POOLED_AR1","FR",2001,11.329114713602,-0.0194558257627975,-0.0331243074054777
"DefGDP_s1_FRUK_POOLED_AR1","DefGDP","FRUK",1,"POOLED_AR1","FR",2002,11.3361698184345,-0.0318435970523741,-0.0165502954139199
"DefGDP_s1_FRUK_POOLED_AR1","DefGDP","FRUK",1,"POOLED_AR1","FR",2003,11.3197812901565,-0.0193482429242344,0.0056824980431602
"DefGDP_s1_FRUK_POOLED_AR1","DefGDP","FRUK",1,"POOLED_AR1","FR",2004,11.3069941362321,0.0224088561793696,0.0376175920522107
"DefGDP_s1_FRUK_POOLED_AR1","DefGDP","FRUK",1,"POOLED_AR1","FR",2005,11.3342657480149,0.00156933028965156,-0.0160452084660944
"DefGDP_s1_FRUK_POOLED_AR1","DefGDP","FRUK",1,"POOLED_AR1","FR",2006,11.2955587507407,0.0443267331487185,0.043093157057803
"DefGDP_s1_FRUK_POOLED_AR1","DefGDP","FRUK",1,"POOLED_AR1","FR",2007,11.2909756142396,0.0799593069755709,0.0451161649287876
"DefGDP_s1_FRUK_POOLED_AR1","DefGDP","FRUK",1,"POOLED_AR1","FR",2008,11.3305942529886,0.0107492676123329,-0.0521029502933918
"DefGDP_s1_FRUK_POOLED_AR1","DefGDP","FRUK",1,"POOLED_AR1","FR",2009,11.3798656066713,-0.0691542992112257,-0.0776037885308831
"DefGDP_s1_FRUK_POOLED_AR1","DefGDP","FRUK",1,"POOLED_AR1","FR",2010,11.3871290998102,-0.0324516789041169,0.0219072349927929
"DefGDP_s1_FRUK_POOLED_AR1","DefGDP","FRUK",1,"POOLED_AR1","FR",2011,11.4524772967504,-0.0639776106635086,-0.0384688854001528
"DefGDP_s1_FRUK_POOLED_AR1","DefGDP","FRUK",1,"POOLED_AR1","FR",2012,11.4483134086568,-0.0590558758953659,-0.00876611128123547
"DefGDP_s1_FRUK_POOLED_AR1","DefGDP","FRUK",1,"POOLED_AR1","FR",2013,11.4499988180788,-0.041349568466245,0.00507145393610008
"DefGDP_s1_FRUK_POOLED_AR1","DefGDP","FRUK",1,"POOLED_AR1","FR",2014,11.4538320547909,-0.0364670779652894,-0.00396414383728183
"DefGDP_s1_FRUK_POOLED_AR1","DefGDP","FRUK",1,"POOLED_AR1","FR",2015,11.4724256547268,-0.0107235451065382,0.017941494866353
"DefGDP_s1_FRUK_POOLED_AR1","DefGDP","FRUK",1,"POOLED_AR1","FR",2016,11.4686583201547,-0.00812796096807844,0.000301309110061728
"DefGDP_s1_FRUK_POOLED_AR1","DefGDP","FRUK",1,"POOLED_AR1","FR",2017,11.4704584513935,0.0015827156889916,0.00797172021164171
"DefGDP_s1_FRUK_POOLED_AR1","DefGDP","FRUK",1,"POOLED_AR1","FR",2018,11.4631888296246,0.0121562104996364,0.0109121127813095
"DefGDP_s1_FRUK_POOLED_AR1","DefGDP","FRUK",1,"POOLED_AR1","FR",2019,11.4721913960372,-0.00482596702378402,-0.0143813874011072
"DefGDP_s1_FRUK_POOLED_AR1","DefGDP","FRUK",1,"POOLED_AR1","FR",2020,11.4113999008664,-0.0868395847244638,-0.0830461209932514
"DefGDP_s1_FRUK_POOLED_AR1","DefGDP","FRUK",1,"POOLED_AR1","FR",2021,11.3974473273366,-0.0282564984288616,0.0400039794116002
"DefGDP_s1_FRUK_POOLED_AR1","DefGDP","FRUK",1,"POOLED_AR1","FR",2022,11.4316299158496,-0.00427950912555097,0.0179315837875751
"DefGDP_s1_FRUK_POOLED_AR1","DefGDP","FRUK",1,"POOLED_AR1","FR",2023,11.4116612145738,0.0354522327856621,0.0388161518872977
"DefGDP_s1_FRUK_POOLED_AR1","DefGDP","FRUK",1,"POOLED_AR1","FR",2024,11.3960903777002,0.0548766147319473,0.0270092964100203
"DefGDP_s1_FRUK_POOLED_AR1","DefGDP","FRUK",1,"POOLED_AR1","UK",1981,10.8678577289212,-0.125994635357952,NA
"DefGDP_s1_FRUK_POOLED_AR1","DefGDP","FRUK",1,"POOLED_AR1","UK",1982,10.8459755433282,-0.0639532579730844,0.0350851476360301
"DefGDP_s1_FRUK_POOLED_AR1","DefGDP","FRUK",1,"POOLED_AR1","UK",1983,10.8100111094656,0.0358012258161402,0.0860718479356314
"DefGDP_s1_FRUK_POOLED_AR1","DefGDP","FRUK",1,"POOLED_AR1","UK",1984,10.8069177160037,0.0871197640780625,0.058978118891273
"DefGDP_s1_FRUK_POOLED_AR1","DefGDP","FRUK",1,"POOLED_AR1","UK",1985,10.8061870351665,0.116243091747396,0.047762378208913
"DefGDP_s1_FRUK_POOLED_AR1","DefGDP","FRUK",1,"POOLED_AR1","UK",1986,10.8667119362017,0.10127933328523,0.00990615349047989
"DefGDP_s1_FRUK_POOLED_AR1","DefGDP","FRUK",1,"POOLED_AR1","UK",1987,10.911358695115,0.106929664673476,0.0273187855179749
"DefGDP_s1_FRUK_POOLED_AR1","DefGDP","FRUK",1,"POOLED_AR1","UK",1988,10.9910360360313,0.0682949319358883,-0.0157574046694893
"DefGDP_s1_FRUK_POOLED_AR1","DefGDP","FRUK",1,"POOLED_AR1","UK",1989,11.0090566899921,0.0514114694364824,-0.00227193661407928
"DefGDP_s1_FRUK_POOLED_AR1","DefGDP","FRUK",1,"POOLED_AR1","UK",1990,11.0210901859087,0.026874969741046,-0.01353714739827
"DefGDP_s1_FRUK_POOLED_AR1","DefGDP","FRUK",1,"POOLED_AR1","UK",1991,11.0076587171211,0.0874496921487218,0.0663245533967058
"DefGDP_s1_FRUK_POOLED_AR1","DefGDP","FRUK",1,"POOLED_AR1","UK",1992,11.0965353958966,0.0459959713412594,-0.0227440830016235
"DefGDP_s1_FRUK_POOLED_AR1","DefGDP","FRUK",1,"POOLED_AR1","UK",1993,11.1454642798622,0.0324345719915708,-0.00372067900891049
"DefGDP_s1_FRUK_POOLED_AR1","DefGDP","FRUK",1,"POOLED_AR1","UK",1994,11.1712656006793,0.0836346848604705,0.0581394065295071
"DefGDP_s1_FRUK_POOLED_AR1","DefGDP","FRUK",1,"POOLED_AR1","UK",1995,11.2449847101676,-0.0398591431274919,-0.105600401226851
"DefGDP_s1_FRUK_POOLED_AR1","DefGDP","FRUK",1,"POOLED_AR1","UK",1996,11.2405024119558,-0.0371796817164771,-0.00584830024077238
"DefGDP_s1_FRUK_POOLED_AR1","DefGDP","FRUK",1,"POOLED_AR1","UK",1997,11.3070260462622,-0.0694687640027123,-0.0402435800272752
"DefGDP_s1_FRUK_POOLED_AR1","DefGDP","FRUK",1,"POOLED_AR1","UK",1998,11.3187123886979,-0.0796746197071112,-0.0250685199559739
"DefGDP_s1_FRUK_POOLED_AR1","DefGDP","FRUK",1,"POOLED_AR1","UK",1999,11.3594451809977,-0.0945715377099425,-0.0319430989602539
"DefGDP_s1_FRUK_POOLED_AR1","DefGDP","FRUK",1,"POOLED_AR1","UK",2000,11.3813159693379,-0.0765341839155891,-0.00219598464079072
"DefGDP_s1_FRUK_POOLED_AR1","DefGDP","FRUK",1,"POOLED_AR1","UK",2001,11.4032644448766,-0.0862927131639282,-0.0261328220061788
"DefGDP_s1_FRUK_POOLED_AR1","DefGDP","FRUK",1,"POOLED_AR1","UK",2002,11.4246184188016,-0.0696855047249212,-0.00185489667434806
"DefGDP_s1_FRUK_POOLED_AR1","DefGDP","FRUK",1,"POOLED_AR1","UK",2003,11.4347434369955,-0.0379138064860935,0.0168626628644886
"DefGDP_s1_FRUK_POOLED_AR1","DefGDP","FRUK",1,"POOLED_AR1","UK",2004,11.4492459293364,-0.0406314138631778,-0.0108291692335755
"DefGDP_s1_FRUK_POOLED_AR1","DefGDP","FRUK",1,"POOLED_AR1","UK",2005,11.3838312174096,0.0572582260751613,0.0891966529392956
"DefGDP_s1_FRUK_POOLED_AR1","DefGDP","FRUK",1,"POOLED_AR1","UK",2006,11.4316982125433,0.0163605827240971,-0.0286473924359526
"DefGDP_s1_FRUK_POOLED_AR1","DefGDP","FRUK",1,"POOLED_AR1","UK",2007,11.4203619235411,0.0397695879463829,0.0269093100208407
"DefGDP_s1_FRUK_POOLED_AR1","DefGDP","FRUK",1,"POOLED_AR1","UK",2008,11.396713830743,0.0800260654182612,0.0487650790218857
"DefGDP_s1_FRUK_POOLED_AR1","DefGDP","FRUK",1,"POOLED_AR1","UK",2009,11.3648895222631,0.0750055000923719,0.0121008065419009
"DefGDP_s1_FRUK_POOLED_AR1","DefGDP","FRUK",1,"POOLED_AR1","UK",2010,11.3564446202016,0.169582270744714,0.110624005418904
"DefGDP_s1_FRUK_POOLED_AR1","DefGDP","FRUK",1,"POOLED_AR1","UK",2011,11.4051375760875,0.124510203323521,-0.0087903746448548
"DefGDP_s1_FRUK_POOLED_AR1","DefGDP","FRUK",1,"POOLED_AR1","UK",2012,11.448131957798,0.0904413972105527,-0.00743016679846147
"DefGDP_s1_FRUK_POOLED_AR1","DefGDP","FRUK",1,"POOLED_AR1","UK",2013,11.4414517204304,0.148274363833584,0.0771826720695155
"DefGDP_s1_FRUK_POOLED_AR1","DefGDP","FRUK",1,"POOLED_AR1","UK",2014,11.4593664301191,0.136839270098191,0.020287826895358
"DefGDP_s1_FRUK_POOLED_AR1","DefGDP","FRUK",1,"POOLED_AR1","UK",2015,11.4809859398176,0.1153583099575,0.00779545145374301
"DefGDP_s1_FRUK_POOLED_AR1","DefGDP","FRUK",1,"POOLED_AR1","UK",2016,11.4717689126762,0.126905264920493,0.0362275701163088
"DefGDP_s1_FRUK_POOLED_AR1","DefGDP","FRUK",1,"POOLED_AR1","UK",2017,11.4807306539146,0.123267787295758,0.0235135789882311
"DefGDP_s1_FRUK_POOLED_AR1","DefGDP","FRUK",1,"POOLED_AR1","UK",2018,11.4816508094664,0.109054370177208,0.012159410466808
"DefGDP_s1_FRUK_POOLED_AR1","DefGDP","FRUK",1,"POOLED_AR1","UK",2019,11.4982343974323,0.103276924520634,0.0175544577158176
"DefGDP_s1_FRUK_POOLED_AR1","DefGDP","FRUK",1,"POOLED_AR1","UK",2020,11.4193903533709,0.118170698613694,0.0369896077547261
"DefGDP_s1_FRUK_POOLED_AR1","DefGDP","FRUK",1,"POOLED_AR1","UK",2021,11.4263146120589,0.186825877299494,0.0939374971937387
"DefGDP_s1_FRUK_POOLED_AR1","DefGDP","FRUK",1,"POOLED_AR1","UK",2022,11.478948839726,0.106787352747086,-0.0400676062890592
"DefGDP_s1_FRUK_POOLED_AR1","DefGDP","FRUK",1,"POOLED_AR1","UK",2023,11.4821369602426,0.136220665010844,0.0522801930594568
"DefGDP_s1_FRUK_POOLED_AR1","DefGDP","FRUK",1,"POOLED_AR1","UK",2024,11.5014443308755,0.11978033586,0.0127037334684846
"DefGDP_s1_GIS_FE_AR1","DefGDP","GIS",1,"FE_AR1","DE",1991,11.1690105657374,-0.154365640758504,NA
"DefGDP_s1_GIS_FE_AR1","DefGDP","GIS",1,"FE_AR1","DE",1992,11.1734272267422,-0.12256675617629,0.00428426305030122
"DefGDP_s1_GIS_FE_AR1","DefGDP","GIS",1,"FE_AR1","DE",1993,11.1586121181777,-0.140973047679676,-0.0402529789657901
"DefGDP_s1_GIS_FE_AR1","DefGDP","GIS",1,"FE_AR1","DE",1994,11.1710041749376,-0.101682560778642,0.0141630036473307
"DefGDP_s1_GIS_FE_AR1","DefGDP","GIS",1,"FE_AR1","DE",1995,11.1984222135129,-0.105008217031834,-0.0214498784730643
"DefGDP_s1_GIS_FE_AR1","DefGDP","GIS",1,"FE_AR1","DE",1996,11.2026471378943,-0.0984462907528645,-0.0121550714620753
"DefGDP_s1_GIS_FE_AR1","DefGDP","GIS",1,"FE_AR1","DE",1997,11.1962555761444,-0.0493181530530489,0.0315807585163656
"DefGDP_s1_GIS_FE_AR1","DefGDP","GIS",1,"FE_AR1","DE",1998,11.2008574138454,-0.0306547319736481,0.00987279701798492
"DefGDP_s1_GIS_FE_AR1","DefGDP","GIS",1,"FE_AR1","DE",1999,11.1957857417863,-0.0187903924075172,0.00640034288738367
"DefGDP_s1_GIS_FE_AR1","DefGDP","GIS",1,"FE_AR1","DE",2000,11.1960292354123,0.0242797182079499,0.03972085146046
"DefGDP_s1_GIS_FE_AR1","DefGDP","GIS",1,"FE_AR1","DE",2001,11.2072130019227,0.0178787739171522,-0.00207325029030218
"DefGDP_s1_GIS_FE_AR1","DefGDP","GIS",1,"FE_AR1","DE",2002,11.2173925918787,-0.00367194947665439,-0.0183639540106207
"DefGDP_s1_GIS_FE_AR1","DefGDP","GIS",1,"FE_AR1","DE",2003,11.2419195608999,-0.00321209997145999,-0.000194650418739512
"DefGDP_s1_GIS_FE_AR1","DefGDP","GIS",1,"FE_AR1","DE",2004,11.2769405103012,0.000975074338771975,0.00361463942097087
"DefGDP_s1_GIS_FE_AR1","DefGDP","GIS",1,"FE_AR1","DE",2005,11.2886517785001,0.0140300742720498,0.013228800276832
"DefGDP_s1_GIS_FE_AR1","DefGDP","GIS",1,"FE_AR1","DE",2006,11.3122078227042,0.0676714294389615,0.0561421201154018
"DefGDP_s1_GIS_FE_AR1","DefGDP","GIS",1,"FE_AR1","DE",2007,11.3633533380054,0.039268246991492,-0.0163412121774826
"DefGDP_s1_GIS_FE_AR1","DefGDP","GIS",1,"FE_AR1","DE",2008,11.3756297407574,-0.0273364366407165,-0.0596053867104092
"DefGDP_s1_GIS_FE_AR1","DefGDP","GIS",1,"FE_AR1","DE",2009,11.2633742577723,-0.0774132686761693,-0.0549493652268067
"DefGDP_s1_GIS_FE_AR1","DefGDP","GIS",1,"FE_AR1","DE",2010,11.2971904260431,0.0614690804633486,0.125083962538025
"DefGDP_s1_GIS_FE_AR1","DefGDP","GIS",1,"FE_AR1","DE",2011,11.3660525413392,0.0451328403619815,-0.00537979618967011
"DefGDP_s1_GIS_FE_AR1","DefGDP","GIS",1,"FE_AR1","DE",2012,11.3580693125083,0.0365942948276352,-0.000493924884839875
"DefGDP_s1_GIS_FE_AR1","DefGDP","GIS",1,"FE_AR1","DE",2013,11.3624219008315,0.0181988182161561,-0.0118727934064464
"DefGDP_s1_GIS_FE_AR1","DefGDP","GIS",1,"FE_AR1","DE",2014,11.3651093007527,0.0487267111815353,0.0337717080597562
"DefGDP_s1_GIS_FE_AR1","DefGDP","GIS",1,"FE_AR1","DE",2015,11.3267596161965,0.101010984704832,0.0609694771091918
"DefGDP_s1_GIS_FE_AR1","DefGDP","GIS",1,"FE_AR1","DE",2016,11.3219032793986,0.139611271039051,0.0566048047041282
"DefGDP_s1_GIS_FE_AR1","DefGDP","GIS",1,"FE_AR1","DE",2017,11.3280654322647,0.139651817542568,0.0249253023685754
"DefGDP_s1_GIS_FE_AR1","DefGDP","GIS",1,"FE_AR1","DE",2018,11.3321901781033,0.113181260711341,-0.00157857382874721
"DefGDP_s1_GIS_FE_AR1","DefGDP","GIS",1,"FE_AR1","DE",2019,11.3079753606178,0.11647621432672,0.0234687405907408
"DefGDP_s1_GIS_FE_AR1","DefGDP","GIS",1,"FE_AR1","DE",2020,11.2650782436186,0.103412815286866,0.00769769092111292
"DefGDP_s1_GIS_FE_AR1","DefGDP","GIS",1,"FE_AR1","DE",2021,11.3532979051808,0.0686250217320552,-0.0163551652821818
"DefGDP_s1_GIS_FE_AR1","DefGDP","GIS",1,"FE_AR1","DE",2022,11.3887495499716,0.0215014968734035,-0.0348915832730838
"DefGDP_s1_GIS_FE_AR1","DefGDP","GIS",1,"FE_AR1","DE",2023,11.3805483698293,0.0391505001055652,0.0214814982481143
"DefGDP_s1_GIS_FE_AR1","DefGDP","GIS",1,"FE_AR1","DE",2024,11.3472783831612,0.0763356744148957,0.0441634836526317
"DefGDP_s1_GIS_FE_AR1","DefGDP","GIS",1,"FE_AR1","ES",1985,10.8553707519593,0.0894055548085682,NA
"DefGDP_s1_GIS_FE_AR1","DefGDP","GIS",1,"FE_AR1","ES",1986,10.8689854349426,0.117316986553417,0.0438473614719631
"DefGDP_s1_GIS_FE_AR1","DefGDP","GIS",1,"FE_AR1","ES",1987,10.8709838157485,0.106363099795537,0.00995706511211313
"DefGDP_s1_GIS_FE_AR1","DefGDP","GIS",1,"FE_AR1","ES",1988,10.8943090571624,0.095271789341675,0.0078671858893342
"DefGDP_s1_GIS_FE_AR1","DefGDP","GIS",1,"FE_AR1","ES",1989,10.898065815776,0.0877070397133206,0.00941679635249811
"DefGDP_s1_GIS_FE_AR1","DefGDP","GIS",1,"FE_AR1","ES",1990,10.9251387811584,-0.00873931698257557,-0.0808131756878777
"DefGDP_s1_GIS_FE_AR1","DefGDP","GIS",1,"FE_AR1","ES",1991,10.9420269798084,-0.0285816911071173,-0.0214000977088928
"DefGDP_s1_GIS_FE_AR1","DefGDP","GIS",1,"FE_AR1","ES",1992,10.9435239571537,-0.0752405155530056,-0.0517533157438881
"DefGDP_s1_GIS_FE_AR1","DefGDP","GIS",1,"FE_AR1","ES",1993,10.9436858614635,-0.100343787048804,-0.0385143796875857
"DefGDP_s1_GIS_FE_AR1","DefGDP","GIS",1,"FE_AR1","ES",1994,10.9568827629083,-0.082291221541352,0.000166970564429395
"DefGDP_s1_GIS_FE_AR1","DefGDP","GIS",1,"FE_AR1","ES",1995,10.9794006779698,-0.0671825822863408,0.000440790859581722
"DefGDP_s1_GIS_FE_AR1","DefGDP","GIS",1,"FE_AR1","ES",1996,10.9938758940086,-0.0868070771533027,-0.0315993314696041
"DefGDP_s1_GIS_FE_AR1","DefGDP","GIS",1,"FE_AR1","ES",1997,10.9962092815801,-0.0843266539935819,-0.0129923456664798
"DefGDP_s1_GIS_FE_AR1","DefGDP","GIS",1,"FE_AR1","ES",1998,11.0010029338632,-0.0929776500160102,-0.023681646355528
"DefGDP_s1_GIS_FE_AR1","DefGDP","GIS",1,"FE_AR1","ES",1999,10.997528987907,-0.0986567231099382,-0.0222517044032449
"DefGDP_s1_GIS_FE_AR1","DefGDP","GIS",1,"FE_AR1","ES",2000,10.9909865930769,-0.0779047541501274,0.00316708164544187
"DefGDP_s1_GIS_FE_AR1","DefGDP","GIS",1,"FE_AR1","ES",2001,10.9872189424089,-0.0580734089817661,0.00594535463675813
"DefGDP_s1_GIS_FE_AR1","DefGDP","GIS",1,"FE_AR1","ES",2002,10.9886746123404,-0.061297136848296,-0.0135749165206232
"DefGDP_s1_GIS_FE_AR1","DefGDP","GIS",1,"FE_AR1","ES",2003,11.0016689129566,-0.0808321164482191,-0.0304607757361841
"DefGDP_s1_GIS_FE_AR1","DefGDP","GIS",1,"FE_AR1","ES",2004,10.995693678843,-0.0851543030669397,-0.018729959493357
"DefGDP_s1_GIS_FE_AR1","DefGDP","GIS",1,"FE_AR1","ES",2005,10.9876547366977,-0.0769381138230205,-0.00696198388572239
"DefGDP_s1_GIS_FE_AR1","DefGDP","GIS",1,"FE_AR1","ES",2006,10.9941064064819,-0.0610768772270642,0.00214754310291124
"DefGDP_s1_GIS_FE_AR1","DefGDP","GIS",1,"FE_AR1","ES",2007,11.0099971231561,-0.0570808023949478,-0.00689046153048531
"DefGDP_s1_GIS_FE_AR1","DefGDP","GIS",1,"FE_AR1","ES",2008,11.0214265297989,-0.0661826388690585,-0.0192760997811372
"DefGDP_s1_GIS_FE_AR1","DefGDP","GIS",1,"FE_AR1","ES",2009,10.9902200616728,-0.0267873318892793,0.0275987034641418
"DefGDP_s1_GIS_FE_AR1","DefGDP","GIS",1,"FE_AR1","ES",2010,10.9997452812511,-0.00595676927470201,0.0160559035961477
"DefGDP_s1_GIS_FE_AR1","DefGDP","GIS",1,"FE_AR1","ES",2011,11.0556871577487,-0.018588349378474,-0.0136933335570729
"DefGDP_s1_GIS_FE_AR1","DefGDP","GIS",1,"FE_AR1","ES",2012,11.0453971520312,0.00347388708109975,0.0187489900950423
"DefGDP_s1_GIS_FE_AR1","DefGDP","GIS",1,"FE_AR1","ES",2013,11.0655616394186,0.0256205242781586,0.0227658338512586
"DefGDP_s1_GIS_FE_AR1","DefGDP","GIS",1,"FE_AR1","ES",2014,11.0593878434048,0.0679769121576168,0.0469230714075987
"DefGDP_s1_GIS_FE_AR1","DefGDP","GIS",1,"FE_AR1","ES",2015,11.0479341964258,0.0936046725042541,0.0377441808255375
"DefGDP_s1_GIS_FE_AR1","DefGDP","GIS",1,"FE_AR1","ES",2016,11.0633370138231,0.0647296657209573,-0.0121906129964541
"DefGDP_s1_GIS_FE_AR1","DefGDP","GIS",1,"FE_AR1","ES",2017,11.0547503891076,0.0889322205803253,0.0357401758315483
"DefGDP_s1_GIS_FE_AR1","DefGDP","GIS",1,"FE_AR1","ES",2018,11.065251108296,0.0508083357229889,-0.0222723237247116
"DefGDP_s1_GIS_FE_AR1","DefGDP","GIS",1,"FE_AR1","ES",2019,11.0623357876897,0.0374649014418438,-0.00428719533305279
"DefGDP_s1_GIS_FE_AR1","DefGDP","GIS",1,"FE_AR1","ES",2020,11.0482919719992,-0.00762628720984715,-0.0384133257617528
"DefGDP_s1_GIS_FE_AR1","DefGDP","GIS",1,"FE_AR1","ES",2021,11.1135662486132,0.0317294739667506,0.0379964275500113
"DefGDP_s1_GIS_FE_AR1","DefGDP","GIS",1,"FE_AR1","ES",2022,11.15356864533,0.00349507442167507,-0.0225788374438719
"DefGDP_s1_GIS_FE_AR1","DefGDP","GIS",1,"FE_AR1","ES",2023,11.1586412032286,0.00190797749938731,-0.00096412376928732
"DefGDP_s1_GIS_FE_AR1","DefGDP","GIS",1,"FE_AR1","ES",2024,11.1620464752698,0.00546322364731289,0.00389533011045177
"DefGDP_s1_GIS_FE_AR1","DefGDP","GIS",1,"FE_AR1","IT",1981,11.0369301892732,-0.116197588554536,NA
"DefGDP_s1_GIS_FE_AR1","DefGDP","GIS",1,"FE_AR1","IT",1982,11.005657847939,-0.102146532853276,-0.00666037111813551
"DefGDP_s1_GIS_FE_AR1","DefGDP","GIS",1,"FE_AR1","IT",1983,10.9966532301931,-0.112732173418603,-0.0287925626397281
"DefGDP_s1_GIS_FE_AR1","DefGDP","GIS",1,"FE_AR1","IT",1984,10.9861869773123,-0.0297783880241553,0.0628600451628678
"DefGDP_s1_GIS_FE_AR1","DefGDP","GIS",1,"FE_AR1","IT",1985,10.9745650736125,0.0156240962777439,0.0400946899489001
"DefGDP_s1_GIS_FE_AR1","DefGDP","GIS",1,"FE_AR1","IT",1986,11.0099446687955,-0.000951959973550132,-0.0137911677634936
"DefGDP_s1_GIS_FE_AR1","DefGDP","GIS",1,"FE_AR1","IT",1987,11.0141491472538,0.0215749601297457,0.0223572397375288
"DefGDP_s1_GIS_FE_AR1","DefGDP","GIS",1,"FE_AR1","IT",1988,11.0193171545426,0.030615224374241,0.0128858535843197
"DefGDP_s1_GIS_FE_AR1","DefGDP","GIS",1,"FE_AR1","IT",1989,11.0278706960934,0.0479543718623692,0.0227961022070196
"DefGDP_s1_GIS_FE_AR1","DefGDP","GIS",1,"FE_AR1","IT",1990,11.0468083165267,-0.0278068670611891,-0.0672136995481484
"DefGDP_s1_GIS_FE_AR1","DefGDP","GIS",1,"FE_AR1","IT",1991,11.038146650273,-0.0459238758189571,-0.0230733929597017
"DefGDP_s1_GIS_FE_AR1","DefGDP","GIS",1,"FE_AR1","IT",1992,11.0430317368992,-0.0326132730405178,0.00512498545953121
"DefGDP_s1_GIS_FE_AR1","DefGDP","GIS",1,"FE_AR1","IT",1993,11.030386796753,-0.00191029897540673,0.0248898808131573
"DefGDP_s1_GIS_FE_AR1","DefGDP","GIS",1,"FE_AR1","IT",1994,11.0417099796214,0.039843449048595,0.041413250274225
"DefGDP_s1_GIS_FE_AR1","DefGDP","GIS",1,"FE_AR1","IT",1995,11.0796913549228,0.0525408571662958,0.0197992308789795
"DefGDP_s1_GIS_FE_AR1","DefGDP","GIS",1,"FE_AR1","IT",1996,11.0768439085311,0.063557170943902,0.0203813628441568
"DefGDP_s1_GIS_FE_AR1","DefGDP","GIS",1,"FE_AR1","IT",1997,11.0552899061255,0.0969790389418339,0.0447504997813244
"DefGDP_s1_GIS_FE_AR1","DefGDP","GIS",1,"FE_AR1","IT",1998,11.0485935130159,0.0989334403048172,0.0192402529287967
"DefGDP_s1_GIS_FE_AR1","DefGDP","GIS",1,"FE_AR1","IT",1999,11.0339006204374,0.108725195083146,0.0274259650433947
"DefGDP_s1_GIS_FE_AR1","DefGDP","GIS",1,"FE_AR1","IT",2000,11.0317026966608,0.140981942712358,0.0516362713301904
"DefGDP_s1_GIS_FE_AR1","DefGDP","GIS",1,"FE_AR1","IT",2001,11.0370123653392,0.130808938170896,0.0149560641910861
"DefGDP_s1_GIS_FE_AR1","DefGDP","GIS",1,"FE_AR1","IT",2002,11.0355124870279,0.109602688011238,0.0021095499696873
"DefGDP_s1_GIS_FE_AR1","DefGDP","GIS",1,"FE_AR1","IT",2003,11.0448767532549,0.0543648464268927,-0.0357019107600283
"DefGDP_s1_GIS_FE_AR1","DefGDP","GIS",1,"FE_AR1","IT",2004,11.060488505057,0.0491134710491874,0.00443878732123783
"DefGDP_s1_GIS_FE_AR1","DefGDP","GIS",1,"FE_AR1","IT",2005,11.0634202297411,0.0404053462565468,4.60160990558151e-05
"DefGDP_s1_GIS_FE_AR1","DefGDP","GIS",1,"FE_AR1","IT",2006,11.0760629305891,0.0393983515984466,0.00619498244413605
"DefGDP_s1_GIS_FE_AR1","DefGDP","GIS",1,"FE_AR1","IT",2007,11.1301628979902,0.0166283906099309,-0.0157474738088175
"DefGDP_s1_GIS_FE_AR1","DefGDP","GIS",1,"FE_AR1","IT",2008,11.1430039702388,-0.026481105638501,-0.040145599152751
"DefGDP_s1_GIS_FE_AR1","DefGDP","GIS",1,"FE_AR1","IT",2009,11.0653705448107,-0.0743768339693336,-0.0526158046108244
"DefGDP_s1_GIS_FE_AR1","DefGDP","GIS",1,"FE_AR1","IT",2010,11.0609237445104,0.0205208587552779,0.0816405298783167
"DefGDP_s1_GIS_FE_AR1","DefGDP","GIS",1,"FE_AR1","IT",2011,11.1067431786606,-0.013053124071428,-0.0299162798599905
"DefGDP_s1_GIS_FE_AR1","DefGDP","GIS",1,"FE_AR1","IT",2012,11.1151540137954,-0.0602835529258741,-0.0495570590998147
"DefGDP_s1_GIS_FE_AR1","DefGDP","GIS",1,"FE_AR1","IT",2013,11.1250442018612,-0.0573220424654792,-0.00778362126195104
"DefGDP_s1_GIS_FE_AR1","DefGDP","GIS",1,"FE_AR1","IT",2014,11.1364833344098,-0.0430490444267448,0.00405573533620518
"DefGDP_s1_GIS_FE_AR1","DefGDP","GIS",1,"FE_AR1","IT",2015,11.1211510397418,0.0202805122806957,0.055656358456248
"DefGDP_s1_GIS_FE_AR1","DefGDP","GIS",1,"FE_AR1","IT",2016,11.1180465127401,0.0535511976269767,0.0368855481948706
"DefGDP_s1_GIS_FE_AR1","DefGDP","GIS",1,"FE_AR1","IT",2017,11.1218732871184,0.0683583200451121,0.0243522577736906
"DefGDP_s1_GIS_FE_AR1","DefGDP","GIS",1,"FE_AR1","IT",2018,11.1330541895202,0.0623996966278622,0.00622578041352934
"DefGDP_s1_GIS_FE_AR1","DefGDP","GIS",1,"FE_AR1","IT",2019,11.1312877440757,0.0532668611889981,0.00198948445036437
"DefGDP_s1_GIS_FE_AR1","DefGDP","GIS",1,"FE_AR1","IT",2020,11.0939968804303,-0.00232443418318162,-0.0460968410453838
"DefGDP_s1_GIS_FE_AR1","DefGDP","GIS",1,"FE_AR1","IT",2021,11.211064951321,0.0214273508792786,0.0233374705394108
"DefGDP_s1_GIS_FE_AR1","DefGDP","GIS",1,"FE_AR1","IT",2022,11.26874507302,-0.00863888163381787,-0.0262469535143639
"DefGDP_s1_GIS_FE_AR1","DefGDP","GIS",1,"FE_AR1","IT",2023,11.2829755170661,-0.026153859606211,-0.0190547996415517
"DefGDP_s1_GIS_FE_AR1","DefGDP","GIS",1,"FE_AR1","IT",2024,11.3008634235242,-0.0249550206851072,-0.00346290798790866
"DefGDP_s1_GIS_POOLED_AR1","DefGDP","GIS",1,"POOLED_AR1","DE",1991,11.1445585491606,-0.129913624181681,NA
"DefGDP_s1_GIS_POOLED_AR1","DefGDP","GIS",1,"POOLED_AR1","DE",1992,11.1483855093819,-0.0975250388160358,0.00954027544577232
"DefGDP_s1_GIS_POOLED_AR1","DefGDP","GIS",1,"POOLED_AR1","DE",1993,11.1325394062503,-0.114900335752287,-0.03452732641624
"DefGDP_s1_GIS_POOLED_AR1","DefGDP","GIS",1,"POOLED_AR1","DE",1994,11.1432662080086,-0.073944593849621,0.0207478653408182
"DefGDP_s1_GIS_POOLED_AR1","DefGDP","GIS",1,"POOLED_AR1","DE",1995,11.1699774301643,-0.076563433683182,-0.0156237037022843
"DefGDP_s1_GIS_POOLED_AR1","DefGDP","GIS",1,"POOLED_AR1","DE",1996,11.174389947456,-0.07018910031465,-0.00709111394187899
"DefGDP_s1_GIS_POOLED_AR1","DefGDP","GIS",1,"POOLED_AR1","DE",1997,11.1676360343856,-0.0206986112942076,0.037146115386901
"DefGDP_s1_GIS_POOLED_AR1","DefGDP","GIS",1,"POOLED_AR1","DE",1998,11.1725093334066,-0.00230665153476295,0.0147516311277096
"DefGDP_s1_GIS_POOLED_AR1","DefGDP","GIS",1,"POOLED_AR1","DE",1999,11.168125848524,0.00886950085475746,0.0107704744671671
"DefGDP_s1_GIS_POOLED_AR1","DefGDP","GIS",1,"POOLED_AR1","DE",2000,11.1685358743498,0.0517730792704256,0.0444634848969212
"DefGDP_s1_GIS_POOLED_AR1","DefGDP","GIS",1,"POOLED_AR1","DE",2001,11.1802358824771,0.0448558933627652,0.00218830528410652
"DefGDP_s1_GIS_POOLED_AR1","DefGDP","GIS",1,"POOLED_AR1","DE",2002,11.1904229381503,0.0232977042517142,-0.0136692447471254
"DefGDP_s1_GIS_POOLED_AR1","DefGDP","GIS",1,"POOLED_AR1","DE",2003,11.2139762134762,0.0247312474522285,0.00553098232991833
"DefGDP_s1_GIS_POOLED_AR1","DefGDP","GIS",1,"POOLED_AR1","DE",2004,11.2478141289908,0.0301014556491594,0.00971976899205849
"DefGDP_s1_GIS_POOLED_AR1","DefGDP","GIS",1,"POOLED_AR1","DE",2005,11.2591415440566,0.0435403087155777,0.0187328889463616
"DefGDP_s1_GIS_POOLED_AR1","DefGDP","GIS",1,"POOLED_AR1","DE",2006,11.2824545764192,0.0974246757239889,0.0615419354413357
"DefGDP_s1_GIS_POOLED_AR1","DefGDP","GIS",1,"POOLED_AR1","DE",2007,11.3343663758749,0.0682552091220376,-0.0120350882886206
"DefGDP_s1_GIS_POOLED_AR1","DefGDP","GIS",1,"POOLED_AR1","DE",2008,11.3475076511909,0.000785652925836544,-0.0554653019735255
"DefGDP_s1_GIS_POOLED_AR1","DefGDP","GIS",1,"POOLED_AR1","DE",2009,11.2363804657529,-0.0504194766568027,-0.0510669543785216
"DefGDP_s1_GIS_POOLED_AR1","DefGDP","GIS",1,"POOLED_AR1","DE",2010,11.2704017724145,0.0882577340919326,0.129809781825027
"DefGDP_s1_GIS_POOLED_AR1","DefGDP","GIS",1,"POOLED_AR1","DE",2011,11.3413143571219,0.0698710245792569,-0.00286454950782432
"DefGDP_s1_GIS_POOLED_AR1","DefGDP","GIS",1,"POOLED_AR1","DE",2012,11.334195168627,0.060468438708936,0.00288584680224726
"DefGDP_s1_GIS_POOLED_AR1","DefGDP","GIS",1,"POOLED_AR1","DE",2013,11.3392009449707,0.0414197740769691,-0.00841389374711767
"DefGDP_s1_GIS_POOLED_AR1","DefGDP","GIS",1,"POOLED_AR1","DE",2014,11.3417672475092,0.0720687644249498,0.037933613811323
"DefGDP_s1_GIS_POOLED_AR1","DefGDP","GIS",1,"POOLED_AR1","DE",2015,11.3052521757214,0.122518425179884,0.0631246167150628
"DefGDP_s1_GIS_POOLED_AR1","DefGDP","GIS",1,"POOLED_AR1","DE",2016,11.3022098008844,0.159304749553305,0.0583340178277272
"DefGDP_s1_GIS_POOLED_AR1","DefGDP","GIS",1,"POOLED_AR1","DE",2017,11.3090568671491,0.158660382658214,0.0273730509271639
"DefGDP_s1_GIS_POOLED_AR1","DefGDP","GIS",1,"POOLED_AR1","DE",2018,11.3141066781999,0.131264760614719,0.000508468984793925
"DefGDP_s1_GIS_POOLED_AR1","DefGDP","GIS",1,"POOLED_AR1","DE",2019,11.2911924598334,0.133259115111137,0.0250802929495606
"DefGDP_s1_GIS_POOLED_AR1","DefGDP","GIS",1,"POOLED_AR1","DE",2020,11.2486861312794,0.119804927626079,0.00998250424674411
"DefGDP_s1_GIS_POOLED_AR1","DefGDP","GIS",1,"POOLED_AR1","DE",2021,11.3381579743396,0.0837649525733273,-0.0149695127854499
"DefGDP_s1_GIS_POOLED_AR1","DefGDP","GIS",1,"POOLED_AR1","DE",2022,11.3743219972491,0.0359290495959126,-0.0331039023202527
"DefGDP_s1_GIS_POOLED_AR1","DefGDP","GIS",1,"POOLED_AR1","DE",2023,11.3657933423954,0.0539055275395182,0.0242954307514023
"DefGDP_s1_GIS_POOLED_AR1","DefGDP","GIS",1,"POOLED_AR1","DE",2024,11.3329083150758,0.0907057425002495,0.0462807464090321
"DefGDP_s1_GIS_POOLED_AR1","DefGDP","GIS",1,"POOLED_AR1","ES",1985,10.8291757668139,0.115600539953974,NA
"DefGDP_s1_GIS_POOLED_AR1","DefGDP","GIS",1,"POOLED_AR1","ES",1986,10.8438099465915,0.142492474904493,0.0472229585857256
"DefGDP_s1_GIS_POOLED_AR1","DefGDP","GIS",1,"POOLED_AR1","ES",1987,10.8504593876675,0.126887527876544,0.00945564417928645
"DefGDP_s1_GIS_POOLED_AR1","DefGDP","GIS",1,"POOLED_AR1","ES",1988,10.8768825146456,0.112698331858487,0.00812690500792443
"DefGDP_s1_GIS_POOLED_AR1","DefGDP","GIS",1,"POOLED_AR1","ES",1989,10.8845638873395,0.101208968149839,0.00833123963434186
"DefGDP_s1_GIS_POOLED_AR1","DefGDP","GIS",1,"POOLED_AR1","ES",1990,10.9142476915332,0.00215177264256639,-0.0812572620089652
"DefGDP_s1_GIS_POOLED_AR1","DefGDP","GIS",1,"POOLED_AR1","ES",1991,10.9330882977448,-0.0196430090435236,-0.02141634279237
"DefGDP_s1_GIS_POOLED_AR1","DefGDP","GIS",1,"POOLED_AR1","ES",1992,10.9328409655519,-0.0645575239511924,-0.0483691915146245
"DefGDP_s1_GIS_POOLED_AR1","DefGDP","GIS",1,"POOLED_AR1","ES",1993,10.932972605811,-0.0896305313962689,-0.0364269383679307
"DefGDP_s1_GIS_POOLED_AR1","DefGDP","GIS",1,"POOLED_AR1","ES",1994,10.9453239144429,-0.0707323730760336,0.00313456021784619
"DefGDP_s1_GIS_POOLED_AR1","DefGDP","GIS",1,"POOLED_AR1","ES",1995,10.9693362093663,-0.0571181136827974,0.00117433870293839
"DefGDP_s1_GIS_POOLED_AR1","DefGDP","GIS",1,"POOLED_AR1","ES",1996,10.9837992914833,-0.0767304746279969,-0.0296578998306207
"DefGDP_s1_GIS_POOLED_AR1","DefGDP","GIS",1,"POOLED_AR1","ES",1997,10.9858770020003,-0.0739943744138447,-0.010758725102611
"DefGDP_s1_GIS_POOLED_AR1","DefGDP","GIS",1,"POOLED_AR1","ES",1998,10.9921204805219,-0.0840951966747099,-0.0231144411910113
"DefGDP_s1_GIS_POOLED_AR1","DefGDP","GIS",1,"POOLED_AR1","ES",1999,10.9914317020455,-0.0925594372484362,-0.0232543222799324
"DefGDP_s1_GIS_POOLED_AR1","DefGDP","GIS",1,"POOLED_AR1","ES",2000,10.9869987912212,-0.0739169522943754,0.0023637711426152
"DefGDP_s1_GIS_POOLED_AR1","DefGDP","GIS",1,"POOLED_AR1","ES",2001,10.9825273421847,-0.0533818087576368,0.00753514107362151
"DefGDP_s1_GIS_POOLED_AR1","DefGDP","GIS",1,"POOLED_AR1","ES",2002,10.9905960280158,-0.0632185525236739,-0.0192251671762883
"DefGDP_s1_GIS_POOLED_AR1","DefGDP","GIS",1,"POOLED_AR1","ES",2003,11.0043181275189,-0.0834813310105211,-0.031381220373486
"DefGDP_s1_GIS_POOLED_AR1","DefGDP","GIS",1,"POOLED_AR1","ES",2004,10.9962028141571,-0.0856634383810295,-0.0168642266283347
"DefGDP_s1_GIS_POOLED_AR1","DefGDP","GIS",1,"POOLED_AR1","ES",2005,10.989119560703,-0.0784029378283346,-0.00780539266104911
"DefGDP_s1_GIS_POOLED_AR1","DefGDP","GIS",1,"POOLED_AR1","ES",2006,11.0020071272301,-0.0689775979752785,-0.00436362672696246
"DefGDP_s1_GIS_POOLED_AR1","DefGDP","GIS",1,"POOLED_AR1","ES",2007,11.0204007722787,-0.0674844515174584,-0.010638156521331
"DefGDP_s1_GIS_POOLED_AR1","DefGDP","GIS",1,"POOLED_AR1","ES",2008,11.0324407931892,-0.0771969022594128,-0.0215811494466198
"DefGDP_s1_GIS_POOLED_AR1","DefGDP","GIS",1,"POOLED_AR1","ES",2009,11.0009594207187,-0.0375266909351648,0.0260933539408336
"DefGDP_s1_GIS_POOLED_AR1","DefGDP","GIS",1,"POOLED_AR1","ES",2010,11.0088664954485,-0.0150779834720982,0.0158487725435786
"DefGDP_s1_GIS_POOLED_AR1","DefGDP","GIS",1,"POOLED_AR1","ES",2011,11.062469476641,-0.0253706682707797,-0.0129444962734767
"DefGDP_s1_GIS_POOLED_AR1","DefGDP","GIS",1,"POOLED_AR1","ES",2012,11.0492781288203,-0.000407089708016173,0.0205015608554106
"DefGDP_s1_GIS_POOLED_AR1","DefGDP","GIS",1,"POOLED_AR1","ES",2013,11.0672805996113,0.0239015640854667,0.0242370576705009
"DefGDP_s1_GIS_POOLED_AR1","DefGDP","GIS",1,"POOLED_AR1","ES",2014,11.0614195597288,0.0659451958336454,0.0462472735696917
"DefGDP_s1_GIS_POOLED_AR1","DefGDP","GIS",1,"POOLED_AR1","ES",2015,11.0527665960882,0.0887722728418616,0.0344250620665553
"DefGDP_s1_GIS_POOLED_AR1","DefGDP","GIS",1,"POOLED_AR1","ES",2016,11.0690717310494,0.0589949484946715,-0.0141646708248327
"DefGDP_s1_GIS_POOLED_AR1","DefGDP","GIS",1,"POOLED_AR1","ES",2017,11.0596270279364,0.084055581751473,0.0354362568713666
"DefGDP_s1_GIS_POOLED_AR1","DefGDP","GIS",1,"POOLED_AR1","ES",2018,11.0713177835788,0.0447416604402004,-0.0245308068038438
"DefGDP_s1_GIS_POOLED_AR1","DefGDP","GIS",1,"POOLED_AR1","ES",2019,11.0693759544338,0.0304247346976627,-0.00644807187515747
"DefGDP_s1_GIS_POOLED_AR1","DefGDP","GIS",1,"POOLED_AR1","ES",2020,11.0562309504754,-0.0155652656860301,-0.0406391084200452
"DefGDP_s1_GIS_POOLED_AR1","DefGDP","GIS",1,"POOLED_AR1","ES",2021,11.1222495404179,0.0230461821620658,0.0358739365468776
"DefGDP_s1_GIS_POOLED_AR1","DefGDP","GIS",1,"POOLED_AR1","ES",2022,11.1628954840416,-0.00583176428988175,-0.0248247432884954
"DefGDP_s1_GIS_POOLED_AR1","DefGDP","GIS",1,"POOLED_AR1","ES",2023,11.1687156950587,-0.00816651433071591,-0.00336040041980076
"DefGDP_s1_GIS_POOLED_AR1","DefGDP","GIS",1,"POOLED_AR1","ES",2024,11.1726131098424,-0.00510341092525834,0.00162683333317989
"DefGDP_s1_GIS_POOLED_AR1","DefGDP","GIS",1,"POOLED_AR1","IT",1981,11.0474626220905,-0.126730021371811,NA
"DefGDP_s1_GIS_POOLED_AR1","DefGDP","GIS",1,"POOLED_AR1","IT",1982,11.0167489552246,-0.113237640138909,-0.0087960186381215
"DefGDP_s1_GIS_POOLED_AR1","DefGDP","GIS",1,"POOLED_AR1","IT",1983,11.0097371762582,-0.125816119483659,-0.0324939324989977
"DefGDP_s1_GIS_POOLED_AR1","DefGDP","GIS",1,"POOLED_AR1","IT",1984,11.0015777768106,-0.0451691875225215,0.0585192628349325
"DefGDP_s1_GIS_POOLED_AR1","DefGDP","GIS",1,"POOLED_AR1","IT",1985,10.9903033088943,-0.000114139004145031,0.0371110041439379
"DefGDP_s1_GIS_POOLED_AR1","DefGDP","GIS",1,"POOLED_AR1","IT",1986,11.0287342246876,-0.0197415158657126,-0.0196474508403906
"DefGDP_s1_GIS_POOLED_AR1","DefGDP","GIS",1,"POOLED_AR1","IT",1987,11.0353825743826,0.000341533000877803,0.0166110475608837
"DefGDP_s1_GIS_POOLED_AR1","DefGDP","GIS",1,"POOLED_AR1","IT",1988,11.0427180138511,0.00721436506572104,0.00693289852747234
"DefGDP_s1_GIS_POOLED_AR1","DefGDP","GIS",1,"POOLED_AR1","IT",1989,11.0508390771415,0.0249859908142742,0.0190404383918382
"DefGDP_s1_GIS_POOLED_AR1","DefGDP","GIS",1,"POOLED_AR1","IT",1990,11.0696672248106,-0.0506657753450881,-0.0712574028631675
"DefGDP_s1_GIS_POOLED_AR1","DefGDP","GIS",1,"POOLED_AR1","IT",1991,11.0614112515144,-0.0691884770604396,-0.0274334479492977
"DefGDP_s1_GIS_POOLED_AR1","DefGDP","GIS",1,"POOLED_AR1","IT",1992,11.0676266759055,-0.057208212046822,-0.000188125920886385
"DefGDP_s1_GIS_POOLED_AR1","DefGDP","GIS",1,"POOLED_AR1","IT",1993,11.0504467972656,-0.0219702994880393,0.0251765277960913
"DefGDP_s1_GIS_POOLED_AR1","DefGDP","GIS",1,"POOLED_AR1","IT",1994,11.0599817695516,0.0215716591183988,0.0396779742483916
"DefGDP_s1_GIS_POOLED_AR1","DefGDP","GIS",1,"POOLED_AR1","IT",1995,11.0981762663981,0.0340559456910423,0.0162781608189177
"DefGDP_s1_GIS_POOLED_AR1","DefGDP","GIS",1,"POOLED_AR1","IT",1996,11.0961235407272,0.0442775387478456,0.0162111173015823
"DefGDP_s1_GIS_POOLED_AR1","DefGDP","GIS",1,"POOLED_AR1","IT",1997,11.0757141383647,0.0765548067025943,0.0400644953080951
"DefGDP_s1_GIS_POOLED_AR1","DefGDP","GIS",1,"POOLED_AR1","IT",1998,11.0689471492048,0.0785798041158596,0.0154889274699827
"DefGDP_s1_GIS_POOLED_AR1","DefGDP","GIS",1,"POOLED_AR1","IT",1999,11.0543762304986,0.0882495850218845,0.0234898535057331
"DefGDP_s1_GIS_POOLED_AR1","DefGDP","GIS",1,"POOLED_AR1","IT",2000,11.0576335503302,0.115051089042973,0.0423222308238477
"DefGDP_s1_GIS_POOLED_AR1","DefGDP","GIS",1,"POOLED_AR1","IT",2001,11.0638617364428,0.103959567067296,0.00914286803253703
"DefGDP_s1_GIS_POOLED_AR1","DefGDP","GIS",1,"POOLED_AR1","IT",2002,11.0625128830242,0.0826022920149239,-0.00307358523576311
"DefGDP_s1_GIS_POOLED_AR1","DefGDP","GIS",1,"POOLED_AR1","IT",2003,11.0711135066783,0.0281280930034953,-0.0399466790539418
"DefGDP_s1_GIS_POOLED_AR1","DefGDP","GIS",1,"POOLED_AR1","IT",2004,11.0862229554419,0.0233790206642546,0.000197902163603506
"DefGDP_s1_GIS_POOLED_AR1","DefGDP","GIS",1,"POOLED_AR1","IT",2005,11.0889042867244,0.01492128927325,-0.00434599089323377
"DefGDP_s1_GIS_POOLED_AR1","DefGDP","GIS",1,"POOLED_AR1","IT",2006,11.1001328261086,0.0153284560788691,0.00303141998819921
"DefGDP_s1_GIS_POOLED_AR1","DefGDP","GIS",1,"POOLED_AR1","IT",2007,11.1542535994025,-0.00746231080236548,-0.0200949040162793
"DefGDP_s1_GIS_POOLED_AR1","DefGDP","GIS",1,"POOLED_AR1","IT",2008,11.1669169427583,-0.0503940781579857,-0.0442441869806198
"DefGDP_s1_GIS_POOLED_AR1","DefGDP","GIS",1,"POOLED_AR1","IT",2009,11.0876419892659,-0.0966482784245315,-0.0551171622779028
"DefGDP_s1_GIS_POOLED_AR1","DefGDP","GIS",1,"POOLED_AR1","IT",2010,11.0823899916135,-0.000945388347842524,0.0787050591519073
"DefGDP_s1_GIS_POOLED_AR1","DefGDP","GIS",1,"POOLED_AR1","IT",2011,11.1279622945549,-0.0342722399657305,-0.0334931199835209
"DefGDP_s1_GIS_POOLED_AR1","DefGDP","GIS",1,"POOLED_AR1","IT",2012,11.135719979975,-0.0808495191055467,-0.0526048437260383
"DefGDP_s1_GIS_POOLED_AR1","DefGDP","GIS",1,"POOLED_AR1","IT",2013,11.1439288138775,-0.0762066544818438,-0.00957638975421231
"DefGDP_s1_GIS_POOLED_AR1","DefGDP","GIS",1,"POOLED_AR1","IT",2014,11.155352750585,-0.0619184606019356,0.000885494428441866
"DefGDP_s1_GIS_POOLED_AR1","DefGDP","GIS",1,"POOLED_AR1","IT",2015,11.1407116574708,0.00071989455171817,0.0517485644445902
"DefGDP_s1_GIS_POOLED_AR1","DefGDP","GIS",1,"POOLED_AR1","IT",2016,11.1388613356602,0.0327363747068752,0.0321430902311278
"DefGDP_s1_GIS_POOLED_AR1","DefGDP","GIS",1,"POOLED_AR1","IT",2017,11.1423546861321,0.047876921031385,0.0208979935489036
"DefGDP_s1_GIS_POOLED_AR1","DefGDP","GIS",1,"POOLED_AR1","IT",2018,11.1538378073007,0.0416160788474347,0.00215941963712362
"DefGDP_s1_GIS_POOLED_AR1","DefGDP","GIS",1,"POOLED_AR1","IT",2019,11.1539414021976,0.0306132030671282,-0.0036837275913044
"DefGDP_s1_GIS_POOLED_AR1","DefGDP","GIS",1,"POOLED_AR1","IT",2020,11.1180230939616,-0.026350647714489,-0.051579812304332
"DefGDP_s1_GIS_POOLED_AR1","DefGDP","GIS",1,"POOLED_AR1","IT",2021,11.2361906274897,-0.00369832528936698,0.0180179527093788
"DefGDP_s1_GIS_POOLED_AR1","DefGDP","GIS",1,"POOLED_AR1","IT",2022,11.2967052991511,-0.0365991077648733,-0.0335512183549472
"DefGDP_s1_GIS_POOLED_AR1","DefGDP","GIS",1,"POOLED_AR1","IT",2023,11.3102817141821,-0.0534600567222494,-0.0232977469627431
"DefGDP_s1_GIS_POOLED_AR1","DefGDP","GIS",1,"POOLED_AR1","IT",2024,11.3286335191334,-0.0527251162943667,-0.00866724469333083
"DefGDP_s2_FRUK_FE_AR1","DefGDP","FRUK",2,"FE_AR1","FR",1981,10.9420061161554,-0.145944909790922,NA
"DefGDP_s2_FRUK_FE_AR1","DefGDP","FRUK",2,"FE_AR1","FR",1982,10.9562697561867,-0.152718403974253,-0.0332652657484803
"DefGDP_s2_FRUK_FE_AR1","DefGDP","FRUK",2,"FE_AR1","FR",1983,10.9701226119504,-0.134174052741441,-0.00917693810626766
"DefGDP_s2_FRUK_FE_AR1","DefGDP","FRUK",2,"FE_AR1","FR",1984,10.9851000515076,-0.114132691814426,-0.00431377664022571
"DefGDP_s2_FRUK_FE_AR1","DefGDP","FRUK",2,"FE_AR1","FR",1985,10.9920158950859,-0.0747610434731243,0.018654398222782
"DefGDP_s2_FRUK_FE_AR1","DefGDP","FRUK",2,"FE_AR1","FR",1986,11.006731289547,-0.0668762298223697,-0.0056857349110245
"DefGDP_s2_FRUK_FE_AR1","DefGDP","FRUK",2,"FE_AR1","FR",1987,10.9828686049645,-0.0188037186069305,0.0359332060068459
"DefGDP_s2_FRUK_FE_AR1","DefGDP","FRUK",2,"FE_AR1","FR",1988,11.0105472083722,0.00891409064940341,0.0243045773825826
"DefGDP_s2_FRUK_FE_AR1","DefGDP","FRUK",2,"FE_AR1","FR",1989,11.0249599966101,0.0222210057022814,0.0149249917198431
"DefGDP_s2_FRUK_FE_AR1","DefGDP","FRUK",2,"FE_AR1","FR",1990,11.0225573110951,0.0517959410469029,0.0336084696957409
"DefGDP_s2_FRUK_FE_AR1","DefGDP","FRUK",2,"FE_AR1","FR",1991,11.0384362364936,0.046452873301174,0.00405887878452151
"DefGDP_s2_FRUK_FE_AR1","DefGDP","FRUK",2,"FE_AR1","FR",1992,11.0714013938864,0.0421596466491891,0.00413885165621011
"DefGDP_s2_FRUK_FE_AR1","DefGDP","FRUK",2,"FE_AR1","FR",1993,11.0947636939376,0.027311366278802,-0.00719550419684505
"DefGDP_s2_FRUK_FE_AR1","DefGDP","FRUK",2,"FE_AR1","FR",1994,11.0980778652208,0.0477305431009487,0.0253767082470291
"DefGDP_s2_FRUK_FE_AR1","DefGDP","FRUK",2,"FE_AR1","FR",1995,11.1370123558497,0.0441490105969393,0.00508246712655173
"DefGDP_s2_FRUK_FE_AR1","DefGDP","FRUK",2,"FE_AR1","FR",1996,11.1583947504293,0.0154178294448837,-0.0207172976583663
"DefGDP_s2_FRUK_FE_AR1","DefGDP","FRUK",2,"FE_AR1","FR",1997,11.184948746244,0.0411161345702062,0.0284969338426202
"DefGDP_s2_FRUK_FE_AR1","DefGDP","FRUK",2,"FE_AR1","FR",1998,11.2166620795477,0.0427628798821527,0.00911010423440728
"DefGDP_s2_FRUK_FE_AR1","DefGDP","FRUK",2,"FE_AR1","FR",1999,11.2256851730998,0.0587275238502993,0.023726918424507
"DefGDP_s2_FRUK_FE_AR1","DefGDP","FRUK",2,"FE_AR1","FR",2000,11.2450235483339,0.0823626131383808,0.0342952496777639
"DefGDP_s2_FRUK_FE_AR1","DefGDP","FRUK",2,"FE_AR1","FR",2001,11.2539303561085,0.0557285317307326,-0.0116837036528056
"DefGDP_s2_FRUK_FE_AR1","DefGDP","FRUK",2,"FE_AR1","FR",2002,11.2548612065935,0.0494650147885682,0.00385226944865057
"DefGDP_s2_FRUK_FE_AR1","DefGDP","FRUK",2,"FE_AR1","FR",2003,11.2405587088479,0.0598743383843878,0.0193881627627541
"DefGDP_s2_FRUK_FE_AR1","DefGDP","FRUK",2,"FE_AR1","FR",2004,11.2333899538168,0.0960130385946556,0.0470070292075994
"DefGDP_s2_FRUK_FE_AR1","DefGDP","FRUK",2,"FE_AR1","FR",2005,11.2516517871501,0.0841832911544618,0.00559844165779723
"DefGDP_s2_FRUK_FE_AR1","DefGDP","FRUK",2,"FE_AR1","FR",2006,11.2383046769513,0.101580806938074,0.0326783811598785
"DefGDP_s2_FRUK_FE_AR1","DefGDP","FRUK",2,"FE_AR1","FR",2007,11.245108518704,0.125826402511157,0.042684440317049
"DefGDP_s2_FRUK_FE_AR1","DefGDP","FRUK",2,"FE_AR1","FR",2008,11.2582906822366,0.0830528383642815,-0.0199336835579233
"DefGDP_s2_FRUK_FE_AR1","DefGDP","FRUK",2,"FE_AR1","FR",2009,11.3039127881085,0.00679851935157849,-0.0611786522769753
"DefGDP_s2_FRUK_FE_AR1","DefGDP","FRUK",2,"FE_AR1","FR",2010,11.3354897469614,0.0191876739447459,0.013623214910182
"DefGDP_s2_FRUK_FE_AR1","DefGDP","FRUK",2,"FE_AR1","FR",2011,11.4109686694868,-0.0224689833998646,-0.0381737302885112
"DefGDP_s2_FRUK_FE_AR1","DefGDP","FRUK",2,"FE_AR1","FR",2012,11.4240425513442,-0.0347850185827685,-0.0163945821934373
"DefGDP_s2_FRUK_FE_AR1","DefGDP","FRUK",2,"FE_AR1","FR",2013,11.4355828000632,-0.0269335504505754,0.00153732694354655
"DefGDP_s2_FRUK_FE_AR1","DefGDP","FRUK",2,"FE_AR1","FR",2014,11.4396319805846,-0.0222670037589712,-0.000222403988465548
"DefGDP_s2_FRUK_FE_AR1","DefGDP","FRUK",2,"FE_AR1","FR",2015,11.4588668657944,0.00283524382590983,0.021060363713302
"DefGDP_s2_FRUK_FE_AR1","DefGDP","FRUK",2,"FE_AR1","FR",2016,11.4582692068779,0.0022611523086713,-5.94409420653082e-05
"DefGDP_s2_FRUK_FE_AR1","DefGDP","FRUK",2,"FE_AR1","FR",2017,11.448940257929,0.0231009091535395,0.0212501989118176
"DefGDP_s2_FRUK_FE_AR1","DefGDP","FRUK",2,"FE_AR1","FR",2018,11.4436415356777,0.0317035044465186,0.0127958488235034
"DefGDP_s2_FRUK_FE_AR1","DefGDP","FRUK",2,"FE_AR1","FR",2019,11.4412472538869,0.0261181751265109,0.000169458557247194
"DefGDP_s2_FRUK_FE_AR1","DefGDP","FRUK",2,"FE_AR1","FR",2020,11.375982063259,-0.0514217471171001,-0.0727989776629381
"DefGDP_s2_FRUK_FE_AR1","DefGDP","FRUK",2,"FE_AR1","FR",2021,11.3832252665439,-0.0140344376361874,0.0280532862521574
"DefGDP_s2_FRUK_FE_AR1","DefGDP","FRUK",2,"FE_AR1","FR",2022,11.4339171044709,-0.00656669774692453,0.00492022304584685
"DefGDP_s2_FRUK_FE_AR1","DefGDP","FRUK",2,"FE_AR1","FR",2023,11.4248122229281,0.0223012244313932,0.027675941883163
"DefGDP_s2_FRUK_FE_AR1","DefGDP","FRUK",2,"FE_AR1","FR",2024,11.4105224663489,0.0404445260832915,0.0221913972251249
"DefGDP_s2_FRUK_FE_AR1","DefGDP","FRUK",2,"FE_AR1","UK",1981,10.935119561597,-0.193256468033782,NA
"DefGDP_s2_FRUK_FE_AR1","DefGDP","FRUK",2,"FE_AR1","UK",1982,10.9130948571397,-0.131072571784619,0.0271041787586877
"DefGDP_s2_FRUK_FE_AR1","DefGDP","FRUK",2,"FE_AR1","UK",1983,10.8694281446553,-0.0236158093735632,0.083664602512166
"DefGDP_s2_FRUK_FE_AR1","DefGDP","FRUK",2,"FE_AR1","UK",1984,10.8669214173452,0.0271160627365514,0.0464451544154256
"DefGDP_s2_FRUK_FE_AR1","DefGDP","FRUK",2,"FE_AR1","UK",1985,10.8737719530111,0.0486581739027709,0.026464191290782
"DefGDP_s2_FRUK_FE_AR1","DefGDP","FRUK",2,"FE_AR1","UK",1986,10.9296851103313,0.0383061591556242,-0.00151963251705629
"DefGDP_s2_FRUK_FE_AR1","DefGDP","FRUK",2,"FE_AR1","UK",1987,10.9827813865992,0.0355069731893405,0.00415410907732428
"DefGDP_s2_FRUK_FE_AR1","DefGDP","FRUK",2,"FE_AR1","UK",1988,11.0590381637339,0.000292804233266608,-0.0287689793016391
"DefGDP_s2_FRUK_FE_AR1","DefGDP","FRUK",2,"FE_AR1","UK",1989,11.0820376382381,-0.0215694788094964,-0.0218091335161909
"DefGDP_s2_FRUK_FE_AR1","DefGDP","FRUK",2,"FE_AR1","UK",1990,11.1020461483359,-0.0540809926862043,-0.0364267837290041
"DefGDP_s2_FRUK_FE_AR1","DefGDP","FRUK",2,"FE_AR1","UK",1991,11.0988814647915,-0.0037730555216875,0.0404912103851322
"DefGDP_s2_FRUK_FE_AR1","DefGDP","FRUK",2,"FE_AR1","UK",1992,11.1820392265318,-0.0395078592938809,-0.0364196849724104
"DefGDP_s2_FRUK_FE_AR1","DefGDP","FRUK",2,"FE_AR1","UK",1993,11.2213049033922,-0.0434060515383976,-0.011069618674811
"DefGDP_s2_FRUK_FE_AR1","DefGDP","FRUK",2,"FE_AR1","UK",1994,11.2566386321269,-0.00173834658706618,0.0337886826301855
"DefGDP_s2_FRUK_FE_AR1","DefGDP","FRUK",2,"FE_AR1","UK",1995,11.3394220899842,-0.134296522944069,-0.132873719261182
"DefGDP_s2_FRUK_FE_AR1","DefGDP","FRUK",2,"FE_AR1","UK",1996,11.3399691974884,-0.136646467249115,-0.0267273125388867
"DefGDP_s2_FRUK_FE_AR1","DefGDP","FRUK",2,"FE_AR1","UK",1997,11.3930395573258,-0.155482275066323,-0.0436397355508582
"DefGDP_s2_FRUK_FE_AR1","DefGDP","FRUK",2,"FE_AR1","UK",1998,11.405467961673,-0.166430192682167,-0.0391709020240535
"DefGDP_s2_FRUK_FE_AR1","DefGDP","FRUK",2,"FE_AR1","UK",1999,11.4261711463168,-0.161297503028981,-0.0250775496240591
"DefGDP_s2_FRUK_FE_AR1","DefGDP","FRUK",2,"FE_AR1","UK",2000,11.4344068140042,-0.129625028581927,0.00239391577451026
"DefGDP_s2_FRUK_FE_AR1","DefGDP","FRUK",2,"FE_AR1","UK",2001,11.4493928473259,-0.132421115613237,-0.0263254903605375
"DefGDP_s2_FRUK_FE_AR1","DefGDP","FRUK",2,"FE_AR1","UK",2002,11.4431729191467,-0.088240005069963,0.0201441643403977
"DefGDP_s2_FRUK_FE_AR1","DefGDP","FRUK",2,"FE_AR1","UK",2003,11.4501837794452,-0.05335414893581,0.0188686201745715
"DefGDP_s2_FRUK_FE_AR1","DefGDP","FRUK",2,"FE_AR1","UK",2004,11.4609897045786,-0.0523751891053976,-0.00870583101077065
"DefGDP_s2_FRUK_FE_AR1","DefGDP","FRUK",2,"FE_AR1","UK",2005,11.413275732564,0.0278137109207659,0.0706818089775659
"DefGDP_s2_FRUK_FE_AR1","DefGDP","FRUK",2,"FE_AR1","UK",2006,11.4452042948624,0.00285450040497892,-0.0199104940024972
"DefGDP_s2_FRUK_FE_AR1","DefGDP","FRUK",2,"FE_AR1","UK",2007,11.4296171270632,0.0305143844242721,0.0281780300291106
"DefGDP_s2_FRUK_FE_AR1","DefGDP","FRUK",2,"FE_AR1","UK",2008,11.4187521559862,0.0579877401751236,0.0330122957712813
"DefGDP_s2_FRUK_FE_AR1","DefGDP","FRUK",2,"FE_AR1","UK",2009,11.403275414847,0.0366196075084915,-0.0108422570571347
"DefGDP_s2_FRUK_FE_AR1","DefGDP","FRUK",2,"FE_AR1","UK",2010,11.3989971483363,0.127029742610011,0.0970572890057575
"DefGDP_s2_FRUK_FE_AR1","DefGDP","FRUK",2,"FE_AR1","UK",2011,11.450949777142,0.0786980022690091,-0.0252734306813841
"DefGDP_s2_FRUK_FE_AR1","DefGDP","FRUK",2,"FE_AR1","UK",2012,11.4891301613998,0.0494431936088429,-0.0149696273425659
"DefGDP_s2_FRUK_FE_AR1","DefGDP","FRUK",2,"FE_AR1","UK",2013,11.468804122162,0.120921962101992,0.0804536467017371
"DefGDP_s2_FRUK_FE_AR1","DefGDP","FRUK",2,"FE_AR1","UK",2014,11.478874495669,0.117331204548274,0.0183588740011247
"DefGDP_s2_FRUK_FE_AR1","DefGDP","FRUK",2,"FE_AR1","UK",2015,11.5055107973781,0.0908334523969554,-0.0051999112549859
"DefGDP_s2_FRUK_FE_AR1","DefGDP","FRUK",2,"FE_AR1","UK",2016,11.4951652632591,0.103508914337612,0.029163457820891
"DefGDP_s2_FRUK_FE_AR1","DefGDP","FRUK",2,"FE_AR1","UK",2017,11.5012264813472,0.10277195986318,0.0180518783633623
"DefGDP_s2_FRUK_FE_AR1","DefGDP","FRUK",2,"FE_AR1","UK",2018,11.4951424441037,0.0955627355398736,0.011445837287944
"DefGDP_s2_FRUK_FE_AR1","DefGDP","FRUK",2,"FE_AR1","UK",2019,11.5287471109092,0.0727642110437134,-0.00545207395060962
"DefGDP_s2_FRUK_FE_AR1","DefGDP","FRUK",2,"FE_AR1","UK",2020,11.4491346412808,0.0884264107037787,0.0288702852305031
"DefGDP_s2_FRUK_FE_AR1","DefGDP","FRUK",2,"FE_AR1","UK",2021,11.4335884316246,0.179552057733824,0.107176719150659
"DefGDP_s2_FRUK_FE_AR1","DefGDP","FRUK",2,"FE_AR1","UK",2022,11.467376768788,0.118359423685146,-0.0286005271752619
"DefGDP_s2_FRUK_FE_AR1","DefGDP","FRUK",2,"FE_AR1","UK",2023,11.4656684021634,0.152689223090039,0.0558142815930118
"DefGDP_s2_FRUK_FE_AR1","DefGDP","FRUK",2,"FE_AR1","UK",2024,11.4778187562693,0.143405910466214,0.0184326798308356
"DefGDP_s2_FRUK_POOLED_AR1","DefGDP","FRUK",2,"POOLED_AR1","FR",1981,10.9864731514367,-0.190411945072192,NA
"DefGDP_s2_FRUK_POOLED_AR1","DefGDP","FRUK",2,"POOLED_AR1","FR",1982,11.0106528145327,-0.207101462320335,-0.0531126324411626
"DefGDP_s2_FRUK_POOLED_AR1","DefGDP","FRUK",2,"POOLED_AR1","FR",1983,11.0258842619019,-0.18993570269291,-0.0224498244467603
"DefGDP_s2_FRUK_POOLED_AR1","DefGDP","FRUK",2,"POOLED_AR1","FR",1984,11.0423395411704,-0.171372181477244,-0.0177684955379474
"DefGDP_s2_FRUK_POOLED_AR1","DefGDP","FRUK",2,"POOLED_AR1","FR",1985,11.0503606939633,-0.133105842350462,0.00548526173976052
"DefGDP_s2_FRUK_POOLED_AR1","DefGDP","FRUK",2,"POOLED_AR1","FR",1986,11.0599869690749,-0.120131909350278,-0.0124873342903564
"DefGDP_s2_FRUK_POOLED_AR1","DefGDP","FRUK",2,"POOLED_AR1","FR",1987,11.0337495825317,-0.0696846961740896,0.0274676759892553
"DefGDP_s2_FRUK_POOLED_AR1","DefGDP","FRUK",2,"POOLED_AR1","FR",1988,11.0598499621065,-0.0403886630849133,0.015966335128383
"DefGDP_s2_FRUK_POOLED_AR1","DefGDP","FRUK",2,"POOLED_AR1","FR",1989,11.0742322027682,-0.0270512004557943,0.00561168194095815
"DefGDP_s2_FRUK_POOLED_AR1","DefGDP","FRUK",2,"POOLED_AR1","FR",1990,11.0665209171032,0.00783233503880787,0.0297090229925776
"DefGDP_s2_FRUK_POOLED_AR1","DefGDP","FRUK",2,"POOLED_AR1","FR",1991,11.0826525379908,0.00223657180395698,-0.00409754818725675
"DefGDP_s2_FRUK_POOLED_AR1","DefGDP","FRUK",2,"POOLED_AR1","FR",1992,11.1124361663413,0.0011248741943426,-0.00068387301897696
"DefGDP_s2_FRUK_POOLED_AR1","DefGDP","FRUK",2,"POOLED_AR1","FR",1993,11.1398084339745,-0.0177333737581211,-0.0186430754098868
"DefGDP_s2_FRUK_POOLED_AR1","DefGDP","FRUK",2,"POOLED_AR1","FR",1994,11.139611439515,0.00619696880674248,0.0205381986796255
"DefGDP_s2_FRUK_POOLED_AR1","DefGDP","FRUK",2,"POOLED_AR1","FR",1995,11.1698532072893,0.0113081591573039,0.00629658294034855
"DefGDP_s2_FRUK_POOLED_AR1","DefGDP","FRUK",2,"POOLED_AR1","FR",1996,11.1893460376066,-0.015533457732424,-0.0246785257903153
"DefGDP_s2_FRUK_POOLED_AR1","DefGDP","FRUK",2,"POOLED_AR1","FR",1997,11.2150299457446,0.0110349350696399,0.0235970617749087
"DefGDP_s2_FRUK_POOLED_AR1","DefGDP","FRUK",2,"POOLED_AR1","FR",1998,11.245904366229,0.0135205932009157,0.00459648532248275
"DefGDP_s2_FRUK_POOLED_AR1","DefGDP","FRUK",2,"POOLED_AR1","FR",1999,11.2585800674319,0.0258326295181721,0.0148983347947401
"DefGDP_s2_FRUK_POOLED_AR1","DefGDP","FRUK",2,"POOLED_AR1","FR",2000,11.2826185022358,0.0447676592364683,0.0238764468143836
"DefGDP_s2_FRUK_POOLED_AR1","DefGDP","FRUK",2,"POOLED_AR1","FR",2001,11.2918237493569,0.017835138482317,-0.0183690999631209
"DefGDP_s2_FRUK_POOLED_AR1","DefGDP","FRUK",2,"POOLED_AR1","FR",2002,11.2946374213906,0.0096887999914621,-0.00473472845148154
"DefGDP_s2_FRUK_POOLED_AR1","DefGDP","FRUK",2,"POOLED_AR1","FR",2003,11.278149976878,0.0222830703542876,0.014447600930072
"DefGDP_s2_FRUK_POOLED_AR1","DefGDP","FRUK",2,"POOLED_AR1","FR",2004,11.2675102753809,0.0618927170306378,0.043872083248072
"DefGDP_s2_FRUK_POOLED_AR1","DefGDP","FRUK",2,"POOLED_AR1","FR",2005,11.2891391453478,0.0466959329568173,-0.00335758164793689
"DefGDP_s2_FRUK_POOLED_AR1","DefGDP","FRUK",2,"POOLED_AR1","FR",2006,11.2734944481337,0.0663910357557143,0.0286273751124163
"DefGDP_s2_FRUK_POOLED_AR1","DefGDP","FRUK",2,"POOLED_AR1","FR",2007,11.2779598083343,0.09297511288087,0.0392837443765852
"DefGDP_s2_FRUK_POOLED_AR1","DefGDP","FRUK",2,"POOLED_AR1","FR",2008,11.2921272638078,0.0492162567931462,-0.0259740304284929
"DefGDP_s2_FRUK_POOLED_AR1","DefGDP","FRUK",2,"POOLED_AR1","FR",2009,11.3432534399934,-0.0325421325333419,-0.0723440146670287
"DefGDP_s2_FRUK_POOLED_AR1","DefGDP","FRUK",2,"POOLED_AR1","FR",2010,11.3722346175205,-0.0175571966143657,0.00876008567946494
"DefGDP_s2_FRUK_POOLED_AR1","DefGDP","FRUK",2,"POOLED_AR1","FR",2011,11.4500503654754,-0.0615506793884801,-0.0473519264605601
"DefGDP_s2_FRUK_POOLED_AR1","DefGDP","FRUK",2,"POOLED_AR1","FR",2012,11.4640346062751,-0.0747770735136868,-0.025000169582021
"DefGDP_s2_FRUK_POOLED_AR1","DefGDP","FRUK",2,"POOLED_AR1","FR",2013,11.4738394002206,-0.0651901506079913,-0.00471687490149208
"DefGDP_s2_FRUK_POOLED_AR1","DefGDP","FRUK",2,"POOLED_AR1","FR",2014,11.4780561185215,-0.0606911416958695,-0.0079709459751358
"DefGDP_s2_FRUK_POOLED_AR1","DefGDP","FRUK",2,"POOLED_AR1","FR",2015,11.5025511214546,-0.0408490118343341,0.00823277182285537
"DefGDP_s2_FRUK_POOLED_AR1","DefGDP","FRUK",2,"POOLED_AR1","FR",2016,11.5014439645283,-0.040913605341677,-0.0078784324080426
"DefGDP_s2_FRUK_POOLED_AR1","DefGDP","FRUK",2,"POOLED_AR1","FR",2017,11.4915705235268,-0.0195293564443251,0.0135580541711929
"DefGDP_s2_FRUK_POOLED_AR1","DefGDP","FRUK",2,"POOLED_AR1","FR",2018,11.4842197170232,-0.00887467689898891,0.00691898954360064
"DefGDP_s2_FRUK_POOLED_AR1","DefGDP","FRUK",2,"POOLED_AR1","FR",2019,11.484376860005,-0.0170114309915785,-0.00983435441314806
"DefGDP_s2_FRUK_POOLED_AR1","DefGDP","FRUK",2,"POOLED_AR1","FR",2020,11.42034026163,-0.0957799454881165,-0.0820225609292314
"DefGDP_s2_FRUK_POOLED_AR1","DefGDP","FRUK",2,"POOLED_AR1","FR",2021,11.3983288449756,-0.0291380160678596,0.0483205789063898
"DefGDP_s2_FRUK_POOLED_AR1","DefGDP","FRUK",2,"POOLED_AR1","FR",2022,11.4399189097849,-0.0125685030608729,0.0109958221582674
"DefGDP_s2_FRUK_POOLED_AR1","DefGDP","FRUK",2,"POOLED_AR1","FR",2023,11.4276990582273,0.0194143891322032,0.0295787151094564
"DefGDP_s2_FRUK_POOLED_AR1","DefGDP","FRUK",2,"POOLED_AR1","FR",2024,11.411539111659,0.0394278807732178,0.0237271900200541
"DefGDP_s2_FRUK_POOLED_AR1","DefGDP","FRUK",2,"POOLED_AR1","UK",1981,10.8847091279623,-0.142846034399142,NA
"DefGDP_s2_FRUK_POOLED_AR1","DefGDP","FRUK",2,"POOLED_AR1","UK",1982,10.8685077258984,-0.0864854405433064,0.0290361654235044
"DefGDP_s2_FRUK_POOLED_AR1","DefGDP","FRUK",2,"POOLED_AR1","UK",1983,10.8316060785756,0.0142062567061494,0.0841482542305127
"DefGDP_s2_FRUK_POOLED_AR1","DefGDP","FRUK",2,"POOLED_AR1","UK",1984,10.827785149463,0.0662523306187506,0.0547635301324487
"DefGDP_s2_FRUK_POOLED_AR1","DefGDP","FRUK",2,"POOLED_AR1","UK",1985,10.8303107174121,0.0921194095018194,0.038540213801248
"DefGDP_s2_FRUK_POOLED_AR1","DefGDP","FRUK",2,"POOLED_AR1","UK",1986,10.8892061238022,0.078785145684682,0.00428687787397682
"DefGDP_s2_FRUK_POOLED_AR1","DefGDP","FRUK",2,"POOLED_AR1","UK",1987,10.9365960294565,0.0816923303319683,0.0179776700398077
"DefGDP_s2_FRUK_POOLED_AR1","DefGDP","FRUK",2,"POOLED_AR1","UK",1988,11.0153865569466,0.0439444110206093,-0.022121330564842
"DefGDP_s2_FRUK_POOLED_AR1","DefGDP","FRUK",2,"POOLED_AR1","UK",1989,11.0370318167136,0.0234363427150281,-0.0121021232684343
"DefGDP_s2_FRUK_POOLED_AR1","DefGDP","FRUK",2,"POOLED_AR1","UK",1990,11.0539003140046,-0.00593515835486436,-0.0248884597875353
"DefGDP_s2_FRUK_POOLED_AR1","DefGDP","FRUK",2,"POOLED_AR1","UK",1991,11.0501633764574,0.0449450328124321,0.0497448792184265
"DefGDP_s2_FRUK_POOLED_AR1","DefGDP","FRUK",2,"POOLED_AR1","UK",1992,11.1359566103703,0.00657475686757181,-0.0297729260944577
"DefGDP_s2_FRUK_POOLED_AR1","DefGDP","FRUK",2,"POOLED_AR1","UK",1993,11.1781975781761,-0.00029872632232042,-0.00561582508098065
"DefGDP_s2_FRUK_POOLED_AR1","DefGDP","FRUK",2,"POOLED_AR1","UK",1994,11.2093677994254,0.0455324861144444,0.0457740703113328
"DefGDP_s2_FRUK_POOLED_AR1","DefGDP","FRUK",2,"POOLED_AR1","UK",1995,11.2838504814243,-0.07872491438415,-0.115547679130315
"DefGDP_s2_FRUK_POOLED_AR1","DefGDP","FRUK",2,"POOLED_AR1","UK",1996,11.2814372888345,-0.0781145585952441,-0.0144486082066953
"DefGDP_s2_FRUK_POOLED_AR1","DefGDP","FRUK",2,"POOLED_AR1","UK",1997,11.3394935679826,-0.101936285723093,-0.038763938683368
"DefGDP_s2_FRUK_POOLED_AR1","DefGDP","FRUK",2,"POOLED_AR1","UK",1998,11.3565381258155,-0.117500356824667,-0.0350630425333986
"DefGDP_s2_FRUK_POOLED_AR1","DefGDP","FRUK",2,"POOLED_AR1","UK",1999,11.3844851077859,-0.119611464498069,-0.0245872660374333
"DefGDP_s2_FRUK_POOLED_AR1","DefGDP","FRUK",2,"POOLED_AR1","UK",2000,11.3970831614269,-0.0923013760046043,0.00443010505457272
"DefGDP_s2_FRUK_POOLED_AR1","DefGDP","FRUK",2,"POOLED_AR1","UK",2001,11.4173947833709,-0.100423051658222,-0.0257776249661218
"DefGDP_s2_FRUK_POOLED_AR1","DefGDP","FRUK",2,"POOLED_AR1","UK",2002,11.4152526452659,-0.0603197311892245,0.0208938093367244
"DefGDP_s2_FRUK_POOLED_AR1","DefGDP","FRUK",2,"POOLED_AR1","UK",2003,11.4226241005833,-0.025794470073917,0.0229869486597304
"DefGDP_s2_FRUK_POOLED_AR1","DefGDP","FRUK",2,"POOLED_AR1","UK",2004,11.4346061964469,-0.0259916809737106,-0.00513132863326347
"DefGDP_s2_FRUK_POOLED_AR1","DefGDP","FRUK",2,"POOLED_AR1","UK",2005,11.3771064567026,0.0639829867821771,0.0850028263632337
"DefGDP_s2_FRUK_POOLED_AR1","DefGDP","FRUK",2,"POOLED_AR1","UK",2006,11.4184927074006,0.0295660878668098,-0.0221778574147032
"DefGDP_s2_FRUK_POOLED_AR1","DefGDP","FRUK",2,"POOLED_AR1","UK",2007,11.4043770318734,0.0557544796141443,0.0318439666839356
"DefGDP_s2_FRUK_POOLED_AR1","DefGDP","FRUK",2,"POOLED_AR1","UK",2008,11.390719801164,0.0860200949972807,0.0409306597045047
"DefGDP_s2_FRUK_POOLED_AR1","DefGDP","FRUK",2,"POOLED_AR1","UK",2009,11.372631029604,0.067263992751478,-0.00230167325600059
"DefGDP_s2_FRUK_POOLED_AR1","DefGDP","FRUK",2,"POOLED_AR1","UK",2010,11.3684431736384,0.157583717307853,0.103186376149061
"DefGDP_s2_FRUK_POOLED_AR1","DefGDP","FRUK",2,"POOLED_AR1","UK",2011,11.4206785772422,0.108969202168794,-0.0184709761616483
"DefGDP_s2_FRUK_POOLED_AR1","DefGDP","FRUK",2,"POOLED_AR1","UK",2012,11.4613696969696,0.0772036580389859,-0.0109212751340751
"DefGDP_s2_FRUK_POOLED_AR1","DefGDP","FRUK",2,"POOLED_AR1","UK",2013,11.4444845001015,0.145241584162488,0.08280589527066
"DefGDP_s2_FRUK_POOLED_AR1","DefGDP","FRUK",2,"POOLED_AR1","UK",2014,11.45768065342,0.138525046797254,0.0210661258955258
"DefGDP_s2_FRUK_POOLED_AR1","DefGDP","FRUK",2,"POOLED_AR1","UK",2015,11.482086798865,0.11425745091007,0.00223028865835796
"DefGDP_s2_FRUK_POOLED_AR1","DefGDP","FRUK",2,"POOLED_AR1","UK",2016,11.4744201882688,0.124253989327856,0.0318523746920309
"DefGDP_s2_FRUK_POOLED_AR1","DefGDP","FRUK",2,"POOLED_AR1","UK",2017,11.4781134426927,0.12588499851773,0.0253990420449811
"DefGDP_s2_FRUK_POOLED_AR1","DefGDP","FRUK",2,"POOLED_AR1","UK",2018,11.4715885729319,0.119116606711733,0.0173116300662974
"DefGDP_s2_FRUK_POOLED_AR1","DefGDP","FRUK",2,"POOLED_AR1","UK",2019,11.5041498153706,0.0973615065823008,0.001030224005659
"DefGDP_s2_FRUK_POOLED_AR1","DefGDP","FRUK",2,"POOLED_AR1","UK",2020,11.420626462583,0.116934589401573,0.0381969636281611
"DefGDP_s2_FRUK_POOLED_AR1","DefGDP","FRUK",2,"POOLED_AR1","UK",2021,11.4076265309645,0.205513958393922,0.110947304040789
"DefGDP_s2_FRUK_POOLED_AR1","DefGDP","FRUK",2,"POOLED_AR1","UK",2022,11.4470499038117,0.138686288661447,-0.0275157527331647
"DefGDP_s2_FRUK_POOLED_AR1","DefGDP","FRUK",2,"POOLED_AR1","UK",2023,11.4455894267657,0.172768198487708,0.060610637662601
"DefGDP_s2_FRUK_POOLED_AR1","DefGDP","FRUK",2,"POOLED_AR1","UK",2024,11.4594153901577,0.161809276577864,0.0220891938101161
"DefGDP_s2_GIS_FE_AR1","DefGDP","GIS",2,"FE_AR1","DE",1991,11.166698654795,-0.152053729816091,NA
"DefGDP_s2_GIS_FE_AR1","DefGDP","GIS",2,"FE_AR1","DE",1992,11.1727209737728,-0.121860503206909,0.00121225345657922
"DefGDP_s2_GIS_FE_AR1","DefGDP","GIS",2,"FE_AR1","DE",1993,11.1607284210512,-0.143089350553227,-0.0444550843881428
"DefGDP_s2_GIS_FE_AR1","DefGDP","GIS",2,"FE_AR1","DE",1994,11.1769279321929,-0.107606318033897,0.00821064247784938
"DefGDP_s2_GIS_FE_AR1","DefGDP","GIS",2,"FE_AR1","DE",1995,11.2058768725438,-0.112462876062658,-0.0253659912255834
"DefGDP_s2_GIS_FE_AR1","DefGDP","GIS",2,"FE_AR1","DE",1996,11.2096750600981,-0.105474212956747,-0.014446415111364
"DefGDP_s2_GIS_FE_AR1","DefGDP","GIS",2,"FE_AR1","DE",1997,11.204638018486,-0.0577005953945875,0.0276705570342227
"DefGDP_s2_GIS_FE_AR1","DefGDP","GIS",2,"FE_AR1","DE",1998,11.2095286807462,-0.039325998874423,0.00737704053753732
"DefGDP_s2_GIS_FE_AR1","DefGDP","GIS",2,"FE_AR1","DE",1999,11.20319449094,-0.0261991415611575,0.00563144290312631
"DefGDP_s2_GIS_FE_AR1","DefGDP","GIS",2,"FE_AR1","DE",2000,11.2035172051637,0.0167917484565141,0.0379974142303727
"DefGDP_s2_GIS_FE_AR1","DefGDP","GIS",2,"FE_AR1","DE",2001,11.2152222914194,0.00986948442053759,-0.00372180843523535
"DefGDP_s2_GIS_FE_AR1","DefGDP","GIS",2,"FE_AR1","DE",2002,11.2270372849784,-0.0133166425763669,-0.0213050336270307
"DefGDP_s2_GIS_FE_AR1","DefGDP","GIS",2,"FE_AR1","DE",2003,11.2526067304102,-0.0138992694818256,-0.00312073801562536
"DefGDP_s2_GIS_FE_AR1","DefGDP","GIS",2,"FE_AR1","DE",2004,11.2913808632364,-0.0134652785963869,-0.00221516712062125
"DefGDP_s2_GIS_FE_AR1","DefGDP","GIS",2,"FE_AR1","DE",2005,11.3036767111761,-0.000994858403874588,0.00990397951416661
"DefGDP_s2_GIS_FE_AR1","DefGDP","GIS",2,"FE_AR1","DE",2006,11.3275143373451,0.0523649147981029,0.0531701562505998
"DefGDP_s2_GIS_FE_AR1","DefGDP","GIS",2,"FE_AR1","DE",2007,11.3790050850636,0.0236164999332953,-0.0187678231901564
"DefGDP_s2_GIS_FE_AR1","DefGDP","GIS",2,"FE_AR1","DE",2008,11.389174244518,-0.0408809404012924,-0.059996208096792
"DefGDP_s2_GIS_FE_AR1","DefGDP","GIS",2,"FE_AR1","DE",2009,11.272067452177,-0.086106463080931,-0.0530173041614607
"DefGDP_s2_GIS_FE_AR1","DefGDP","GIS",2,"FE_AR1","DE",2010,11.305585699297,0.0530738072093602,0.122768643309274
"DefGDP_s2_GIS_FE_AR1","DefGDP","GIS",2,"FE_AR1","DE",2011,11.3725788829781,0.0386064987230714,-0.00435160409875913
"DefGDP_s2_GIS_FE_AR1","DefGDP","GIS",2,"FE_AR1","DE",2012,11.3637327306769,0.0309308766589762,-0.000317342169464725
"DefGDP_s2_GIS_FE_AR1","DefGDP","GIS",2,"FE_AR1","DE",2013,11.3671457741668,0.0134749448808531,-0.0115606018370263
"DefGDP_s2_GIS_FE_AR1","DefGDP","GIS",2,"FE_AR1","DE",2014,11.3706224451947,0.0432135667394498,0.032306904901026
"DefGDP_s2_GIS_FE_AR1","DefGDP","GIS",2,"FE_AR1","DE",2015,11.3292516644421,0.0985189364591577,0.0635417426059169
"DefGDP_s2_GIS_FE_AR1","DefGDP","GIS",2,"FE_AR1","DE",2016,11.3213483798087,0.140166170629032,0.0604246403933131
"DefGDP_s2_GIS_FE_AR1","DefGDP","GIS",2,"FE_AR1","DE",2017,11.3239126169962,0.143804632811053,0.0303537031222878
"DefGDP_s2_GIS_FE_AR1","DefGDP","GIS",2,"FE_AR1","DE",2018,11.3265921637229,0.118779275091674,0.00238336292008001
"DefGDP_s2_GIS_FE_AR1","DefGDP","GIS",2,"FE_AR1","DE",2019,11.2971701561359,0.127281418808554,0.0311411081584688
"DefGDP_s2_GIS_FE_AR1","DefGDP","GIS",2,"FE_AR1","DE",2020,11.2516371208587,0.116853938046786,0.0138319661178145
"DefGDP_s2_GIS_FE_AR1","DefGDP","GIS",2,"FE_AR1","DE",2021,11.3417817624928,0.080141164420068,-0.0144407725031294
"DefGDP_s2_GIS_FE_AR1","DefGDP","GIS",2,"FE_AR1","DE",2022,11.3753014606477,0.0349495861973246,-0.0299169188159308
"DefGDP_s2_GIS_FE_AR1","DefGDP","GIS",2,"FE_AR1","DE",2023,11.3683699406522,0.0513289292827466,0.0230406267021034
"DefGDP_s2_GIS_FE_AR1","DefGDP","GIS",2,"FE_AR1","DE",2024,11.3309091496746,0.0927049079015223,0.0511591146411168
"DefGDP_s2_GIS_FE_AR1","DefGDP","GIS",2,"FE_AR1","ES",1985,10.899633499862,0.0451428069058935,NA
"DefGDP_s2_GIS_FE_AR1","DefGDP","GIS",2,"FE_AR1","ES",1986,10.9135546690421,0.0727477524538713,0.0362090256751487
"DefGDP_s2_GIS_FE_AR1","DefGDP","GIS",2,"FE_AR1","ES",1987,10.9023769441524,0.0749699713916012,0.0160877167675287
"DefGDP_s2_GIS_FE_AR1","DefGDP","GIS",2,"FE_AR1","ES",1988,10.9182416577603,0.0713391887438437,0.0106582632755438
"DefGDP_s2_GIS_FE_AR1","DefGDP","GIS",2,"FE_AR1","ES",1989,10.9107958877063,0.0749769677829768,0.017234808958849
"DefGDP_s2_GIS_FE_AR1","DefGDP","GIS",2,"FE_AR1","ES",1990,10.93302369853,-0.0166242343542073,-0.077310822723209
"DefGDP_s2_GIS_FE_AR1","DefGDP","GIS",2,"FE_AR1","ES",1991,10.9479636719646,-0.0345183832632863,-0.0210626768372302
"DefGDP_s2_GIS_FE_AR1","DefGDP","GIS",2,"FE_AR1","ES",1992,10.9531423117245,-0.0848588701237887,-0.0569195845244302
"DefGDP_s2_GIS_FE_AR1","DefGDP","GIS",2,"FE_AR1","ES",1993,10.9555211938823,-0.112179119467571,-0.0434940889450355
"DefGDP_s2_GIS_FE_AR1","DefGDP","GIS",2,"FE_AR1","ES",1994,10.9711076084732,-0.0965160671062719,-0.00571794272184956
"DefGDP_s2_GIS_FE_AR1","DefGDP","GIS",2,"FE_AR1","ES",1995,10.9906846309904,-0.0784665353068572,-0.000346133686626227
"DefGDP_s2_GIS_FE_AR1","DefGDP","GIS",2,"FE_AR1","ES",1996,11.0061231207304,-0.0990543038750662,-0.035543248817567
"DefGDP_s2_GIS_FE_AR1","DefGDP","GIS",2,"FE_AR1","ES",1997,11.0065398585334,-0.0946572309469023,-0.0144823726778408
"DefGDP_s2_GIS_FE_AR1","DefGDP","GIS",2,"FE_AR1","ES",1998,11.0064757220436,-0.0984504381963944,-0.0218345842817416
"DefGDP_s2_GIS_FE_AR1","DefGDP","GIS",2,"FE_AR1","ES",1999,10.9973699891809,-0.0984977243837957,-0.0188116368526733
"DefGDP_s2_GIS_FE_AR1","DefGDP","GIS",2,"FE_AR1","ES",2000,10.9849204266913,-0.0718385877645442,0.00788577335212329
"DefGDP_s2_GIS_FE_AR1","DefGDP","GIS",2,"FE_AR1","ES",2001,10.9806271546695,-0.0514816212424254,0.00666475268531742
"DefGDP_s2_GIS_FE_AR1","DefGDP","GIS",2,"FE_AR1","ES",2002,10.9687289942501,-0.0413515187580362,0.000317863844246993
"DefGDP_s2_GIS_FE_AR1","DefGDP","GIS",2,"FE_AR1","ES",2003,10.9802576622584,-0.05942086574996,-0.0259508192609399
"DefGDP_s2_GIS_FE_AR1","DefGDP","GIS",2,"FE_AR1","ES",2004,10.9864490095632,-0.0759096337871323,-0.0278142022576078
"DefGDP_s2_GIS_FE_AR1","DefGDP","GIS",2,"FE_AR1","ES",2005,10.9761110927364,-0.0653944698616531,-0.00395297875980444
"DefGDP_s2_GIS_FE_AR1","DefGDP","GIS",2,"FE_AR1","ES",2006,10.9693763935438,-0.036346864289019,0.0165836207846155
"DefGDP_s2_GIS_FE_AR1","DefGDP","GIS",2,"FE_AR1","ES",2007,10.9790737089059,-0.0261573881447177,0.00326187562167423
"DefGDP_s2_GIS_FE_AR1","DefGDP","GIS",2,"FE_AR1","ES",2008,10.9890048454579,-0.033760954528125,-0.0125890840979754
"DefGDP_s2_GIS_FE_AR1","DefGDP","GIS",2,"FE_AR1","ES",2009,10.9613921020079,0.00204062777558534,0.0293668482266888
"DefGDP_s2_GIS_FE_AR1","DefGDP","GIS",2,"FE_AR1","ES",2010,10.9764354609914,0.0173530509849602,0.0157013605859866
"DefGDP_s2_GIS_FE_AR1","DefGDP","GIS",2,"FE_AR1","ES",2011,11.0376655067295,-0.00056669835927714,-0.014612311208263
"DefGDP_s2_GIS_FE_AR1","DefGDP","GIS",2,"FE_AR1","ES",2012,11.0343594473539,0.014511591758394,0.0149702791536803
"DefGDP_s2_GIS_FE_AR1","DefGDP","GIS",2,"FE_AR1","ES",2013,11.061558259223,0.0296239044738229,0.0178781774637663
"DefGDP_s2_GIS_FE_AR1","DefGDP","GIS",2,"FE_AR1","ES",2014,11.0547941719296,0.0725705836327535,0.0485929042220679
"DefGDP_s2_GIS_FE_AR1","DefGDP","GIS",2,"FE_AR1","ES",2015,11.0385969631809,0.102941905749162,0.0442030521139124
"DefGDP_s2_GIS_FE_AR1","DefGDP","GIS",2,"FE_AR1","ES",2016,11.0558851205082,0.0721815590358847,-0.011139936149179
"DefGDP_s2_GIS_FE_AR1","DefGDP","GIS",2,"FE_AR1","ES",2017,11.0475079736824,0.0961746360054843,0.0377506600756642
"DefGDP_s2_GIS_FE_AR1","DefGDP","GIS",2,"FE_AR1","ES",2018,11.0565312821717,0.0595281618472647,-0.0183158843896724
"DefGDP_s2_GIS_FE_AR1","DefGDP","GIS",2,"FE_AR1","ES",2019,11.050153375235,0.0496473138965143,0.00146503657576515
"DefGDP_s2_GIS_FE_AR1","DefGDP","GIS",2,"FE_AR1","ES",2020,11.0350732390461,0.00559244574333029,-0.0345922428504442
"DefGDP_s2_GIS_FE_AR1","DefGDP","GIS",2,"FE_AR1","ES",2021,11.1026255664683,0.0426701561116527,0.0381436133234217
"DefGDP_s2_GIS_FE_AR1","DefGDP","GIS",2,"FE_AR1","ES",2022,11.1375389446443,0.0195247751073691,-0.0150125805120835
"DefGDP_s2_GIS_FE_AR1","DefGDP","GIS",2,"FE_AR1","ES",2023,11.1392179878761,0.0213311928518714,0.00552777981751201
"DefGDP_s2_GIS_FE_AR1","DefGDP","GIS",2,"FE_AR1","ES",2024,11.1409259804575,0.0265837184597082,0.00931818534601482
"DefGDP_s2_GIS_FE_AR1","DefGDP","GIS",2,"FE_AR1","IT",1981,11.0503828505073,-0.129650249788599,NA
"DefGDP_s2_GIS_FE_AR1","DefGDP","GIS",2,"FE_AR1","IT",1982,11.0196064726706,-0.11609515758488,-0.0111558465736212
"DefGDP_s2_GIS_FE_AR1","DefGDP","GIS",2,"FE_AR1","IT",1983,11.005864488625,-0.121943431850502,-0.0279756541673449
"DefGDP_s2_GIS_FE_AR1","DefGDP","GIS",2,"FE_AR1","IT",1984,10.9883383201976,-0.0319297309095354,0.0667716579547797
"DefGDP_s2_GIS_FE_AR1","DefGDP","GIS",2,"FE_AR1","IT",1985,10.9743640673715,0.0158251025187397,0.0416691249397146
"DefGDP_s2_GIS_FE_AR1","DefGDP","GIS",2,"FE_AR1","IT",1986,11.0053562128764,0.00363649594554971,-0.00917239071457548
"DefGDP_s2_GIS_FE_AR1","DefGDP","GIS",2,"FE_AR1","IT",1987,11.0043061454538,0.0314179619297175,0.0284745709247371
"DefGDP_s2_GIS_FE_AR1","DefGDP","GIS",2,"FE_AR1","IT",1988,11.0033235985081,0.0466087804086808,0.0211789853742832
"DefGDP_s2_GIS_FE_AR1","DefGDP","GIS",2,"FE_AR1","IT",1989,11.0159610564089,0.0598640115468694,0.0221387213053373
"DefGDP_s2_GIS_FE_AR1","DefGDP","GIS",2,"FE_AR1","IT",1990,11.0361620861493,-0.0171606366837622,-0.0656147517845181
"DefGDP_s2_GIS_FE_AR1","DefGDP","GIS",2,"FE_AR1","IT",1991,11.0253981694465,-0.0331753949924938,-0.0192855228708058
"DefGDP_s2_GIS_FE_AR1","DefGDP","GIS",2,"FE_AR1","IT",1992,11.0276784671608,-0.0172600033021464,0.00959226345950866
"DefGDP_s2_GIS_FE_AR1","DefGDP","GIS",2,"FE_AR1","IT",1993,11.0240682634856,0.00440823429203263,0.0183785340603141
"DefGDP_s2_GIS_FE_AR1","DefGDP","GIS",2,"FE_AR1","IT",1994,11.0400129466256,0.0415404820444234,0.0379724436477647
"DefGDP_s2_GIS_FE_AR1","DefGDP","GIS",2,"FE_AR1","IT",1995,11.083224651891,0.0490075601980564,0.0153845662437424
"DefGDP_s2_GIS_FE_AR1","DefGDP","GIS",2,"FE_AR1","IT",1996,11.0800704695384,0.0603306099365835,0.0206637399543624
"DefGDP_s2_GIS_FE_AR1","DefGDP","GIS",2,"FE_AR1","IT",1997,11.0529490103314,0.0993199347359326,0.050488153463184
"DefGDP_s2_GIS_FE_AR1","DefGDP","GIS",2,"FE_AR1","IT",1998,11.0489282159958,0.0985987373249149,0.0182088766199299
"DefGDP_s2_GIS_FE_AR1","DefGDP","GIS",2,"FE_AR1","IT",1999,11.0371945451371,0.105431270383407,0.0256251490814603
"DefGDP_s2_GIS_FE_AR1","DefGDP","GIS",2,"FE_AR1","IT",2000,11.0247049569073,0.147979682465943,0.0626432878880939
"DefGDP_s2_GIS_FE_AR1","DefGDP","GIS",2,"FE_AR1","IT",2001,11.0205534704382,0.147267833071941,0.0274926228663188
"DefGDP_s2_GIS_FE_AR1","DefGDP","GIS",2,"FE_AR1","IT",2002,11.0186554970457,0.126459677993381,0.00726064087706665
"DefGDP_s2_GIS_FE_AR1","DefGDP","GIS",2,"FE_AR1","IT",2003,11.02900799273,0.0702336069517866,-0.0321232454335303
"DefGDP_s2_GIS_FE_AR1","DefGDP","GIS",2,"FE_AR1","IT",2004,11.0456445952434,0.0639573808628491,0.00711008334222234
"DefGDP_s2_GIS_FE_AR1","DefGDP","GIS",2,"FE_AR1","IT",2005,11.0490477307656,0.0547778452319818,0.00301054441477762
"DefGDP_s2_GIS_FE_AR1","DefGDP","GIS",2,"FE_AR1","IT",2006,11.0699426109806,0.0455186712069384,0.00118131476760633
"DefGDP_s2_GIS_FE_AR1","DefGDP","GIS",2,"FE_AR1","IT",2007,11.1206204214369,0.0261708671631631,-0.0106720853370657
"DefGDP_s2_GIS_FE_AR1","DefGDP","GIS",2,"FE_AR1","IT",2008,11.1398509891717,-0.0233281245714014,-0.0445109049605451
"DefGDP_s2_GIS_FE_AR1","DefGDP","GIS",2,"FE_AR1","IT",2009,11.0680616927826,-0.0770679819411679,-0.0581861261506906
"DefGDP_s2_GIS_FE_AR1","DefGDP","GIS",2,"FE_AR1","IT",2010,11.064692172687,0.0167524305786557,0.0791314922397116
"DefGDP_s2_GIS_FE_AR1","DefGDP","GIS",2,"FE_AR1","IT",2011,11.1110335507321,-0.017343496142912,-0.030902964987396
"DefGDP_s2_GIS_FE_AR1","DefGDP","GIS",2,"FE_AR1","IT",2012,11.1231332504766,-0.0682627896071448,-0.0542249104767056
"DefGDP_s2_GIS_FE_AR1","DefGDP","GIS",2,"FE_AR1","IT",2013,11.1367709348528,-0.0690487754570501,-0.0137966635578392
"DefGDP_s2_GIS_FE_AR1","DefGDP","GIS",2,"FE_AR1","IT",2014,11.149100810835,-0.0556665208519451,0.000221770412042542
"DefGDP_s2_GIS_FE_AR1","DefGDP","GIS",2,"FE_AR1","IT",2015,11.1338192961889,0.00761225583359426,0.0526689090534842
"DefGDP_s2_GIS_FE_AR1","DefGDP","GIS",2,"FE_AR1","IT",2016,11.1288827836947,0.0427149266724278,0.036553543383762
"DefGDP_s2_GIS_FE_AR1","DefGDP","GIS",2,"FE_AR1","IT",2017,11.1329986686565,0.0572329385070258,0.0226593454579579
"DefGDP_s2_GIS_FE_AR1","DefGDP","GIS",2,"FE_AR1","IT",2018,11.1435774717024,0.0518764144457098,0.00555189795715617
"DefGDP_s2_GIS_FE_AR1","DefGDP","GIS",2,"FE_AR1","IT",2019,11.1381548240275,0.0463997812372039,0.00441085180171254
"DefGDP_s2_GIS_FE_AR1","DefGDP","GIS",2,"FE_AR1","IT",2020,11.0967649656084,-0.00509251936126276,-0.0426486450304745
"DefGDP_s2_GIS_FE_AR1","DefGDP","GIS",2,"FE_AR1","IT",2021,11.2169523045037,0.0155399976965604,0.0196618985332637
"DefGDP_s2_GIS_FE_AR1","DefGDP","GIS",2,"FE_AR1","IT",2022,11.2707274634495,-0.0106212720633234,-0.0231993940033323
"DefGDP_s2_GIS_FE_AR1","DefGDP","GIS",2,"FE_AR1","IT",2023,11.2885520157547,-0.0317303582948139,-0.0231334680134169
"DefGDP_s2_GIS_FE_AR1","DefGDP","GIS",2,"FE_AR1","IT",2024,11.306503907615,-0.0305955047759099,-0.00491285516260414
"DefGDP_s2_GIS_POOLED_AR1","DefGDP","GIS",2,"POOLED_AR1","DE",1991,11.1070526368901,-0.0924077119111928,NA
"DefGDP_s2_GIS_POOLED_AR1","DefGDP","GIS",2,"POOLED_AR1","DE",1992,11.1059491348357,-0.0550886642698245,0.0256079505104654
"DefGDP_s2_GIS_POOLED_AR1","DefGDP","GIS",2,"POOLED_AR1","DE",1993,11.0825757029595,-0.0649366324614675,-0.016829514263205
"DefGDP_s2_GIS_POOLED_AR1","DefGDP","GIS",2,"POOLED_AR1","DE",1994,11.0941907341121,-0.0248691199530509,0.0318379048882124
"DefGDP_s2_GIS_POOLED_AR1","DefGDP","GIS",2,"POOLED_AR1","DE",1995,11.1244241521036,-0.0310101556225444,-0.00929277131261985
"DefGDP_s2_GIS_POOLED_AR1","DefGDP","GIS",2,"POOLED_AR1","DE",1996,11.129357699215,-0.0251568520735574,0.00192329665855505
"DefGDP_s2_GIS_POOLED_AR1","DefGDP","GIS",2,"POOLED_AR1","DE",1997,11.1228433117676,0.0240941113237501,0.0460627626286928
"DefGDP_s2_GIS_POOLED_AR1","DefGDP","GIS",2,"POOLED_AR1","DE",1998,11.1284424107573,0.0417602711144553,0.0207196763442414
"DefGDP_s2_GIS_POOLED_AR1","DefGDP","GIS",2,"POOLED_AR1","DE",1999,11.1225016802022,0.0544936691765532,0.0180257982429857
"DefGDP_s2_GIS_POOLED_AR1","DefGDP","GIS",2,"POOLED_AR1","DE",2000,11.1222809118151,0.0980280418051489,0.0504405132476733
"DefGDP_s2_GIS_POOLED_AR1","DefGDP","GIS",2,"POOLED_AR1","DE",2001,11.135119063118,0.0899727127219272,0.00436804874303155
"DefGDP_s2_GIS_POOLED_AR1","DefGDP","GIS",2,"POOLED_AR1","DE",2002,11.1420413577652,0.0716792846368097,-0.00689092545817287
"DefGDP_s2_GIS_POOLED_AR1","DefGDP","GIS",2,"POOLED_AR1","DE",2003,11.1690404551143,0.0696670058140736,0.00707184464806307
"DefGDP_s2_GIS_POOLED_AR1","DefGDP","GIS",2,"POOLED_AR1","DE",2004,11.2070154608833,0.0709001237567026,0.0100622194865768
"DefGDP_s2_GIS_POOLED_AR1","DefGDP","GIS",2,"POOLED_AR1","DE",2005,11.217958930574,0.0847229221982477,0.0228081765959761
"DefGDP_s2_GIS_POOLED_AR1","DefGDP","GIS",2,"POOLED_AR1","DE",2006,11.2438908914308,0.135988360712355,0.0620026199739315
"DefGDP_s2_GIS_POOLED_AR1","DefGDP","GIS",2,"POOLED_AR1","DE",2007,11.2995833691666,0.103038215830257,-0.015715945830561
"DefGDP_s2_GIS_POOLED_AR1","DefGDP","GIS",2,"POOLED_AR1","DE",2008,11.3127708653542,0.0355224387624755,-0.0544574453676871
"DefGDP_s2_GIS_POOLED_AR1","DefGDP","GIS",2,"POOLED_AR1","DE",2009,11.1932429277153,-0.0072819386192009,-0.0383025157721854
"DefGDP_s2_GIS_POOLED_AR1","DefGDP","GIS",2,"POOLED_AR1","DE",2010,11.2266306821935,0.132028824312927,0.138387901747634
"DefGDP_s2_GIS_POOLED_AR1","DefGDP","GIS",2,"POOLED_AR1","DE",2011,11.2899508353683,0.121234546332913,0.005938117548765
"DefGDP_s2_GIS_POOLED_AR1","DefGDP","GIS",2,"POOLED_AR1","DE",2012,11.2824694088927,0.112194198443232,0.00632405750854186
"DefGDP_s2_GIS_POOLED_AR1","DefGDP","GIS",2,"POOLED_AR1","DE",2013,11.2838718366688,0.0967488823789022,-0.00122662015337383
"DefGDP_s2_GIS_POOLED_AR1","DefGDP","GIS",2,"POOLED_AR1","DE",2014,11.2876350362587,0.126200975675458,0.041713359541677
"DefGDP_s2_GIS_POOLED_AR1","DefGDP","GIS",2,"POOLED_AR1","DE",2015,11.2432901390026,0.184480461898689,0.0742733016048994
"DefGDP_s2_GIS_POOLED_AR1","DefGDP","GIS",2,"POOLED_AR1","DE",2016,11.2354556957305,0.226058854707205,0.0649581363750016
"DefGDP_s2_GIS_POOLED_AR1","DefGDP","GIS",2,"POOLED_AR1","DE",2017,11.2425894099402,0.225127839867067,0.0277180789424354
"DefGDP_s2_GIS_POOLED_AR1","DefGDP","GIS",2,"POOLED_AR1","DE",2018,11.2457707387236,0.199600700090985,0.00300396379769008
"DefGDP_s2_GIS_POOLED_AR1","DefGDP","GIS",2,"POOLED_AR1","DE",2019,11.219120255719,0.205331319225468,0.0310265943059957
"DefGDP_s2_GIS_POOLED_AR1","DefGDP","GIS",2,"POOLED_AR1","DE",2020,11.1722120121163,0.196279046789158,0.0169699607056253
"DefGDP_s2_GIS_POOLED_AR1","DefGDP","GIS",2,"POOLED_AR1","DE",2021,11.2678015351943,0.154121391718576,-0.0172826426482646
"DefGDP_s2_GIS_POOLED_AR1","DefGDP","GIS",2,"POOLED_AR1","DE",2022,11.3026812177077,0.107569829137296,-0.0270193119602413
"DefGDP_s2_GIS_POOLED_AR1","DefGDP","GIS",2,"POOLED_AR1","DE",2023,11.2962213416729,0.123477528261978,0.0295403353119321
"DefGDP_s2_GIS_POOLED_AR1","DefGDP","GIS",2,"POOLED_AR1","DE",2024,11.2600615853435,0.163552472232601,0.0557236089689465
"DefGDP_s2_GIS_POOLED_AR1","DefGDP","GIS",2,"POOLED_AR1","ES",1985,10.9346746344136,0.0101016723542653,NA
"DefGDP_s2_GIS_POOLED_AR1","DefGDP","GIS",2,"POOLED_AR1","ES",1986,10.9466771701572,0.0396252513387889,0.0308037931969375
"DefGDP_s2_GIS_POOLED_AR1","DefGDP","GIS",2,"POOLED_AR1","ES",1987,10.9482389876608,0.0291079278831905,-0.00549550051823391
"DefGDP_s2_GIS_POOLED_AR1","DefGDP","GIS",2,"POOLED_AR1","ES",1988,10.9686168762085,0.0209639702955791,-0.00445502553130249
"DefGDP_s2_GIS_POOLED_AR1","DefGDP","GIS",2,"POOLED_AR1","ES",1989,10.967460232976,0.0183126225132604,5.47692747215889e-06
"DefGDP_s2_GIS_POOLED_AR1","DefGDP","GIS",2,"POOLED_AR1","ES",1990,10.9884235256923,-0.0720240615165153,-0.0880158723081257
"DefGDP_s2_GIS_POOLED_AR1","DefGDP","GIS",2,"POOLED_AR1","ES",1991,11.0051960363801,-0.0917507476787911,-0.0288545042062141
"DefGDP_s2_GIS_POOLED_AR1","DefGDP","GIS",2,"POOLED_AR1","ES",1992,10.9985079914798,-0.130224549879058,-0.0501016403500949
"DefGDP_s2_GIS_POOLED_AR1","DefGDP","GIS",2,"POOLED_AR1","ES",1993,10.9990780837286,-0.155736009313864,-0.0420151940357391
"DefGDP_s2_GIS_POOLED_AR1","DefGDP","GIS",2,"POOLED_AR1","ES",1994,11.0071895208032,-0.132597979436285,0.00340115408947755
"DefGDP_s2_GIS_POOLED_AR1","DefGDP","GIS",2,"POOLED_AR1","ES",1995,11.0314134888375,-0.119195393153952,-0.00340193992465811
"DefGDP_s2_GIS_POOLED_AR1","DefGDP","GIS",2,"POOLED_AR1","ES",1996,11.048085546288,-0.14101672943274,-0.0369273138851126
"DefGDP_s2_GIS_POOLED_AR1","DefGDP","GIS",2,"POOLED_AR1","ES",1997,11.0551552068,-0.143272579213484,-0.0201273085725832
"DefGDP_s2_GIS_POOLED_AR1","DefGDP","GIS",2,"POOLED_AR1","ES",1998,11.0619144081548,-0.153889124307574,-0.0287738942661652
"DefGDP_s2_GIS_POOLED_AR1","DefGDP","GIS",2,"POOLED_AR1","ES",1999,11.0532482927551,-0.154376027958033,-0.0199897183493843
"DefGDP_s2_GIS_POOLED_AR1","DefGDP","GIS",2,"POOLED_AR1","ES",2000,11.0353659692378,-0.122284130311025,0.0125273762373996
"DefGDP_s2_GIS_POOLED_AR1","DefGDP","GIS",2,"POOLED_AR1","ES",2001,11.0332589555603,-0.104113422133166,0.00267328596036398
"DefGDP_s2_GIS_POOLED_AR1","DefGDP","GIS",2,"POOLED_AR1","ES",2002,11.0183314995061,-0.0909540240139961,-3.51975916730446e-05
"DefGDP_s2_GIS_POOLED_AR1","DefGDP","GIS",2,"POOLED_AR1","ES",2003,11.0273268673344,-0.106490070825956,-0.0270629138628185
"DefGDP_s2_GIS_POOLED_AR1","DefGDP","GIS",2,"POOLED_AR1","ES",2004,11.0155941928923,-0.105054817116166,-0.0120605415774911
"DefGDP_s2_GIS_POOLED_AR1","DefGDP","GIS",2,"POOLED_AR1","ES",2005,11.0007248269426,-0.0900082040679457,0.0017327116229902
"DefGDP_s2_GIS_POOLED_AR1","DefGDP","GIS",2,"POOLED_AR1","ES",2006,10.9930003788936,-0.0599708496387628,0.0186303538811024
"DefGDP_s2_GIS_POOLED_AR1","DefGDP","GIS",2,"POOLED_AR1","ES",2007,11.0032361153136,-0.0503197945524025,0.00205077551426903
"DefGDP_s2_GIS_POOLED_AR1","DefGDP","GIS",2,"POOLED_AR1","ES",2008,11.0158198598921,-0.0605759689623149,-0.016633347801854
"DefGDP_s2_GIS_POOLED_AR1","DefGDP","GIS",2,"POOLED_AR1","ES",2009,10.9869407112814,-0.0235079814979162,0.0293910193667793
"DefGDP_s2_GIS_POOLED_AR1","DefGDP","GIS",2,"POOLED_AR1","ES",2010,10.9965007136405,-0.00271220166408526,0.0178165452117451
"DefGDP_s2_GIS_POOLED_AR1","DefGDP","GIS",2,"POOLED_AR1","ES",2011,11.0527930006043,-0.0156941922341467,-0.013325715746995
"DefGDP_s2_GIS_POOLED_AR1","DefGDP","GIS",2,"POOLED_AR1","ES",2012,11.0520344742226,-0.00316343511026851,0.0105417866597919
"DefGDP_s2_GIS_POOLED_AR1","DefGDP","GIS",2,"POOLED_AR1","ES",2013,11.0772741824703,0.0139079812265344,0.0166705050375461
"DefGDP_s2_GIS_POOLED_AR1","DefGDP","GIS",2,"POOLED_AR1","ES",2014,11.0682436499727,0.0591211055897354,0.046975723129798
"DefGDP_s2_GIS_POOLED_AR1","DefGDP","GIS",2,"POOLED_AR1","ES",2015,11.058313835932,0.0832250329981097,0.0315965164545478
"DefGDP_s2_GIS_POOLED_AR1","DefGDP","GIS",2,"POOLED_AR1","ES",2016,11.0757637402664,0.0523029392776841,-0.0203747440998642
"DefGDP_s2_GIS_POOLED_AR1","DefGDP","GIS",2,"POOLED_AR1","ES",2017,11.0682394861962,0.0754431234917199,0.0297686872842269
"DefGDP_s2_GIS_POOLED_AR1","DefGDP","GIS",2,"POOLED_AR1","ES",2018,11.0806055382562,0.0354539057627541,-0.0304280920523628
"DefGDP_s2_GIS_POOLED_AR1","DefGDP","GIS",2,"POOLED_AR1","ES",2019,11.0791218298127,0.020678859318819,-0.0102818702201096
"DefGDP_s2_GIS_POOLED_AR1","DefGDP","GIS",2,"POOLED_AR1","ES",2020,11.067652450073,-0.0269867652836417,-0.0450449328330151
"DefGDP_s2_GIS_POOLED_AR1","DefGDP","GIS",2,"POOLED_AR1","ES",2021,11.136318871543,0.00897685103696055,0.0325435053477288
"DefGDP_s2_GIS_POOLED_AR1","DefGDP","GIS",2,"POOLED_AR1","ES",2022,11.1770492880435,-0.0199855682917889,-0.0278247569816444
"DefGDP_s2_GIS_POOLED_AR1","DefGDP","GIS",2,"POOLED_AR1","ES",2023,11.1801816768374,-0.0196324961093577,-0.00217975680598015
"DefGDP_s2_GIS_POOLED_AR1","DefGDP","GIS",2,"POOLED_AR1","ES",2024,11.1831835483178,-0.015673849400633,0.00147056358120693
"DefGDP_s2_GIS_POOLED_AR1","DefGDP","GIS",2,"POOLED_AR1","IT",1981,11.0882255385137,-0.167492937794993,NA
"DefGDP_s2_GIS_POOLED_AR1","DefGDP","GIS",2,"POOLED_AR1","IT",1982,11.0505798351027,-0.147068520016996,-0.000802447628458658
"DefGDP_s2_GIS_POOLED_AR1","DefGDP","GIS",2,"POOLED_AR1","IT",1983,11.0333664326621,-0.149445375887554,-0.0210152756214164
"DefGDP_s2_GIS_POOLED_AR1","DefGDP","GIS",2,"POOLED_AR1","IT",1984,11.0201597851292,-0.063751195841137,0.0667545344628815
"DefGDP_s2_GIS_POOLED_AR1","DefGDP","GIS",2,"POOLED_AR1","IT",1985,11.004245635116,-0.0140564652257904,0.0416153568134687
"DefGDP_s2_GIS_POOLED_AR1","DefGDP","GIS",2,"POOLED_AR1","IT",1986,11.0356303917689,-0.0266376829470474,-0.0143626342953909
"DefGDP_s2_GIS_POOLED_AR1","DefGDP","GIS",2,"POOLED_AR1","IT",1987,11.0381332495409,-0.00240914215743793,0.0208526700329039
"DefGDP_s2_GIS_POOLED_AR1","DefGDP","GIS",2,"POOLED_AR1","IT",1988,11.0449254234993,0.00500695541745166,0.00711078000750925
"DefGDP_s2_GIS_POOLED_AR1","DefGDP","GIS",2,"POOLED_AR1","IT",1989,11.0533778190436,0.0224472489122096,0.0180748394651227
"DefGDP_s2_GIS_POOLED_AR1","DefGDP","GIS",2,"POOLED_AR1","IT",1990,11.0700301420307,-0.0510286925651897,-0.0706311365699357
"DefGDP_s2_GIS_POOLED_AR1","DefGDP","GIS",2,"POOLED_AR1","IT",1991,11.0589025037312,-0.0666797292771548,-0.0221180508034756
"DefGDP_s2_GIS_POOLED_AR1","DefGDP","GIS",2,"POOLED_AR1","IT",1992,11.0572012673881,-0.0467828035293678,0.0114464104165824
"DefGDP_s2_GIS_POOLED_AR1","DefGDP","GIS",2,"POOLED_AR1","IT",1993,11.0474903837868,-0.0190138860092226,0.0218399972508618
"DefGDP_s2_GIS_POOLED_AR1","DefGDP","GIS",2,"POOLED_AR1","IT",1994,11.0652958536179,0.0162575750521068,0.0328617761845529
"DefGDP_s2_GIS_POOLED_AR1","DefGDP","GIS",2,"POOLED_AR1","IT",1995,11.1068708685613,0.0253613435277771,0.0111641380769774
"DefGDP_s2_GIS_POOLED_AR1","DefGDP","GIS",2,"POOLED_AR1","IT",1996,11.0992644720293,0.0411366074456563,0.0189893804811097
"DefGDP_s2_GIS_POOLED_AR1","DefGDP","GIS",2,"POOLED_AR1","IT",1997,11.0740924334359,0.0781765116314119,0.0422532656625
"DefGDP_s2_GIS_POOLED_AR1","DefGDP","GIS",2,"POOLED_AR1","IT",1998,11.0673085243271,0.0802184289935592,0.0119494532391366
"DefGDP_s2_GIS_POOLED_AR1","DefGDP","GIS",2,"POOLED_AR1","IT",1999,11.050080879923,0.0925449355975232,0.0224928205857976
"DefGDP_s2_GIS_POOLED_AR1","DefGDP","GIS",2,"POOLED_AR1","IT",2000,11.0369258878977,0.135758751475496,0.054942303764323
"DefGDP_s2_GIS_POOLED_AR1","DefGDP","GIS",2,"POOLED_AR1","IT",2001,11.0460967944045,0.121724509105627,0.00317085763766727
"DefGDP_s2_GIS_POOLED_AR1","DefGDP","GIS",2,"POOLED_AR1","IT",2002,11.0446606696655,0.100454505373614,-0.00584350393167771
"DefGDP_s2_GIS_POOLED_AR1","DefGDP","GIS",2,"POOLED_AR1","IT",2003,11.0530076398385,0.0462339598432777,-0.0414896549440853
"DefGDP_s2_GIS_POOLED_AR1","DefGDP","GIS",2,"POOLED_AR1","IT",2004,11.0692926807982,0.0403092953080399,-6.53008168584532e-05
"DefGDP_s2_GIS_POOLED_AR1","DefGDP","GIS",2,"POOLED_AR1","IT",2005,11.0708530772145,0.0329724987830939,-0.00222828271297782
"DefGDP_s2_GIS_POOLED_AR1","DefGDP","GIS",2,"POOLED_AR1","IT",2006,11.0840580397243,0.0314032424631687,0.00260944400617409
"DefGDP_s2_GIS_POOLED_AR1","DefGDP","GIS",2,"POOLED_AR1","IT",2007,11.1434116020012,0.00337968659886734,-0.0240437319393794
"DefGDP_s2_GIS_POOLED_AR1","DefGDP","GIS",2,"POOLED_AR1","IT",2008,11.1532220786808,-0.0366992140804889,-0.0396505832022459
"DefGDP_s2_GIS_POOLED_AR1","DefGDP","GIS",2,"POOLED_AR1","IT",2009,11.0756337778727,-0.084640067031339,-0.052591850706724
"DefGDP_s2_GIS_POOLED_AR1","DefGDP","GIS",2,"POOLED_AR1","IT",2010,11.0734069614213,0.0080376418443997,0.0819510278913339
"DefGDP_s2_GIS_POOLED_AR1","DefGDP","GIS",2,"POOLED_AR1","IT",2011,11.1151501532708,-0.02146009868164,-0.0284791068817651
"DefGDP_s2_GIS_POOLED_AR1","DefGDP","GIS",2,"POOLED_AR1","IT",2012,11.1266588900148,-0.0717884291452737,-0.0530480309615854
"DefGDP_s2_GIS_POOLED_AR1","DefGDP","GIS",2,"POOLED_AR1","IT",2013,11.1389677123697,-0.0712455529740357,-0.00855507949942294
"DefGDP_s2_GIS_POOLED_AR1","DefGDP","GIS",2,"POOLED_AR1","IT",2014,11.1522649313178,-0.0588306413347457,0.00338575623908187
"DefGDP_s2_GIS_POOLED_AR1","DefGDP","GIS",2,"POOLED_AR1","IT",2015,11.1368403387305,0.0045912132920467,0.0559660769574281
"DefGDP_s2_GIS_POOLED_AR1","DefGDP","GIS",2,"POOLED_AR1","IT",2016,11.1338814122438,0.0377162981233479,0.0337069425972799
"DefGDP_s2_GIS_POOLED_AR1","DefGDP","GIS",2,"POOLED_AR1","IT",2017,11.1383981938041,0.0518334133594394,0.0188970110002579
"DefGDP_s2_GIS_POOLED_AR1","DefGDP","GIS",2,"POOLED_AR1","IT",2018,11.1516343704804,0.043819515667721,-0.00144489900184697
"DefGDP_s2_GIS_POOLED_AR1","DefGDP","GIS",2,"POOLED_AR1","IT",2019,11.1440499421227,0.0405046631420021,0.00223852168515842
"DefGDP_s2_GIS_POOLED_AR1","DefGDP","GIS",2,"POOLED_AR1","IT",2020,11.1053604455473,-0.0136879993001564,-0.0490593890984103
"DefGDP_s2_GIS_POOLED_AR1","DefGDP","GIS",2,"POOLED_AR1","IT",2021,11.2354605653442,-0.00296826314386855,0.00898501633673514
"DefGDP_s2_GIS_POOLED_AR1","DefGDP","GIS",2,"POOLED_AR1","IT",2022,11.2926640117984,-0.0325578204122152,-0.0299657338586872
"DefGDP_s2_GIS_POOLED_AR1","DefGDP","GIS",2,"POOLED_AR1","IT",2023,11.3056211122702,-0.048799454810263,-0.020367781332455
"DefGDP_s2_GIS_POOLED_AR1","DefGDP","GIS",2,"POOLED_AR1","IT",2024,11.3227595954712,-0.0468511926321717,-0.00423623415233756
"DefGDP_s3_FRUK_FE_AR1","DefGDP","FRUK",3,"FE_AR1","FR",1981,10.8678082653733,-0.0717470590087554,NA
"DefGDP_s3_FRUK_FE_AR1","DefGDP","FRUK",3,"FE_AR1","FR",1982,10.8973867596741,-0.093835407461663,-0.0494193716875639
"DefGDP_s3_FRUK_FE_AR1","DefGDP","FRUK",3,"FE_AR1","FR",1983,10.9372833593652,-0.101334800156199,-0.0432446585911517
"DefGDP_s3_FRUK_FE_AR1","DefGDP","FRUK",3,"FE_AR1","FR",1984,10.9623048206424,-0.091337460949223,-0.0286047138362069
"DefGDP_s3_FRUK_FE_AR1","DefGDP","FRUK",3,"FE_AR1","FR",1985,10.9850934884164,-0.0678386368036179,-0.0112948845009486
"DefGDP_s3_FRUK_FE_AR1","DefGDP","FRUK",3,"FE_AR1","FR",1986,10.9865682758891,-0.0467132161644912,-0.00471674466078947
"DefGDP_s3_FRUK_FE_AR1","DefGDP","FRUK",3,"FE_AR1","FR",1987,10.9699790909033,-0.00591420454570013,0.0230042753049104
"DefGDP_s3_FRUK_FE_AR1","DefGDP","FRUK",3,"FE_AR1","FR",1988,10.9997805566969,0.0196807423247041,0.0233420146375539
"DefGDP_s3_FRUK_FE_AR1","DefGDP","FRUK",3,"FE_AR1","FR",1989,11.0258669566784,0.0213140456340337,0.00913040260765952
"DefGDP_s3_FRUK_FE_AR1","DefGDP","FRUK",3,"FE_AR1","FR",1990,11.0373011938105,0.0370520583315006,0.02385729569661
"DefGDP_s3_FRUK_FE_AR1","DefGDP","FRUK",3,"FE_AR1","FR",1991,11.0620949030397,0.0227942067551012,-0.000143396138908757
"DefGDP_s3_FRUK_FE_AR1","DefGDP","FRUK",3,"FE_AR1","FR",1992,11.0806191716173,0.0329418689182948,0.018830791521335
"DefGDP_s3_FRUK_FE_AR1","DefGDP","FRUK",3,"FE_AR1","FR",1993,11.1016599886479,0.0204150715684985,2.19398003781096e-05
"DefGDP_s3_FRUK_FE_AR1","DefGDP","FRUK",3,"FE_AR1","FR",1994,11.1054726740748,0.0403357342468844,0.0276974942737788
"DefGDP_s3_FRUK_FE_AR1","DefGDP","FRUK",3,"FE_AR1","FR",1995,11.1451629695812,0.0359983968653914,0.0110279877638066
"DefGDP_s3_FRUK_FE_AR1","DefGDP","FRUK",3,"FE_AR1","FR",1996,11.1613033661707,0.0125092137035168,-0.00977610509663534
"DefGDP_s3_FRUK_FE_AR1","DefGDP","FRUK",3,"FE_AR1","FR",1997,11.1840043676121,0.0420605132020651,0.0343165068129886
"DefGDP_s3_FRUK_FE_AR1","DefGDP","FRUK",3,"FE_AR1","FR",1998,11.2212572220731,0.0381677373567939,0.0121295793490641
"DefGDP_s3_FRUK_FE_AR1","DefGDP","FRUK",3,"FE_AR1","FR",1999,11.2339362043878,0.0504764925622823,0.0268482127236773
"DefGDP_s3_FRUK_FE_AR1","DefGDP","FRUK",3,"FE_AR1","FR",2000,11.2714742033028,0.0559119581694532,0.0246637686217285
"DefGDP_s3_FRUK_FE_AR1","DefGDP","FRUK",3,"FE_AR1","FR",2001,11.2914537890015,0.0182050988376581,-0.0164079928843497
"DefGDP_s3_FRUK_FE_AR1","DefGDP","FRUK",3,"FE_AR1","FR",2002,11.2980235764251,0.00630264495698185,-0.00496748001282012
"DefGDP_s3_FRUK_FE_AR1","DefGDP","FRUK",3,"FE_AR1","FR",2003,11.2874031346366,0.0130299125957087,0.0091281707299329
"DefGDP_s3_FRUK_FE_AR1","DefGDP","FRUK",3,"FE_AR1","FR",2004,11.2823672423006,0.0470357501109486,0.0389693976781087
"DefGDP_s3_FRUK_FE_AR1","DefGDP","FRUK",3,"FE_AR1","FR",2005,11.311883573566,0.023951504738644,-0.00516664433189186
"DefGDP_s3_FRUK_FE_AR1","DefGDP","FRUK",3,"FE_AR1","FR",2006,11.2361246320616,0.10376085182777,0.088933332679072
"DefGDP_s3_FRUK_FE_AR1","DefGDP","FRUK",3,"FE_AR1","FR",2007,11.2253694887431,0.145565432472141,0.0813308036189803
"DefGDP_s3_FRUK_FE_AR1","DefGDP","FRUK",3,"FE_AR1","FR",2008,11.3074531726526,0.0338903479482902,-0.056224000228209
"DefGDP_s3_FRUK_FE_AR1","DefGDP","FRUK",3,"FE_AR1","FR",2009,11.3526506225391,-0.0419393150790057,-0.0629196162601904
"DefGDP_s3_FRUK_FE_AR1","DefGDP","FRUK",3,"FE_AR1","FR",2010,11.3755604970404,-0.0208830761343464,0.00508005245414408
"DefGDP_s3_FRUK_FE_AR1","DefGDP","FRUK",3,"FE_AR1","FR",2011,11.4617624004061,-0.0732627143192097,-0.060334749473387
"DefGDP_s3_FRUK_FE_AR1","DefGDP","FRUK",3,"FE_AR1","FR",2012,11.4374321128527,-0.0481745800913309,-0.00282025637316263
"DefGDP_s3_FRUK_FE_AR1","DefGDP","FRUK",3,"FE_AR1","FR",2013,11.4431681032375,-0.0345188536248795,-0.00469569568222936
"DefGDP_s3_FRUK_FE_AR1","DefGDP","FRUK",3,"FE_AR1","FR",2014,11.4424494858258,-0.0250845090002088,-0.00371512245439316
"DefGDP_s3_FRUK_FE_AR1","DefGDP","FRUK",3,"FE_AR1","FR",2015,11.439880830059,0.0218212795613155,0.0373502010881619
"DefGDP_s3_FRUK_FE_AR1","DefGDP","FRUK",3,"FE_AR1","FR",2016,11.4350030642803,0.0255272949062721,0.0120185219053645
"DefGDP_s3_FRUK_FE_AR1","DefGDP","FRUK",3,"FE_AR1","FR",2017,11.4404768499901,0.031564317092359,0.0157612826622704
"DefGDP_s3_FRUK_FE_AR1","DefGDP","FRUK",3,"FE_AR1","FR",2018,11.448879225211,0.0264658149131876,0.00692547616580926
"DefGDP_s3_FRUK_FE_AR1","DefGDP","FRUK",3,"FE_AR1","FR",2019,11.4532113662771,0.0141540627362868,-0.00222997583219822
"DefGDP_s3_FRUK_FE_AR1","DefGDP","FRUK",3,"FE_AR1","FR",2020,11.3848527956207,-0.0602924794787967,-0.0690547530204486
"DefGDP_s3_FRUK_FE_AR1","DefGDP","FRUK",3,"FE_AR1","FR",2021,11.4093175669311,-0.0401267380233641,-0.00280182237612384
"DefGDP_s3_FRUK_FE_AR1","DefGDP","FRUK",3,"FE_AR1","FR",2022,11.4662704988409,-0.0389200921168982,-0.0140790650954819
"DefGDP_s3_FRUK_FE_AR1","DefGDP","FRUK",3,"FE_AR1","FR",2023,11.4487361281529,-0.00162268079344052,0.0224713549437515
"DefGDP_s3_FRUK_FE_AR1","DefGDP","FRUK",3,"FE_AR1","FR",2024,11.4360302557407,0.0149367366915332,0.0159412802807359
"DefGDP_s3_FRUK_FE_AR1","DefGDP","FRUK",3,"FE_AR1","UK",1981,10.9164350151566,-0.174571921593428,NA
"DefGDP_s3_FRUK_FE_AR1","DefGDP","FRUK",3,"FE_AR1","UK",1982,10.8854962936295,-0.103474008274352,0.00459721891979221
"DefGDP_s3_FRUK_FE_AR1","DefGDP","FRUK",3,"FE_AR1","UK",1983,10.8382366686887,0.00757566659295783,0.0716327208708509
"DefGDP_s3_FRUK_FE_AR1","DefGDP","FRUK",3,"FE_AR1","UK",1984,10.8342948414168,0.0597426386649733,0.0550528146770047
"DefGDP_s3_FRUK_FE_AR1","DefGDP","FRUK",3,"FE_AR1","UK",1985,10.8437032371877,0.0787268897261981,0.0417423608431576
"DefGDP_s3_FRUK_FE_AR1","DefGDP","FRUK",3,"FE_AR1","UK",1986,10.8971923579206,0.0707989115663246,0.0220619124645823
"DefGDP_s3_FRUK_FE_AR1","DefGDP","FRUK",3,"FE_AR1","UK",1987,10.9425935311732,0.0756948286152692,0.0318657569802437
"DefGDP_s3_FRUK_FE_AR1","DefGDP","FRUK",3,"FE_AR1","UK",1988,11.0169917274961,0.0423392404710832,-0.00452071814101566
"DefGDP_s3_FRUK_FE_AR1","DefGDP","FRUK",3,"FE_AR1","UK",1989,11.0289563079798,0.0315118514487676,0.00530114336688889
"DefGDP_s3_FRUK_FE_AR1","DefGDP","FRUK",3,"FE_AR1","UK",1990,11.0439876603265,0.00397749532324276,-0.0155303638223949
"DefGDP_s3_FRUK_FE_AR1","DefGDP","FRUK",3,"FE_AR1","UK",1991,11.0232223740099,0.0718860352599169,0.069423710294835
"DefGDP_s3_FRUK_FE_AR1","DefGDP","FRUK",3,"FE_AR1","UK",1992,11.1102710973834,0.032260269854465,-0.0122418011415459
"DefGDP_s3_FRUK_FE_AR1","DefGDP","FRUK",3,"FE_AR1","UK",1993,11.1521025781303,0.0257962737234934,0.00582509553536515
"DefGDP_s3_FRUK_FE_AR1","DefGDP","FRUK",3,"FE_AR1","UK",1994,11.1854958368229,0.0694044487168686,0.0534348991301557
"DefGDP_s3_FRUK_FE_AR1","DefGDP","FRUK",3,"FE_AR1","UK",1995,11.2701614533893,-0.0650358863492109,-0.108001695954227
"DefGDP_s3_FRUK_FE_AR1","DefGDP","FRUK",3,"FE_AR1","UK",1996,11.2681319334972,-0.0648092032579015,-0.0245478142254356
"DefGDP_s3_FRUK_FE_AR1","DefGDP","FRUK",3,"FE_AR1","UK",1997,11.3238724966793,-0.086315214419816,-0.0461941567741984
"DefGDP_s3_FRUK_FE_AR1","DefGDP","FRUK",3,"FE_AR1","UK",1998,11.3290662087819,-0.0900284397910642,-0.0365937805243794
"DefGDP_s3_FRUK_FE_AR1","DefGDP","FRUK",3,"FE_AR1","UK",1999,11.3624323275195,-0.097558684231748,-0.0418253000667154
"DefGDP_s3_FRUK_FE_AR1","DefGDP","FRUK",3,"FE_AR1","UK",2000,11.3873736888492,-0.0825919034269127,-0.0221968145023261
"DefGDP_s3_FRUK_FE_AR1","DefGDP","FRUK",3,"FE_AR1","UK",2001,11.4149904951604,-0.0980187634477421,-0.0468890727267186
"DefGDP_s3_FRUK_FE_AR1","DefGDP","FRUK",3,"FE_AR1","UK",2002,11.4365399827689,-0.0816070686921666,-0.0209271611952393
"DefGDP_s3_FRUK_FE_AR1","DefGDP","FRUK",3,"FE_AR1","UK",2003,11.4528973203189,-0.0560676898094972,-0.00554767501685871
"DefGDP_s3_FRUK_FE_AR1","DefGDP","FRUK",3,"FE_AR1","UK",2004,11.4730301924501,-0.0644156769768909,-0.0297061773715368
"DefGDP_s3_FRUK_FE_AR1","DefGDP","FRUK",3,"FE_AR1","UK",2005,11.4449983241744,-0.0039088806896288,0.0359685589231816
"DefGDP_s3_FRUK_FE_AR1","DefGDP","FRUK",3,"FE_AR1","UK",2006,11.478719376179,-0.0306605809115545,-0.0282407328098219
"DefGDP_s3_FRUK_FE_AR1","DefGDP","FRUK",3,"FE_AR1","UK",2007,11.4714661019577,-0.0113345904702413,0.00764627756026678
"DefGDP_s3_FRUK_FE_AR1","DefGDP","FRUK",3,"FE_AR1","UK",2008,11.4506855914556,0.0260543047056903,0.0330711439011417
"DefGDP_s3_FRUK_FE_AR1","DefGDP","FRUK",3,"FE_AR1","UK",2009,11.4392336435276,0.000661378827883752,-0.0154679085027091
"DefGDP_s3_FRUK_FE_AR1","DefGDP","FRUK",3,"FE_AR1","UK",2010,11.4301352977765,0.095891593169819,0.0954821572140409
"DefGDP_s3_FRUK_FE_AR1","DefGDP","FRUK",3,"FE_AR1","UK",2011,11.474692501717,0.0549552776939564,-0.00440777483404037
"DefGDP_s3_FRUK_FE_AR1","DefGDP","FRUK",3,"FE_AR1","UK",2012,11.5028554310739,0.0357179239347349,0.00169707884709943
"DefGDP_s3_FRUK_FE_AR1","DefGDP","FRUK",3,"FE_AR1","UK",2013,11.5043671187826,0.0853589654814346,0.0632472774320591
"DefGDP_s3_FRUK_FE_AR1","DefGDP","FRUK",3,"FE_AR1","UK",2014,11.5123950945233,0.0838106056940155,0.0309679259125234
"DefGDP_s3_FRUK_FE_AR1","DefGDP","FRUK",3,"FE_AR1","UK",2015,11.5358741891889,0.0604700605861872,0.00858591491967237
"DefGDP_s3_FRUK_FE_AR1","DefGDP","FRUK",3,"FE_AR1","UK",2016,11.5234317515568,0.0752424260398907,0.0378075762862546
"DefGDP_s3_FRUK_FE_AR1","DefGDP","FRUK",3,"FE_AR1","UK",2017,11.5435212162414,0.0604772249690448,0.013897332595896
"DefGDP_s3_FRUK_FE_AR1","DefGDP","FRUK",3,"FE_AR1","UK",2018,11.5565892198044,0.0341159598391947,-0.00332332512739236
"DefGDP_s3_FRUK_FE_AR1","DefGDP","FRUK",3,"FE_AR1","UK",2019,11.5957776778177,0.00573364413524935,-0.0153863252909606
"DefGDP_s3_FRUK_FE_AR1","DefGDP","FRUK",3,"FE_AR1","UK",2020,11.5363926451636,0.00116840682098562,-0.00238108700559911
"DefGDP_s3_FRUK_FE_AR1","DefGDP","FRUK",3,"FE_AR1","UK",2021,11.5175313655931,0.0956091237653141,0.0948858049299975
"DefGDP_s3_FRUK_FE_AR1","DefGDP","FRUK",3,"FE_AR1","UK",2022,11.5711991257576,0.0145370667154499,-0.044651119116282
"DefGDP_s3_FRUK_FE_AR1","DefGDP","FRUK",3,"FE_AR1","UK",2023,11.5791074584255,0.0392501668278999,0.0302507892338289
"DefGDP_s3_FRUK_FE_AR1","DefGDP","FRUK",3,"FE_AR1","UK",2024,11.600147811463,0.0210768552725327,-0.00322151790196381
"DefGDP_s3_FRUK_POOLED_AR1","DefGDP","FRUK",3,"POOLED_AR1","FR",1981,10.9723681312267,-0.176306924862207,NA
"DefGDP_s3_FRUK_POOLED_AR1","DefGDP","FRUK",3,"POOLED_AR1","FR",1982,11.0049921263423,-0.201440774129942,-0.0636660624135932
"DefGDP_s3_FRUK_POOLED_AR1","DefGDP","FRUK",3,"POOLED_AR1","FR",1983,11.0294784931624,-0.193529933953434,-0.0361144234432152
"DefGDP_s3_FRUK_POOLED_AR1","DefGDP","FRUK",3,"POOLED_AR1","FR",1984,11.0498062945061,-0.178838934812871,-0.0276053353399218
"DefGDP_s3_FRUK_POOLED_AR1","DefGDP","FRUK",3,"POOLED_AR1","FR",1985,11.0633588441417,-0.146103992528914,-0.00635064644361799
"DefGDP_s3_FRUK_POOLED_AR1","DefGDP","FRUK",3,"POOLED_AR1","FR",1986,11.0667824002345,-0.126927340509923,-0.0127546529254106
"DefGDP_s3_FRUK_POOLED_AR1","DefGDP","FRUK",3,"POOLED_AR1","FR",1987,11.0422087382243,-0.0781438518666651,0.0210432774043196
"DefGDP_s3_FRUK_POOLED_AR1","DefGDP","FRUK",3,"POOLED_AR1","FR",1988,11.0681944797855,-0.0487331807639393,0.0123321839218169
"DefGDP_s3_FRUK_POOLED_AR1","DefGDP","FRUK",3,"POOLED_AR1","FR",1989,11.0861908242421,-0.0390098219296622,-0.00092737034121794
"DefGDP_s3_FRUK_POOLED_AR1","DefGDP","FRUK",3,"POOLED_AR1","FR",1990,11.081178299951,-0.00682504780901816,0.0236591034780957
"DefGDP_s3_FRUK_POOLED_AR1","DefGDP","FRUK",3,"POOLED_AR1","FR",1991,11.1001962257224,-0.0153071159275928,-0.00997369527453176
"DefGDP_s3_FRUK_POOLED_AR1","DefGDP","FRUK",3,"POOLED_AR1","FR",1992,11.1241275720345,-0.0105665314989007,0.00139518518228509
"DefGDP_s3_FRUK_POOLED_AR1","DefGDP","FRUK",3,"POOLED_AR1","FR",1993,11.1523466901981,-0.030271629981657,-0.0220144340023127
"DefGDP_s3_FRUK_POOLED_AR1","DefGDP","FRUK",3,"POOLED_AR1","FR",1994,11.1509727091783,-0.0051643008565776,0.0184914069221519
"DefGDP_s3_FRUK_POOLED_AR1","DefGDP","FRUK",3,"POOLED_AR1","FR",1995,11.1778871032657,0.00327426318094837,0.00730989628093894
"DefGDP_s3_FRUK_POOLED_AR1","DefGDP","FRUK",3,"POOLED_AR1","FR",1996,11.1949390921723,-0.0211265122981477,-0.0236851790447385
"DefGDP_s3_FRUK_POOLED_AR1","DefGDP","FRUK",3,"POOLED_AR1","FR",1997,11.2187652988296,0.00729958198460245,0.023808854911483
"DefGDP_s3_FRUK_POOLED_AR1","DefGDP","FRUK",3,"POOLED_AR1","FR",1998,11.2506899656371,0.00873499379275344,0.0030307493090812
"DefGDP_s3_FRUK_POOLED_AR1","DefGDP","FRUK",3,"POOLED_AR1","FR",1999,11.2655931406207,0.0188195563294258,0.0119936120133913
"DefGDP_s3_FRUK_POOLED_AR1","DefGDP","FRUK",3,"POOLED_AR1","FR",2000,11.2968310850194,0.0305550764528988,0.0158485698880393
"DefGDP_s3_FRUK_POOLED_AR1","DefGDP","FRUK",3,"POOLED_AR1","FR",2001,11.3099441455059,-0.000285257666744698,-0.0241624641523053
"DefGDP_s3_FRUK_POOLED_AR1","DefGDP","FRUK",3,"POOLED_AR1","FR",2002,11.3154720432955,-0.0111458219133524,-0.0109229078512341
"DefGDP_s3_FRUK_POOLED_AR1","DefGDP","FRUK",3,"POOLED_AR1","FR",2003,11.2994765036251,0.000956543607175675,0.00966642498111526
"DefGDP_s3_FRUK_POOLED_AR1","DefGDP","FRUK",3,"POOLED_AR1","FR",2004,11.2881571272591,0.0412458651523515,0.0404983759665141
"DefGDP_s3_FRUK_POOLED_AR1","DefGDP","FRUK",3,"POOLED_AR1","FR",2005,11.3143323103925,0.0215027679120841,-0.010728735106291
"DefGDP_s3_FRUK_POOLED_AR1","DefGDP","FRUK",3,"POOLED_AR1","FR",2006,11.2776056693528,0.0622798145366001,0.0454765173745271
"DefGDP_s3_FRUK_POOLED_AR1","DefGDP","FRUK",3,"POOLED_AR1","FR",2007,11.2752298528161,0.0957050683991429,0.0470366255672238
"DefGDP_s3_FRUK_POOLED_AR1","DefGDP","FRUK",3,"POOLED_AR1","FR",2008,11.3118100591545,0.0295334614464409,-0.0452550825587974
"DefGDP_s3_FRUK_POOLED_AR1","DefGDP","FRUK",3,"POOLED_AR1","FR",2009,11.3642550145815,-0.0535437071213725,-0.0766225744996641
"DefGDP_s3_FRUK_POOLED_AR1","DefGDP","FRUK",3,"POOLED_AR1","FR",2010,11.3885803266869,-0.033902905780808,0.00793872249690832
"DefGDP_s3_FRUK_POOLED_AR1","DefGDP","FRUK",3,"POOLED_AR1","FR",2011,11.4698290991969,-0.0813294131099713,-0.054836051751942
"DefGDP_s3_FRUK_POOLED_AR1","DefGDP","FRUK",3,"POOLED_AR1","FR",2012,11.4720738069785,-0.0828162742170946,-0.0192615587455181
"DefGDP_s3_FRUK_POOLED_AR1","DefGDP","FRUK",3,"POOLED_AR1","FR",2013,11.479188496235,-0.0705392466223529,-0.00582262636140832
"DefGDP_s3_FRUK_POOLED_AR1","DefGDP","FRUK",3,"POOLED_AR1","FR",2014,11.4818660564396,-0.0645010796139527,-0.0093783192590848
"DefGDP_s3_FRUK_POOLED_AR1","DefGDP","FRUK",3,"POOLED_AR1","FR",2015,11.5012990002849,-0.0395968906645621,0.010807355545001
"DefGDP_s3_FRUK_POOLED_AR1","DefGDP","FRUK",3,"POOLED_AR1","FR",2016,11.4986181824715,-0.0380878232848509,-0.00714490824939468
"DefGDP_s3_FRUK_POOLED_AR1","DefGDP","FRUK",3,"POOLED_AR1","FR",2017,11.4935755460595,-0.0215343789769591,0.00822927821957371
"DefGDP_s3_FRUK_POOLED_AR1","DefGDP","FRUK",3,"POOLED_AR1","FR",2018,11.4896920255531,-0.0143469854289027,0.00248101413980362
"DefGDP_s3_FRUK_POOLED_AR1","DefGDP","FRUK",3,"POOLED_AR1","FR",2019,11.4932311603087,-0.0258657312952835,-0.0146543067694993
"DefGDP_s3_FRUK_POOLED_AR1","DefGDP","FRUK",3,"POOLED_AR1","FR",2020,11.4294451158995,-0.104884799757615,-0.0846720731427903
"DefGDP_s3_FRUK_POOLED_AR1","DefGDP","FRUK",3,"POOLED_AR1","FR",2021,11.4037246751698,-0.0345338462621285,0.0474281813855446
"DefGDP_s3_FRUK_POOLED_AR1","DefGDP","FRUK",3,"POOLED_AR1","FR",2022,11.4437204138481,-0.0163700071240669,0.0106164014752551
"DefGDP_s3_FRUK_POOLED_AR1","DefGDP","FRUK",3,"POOLED_AR1","FR",2023,11.4277652494312,0.0193481979283199,0.0321405089171003
"DefGDP_s3_FRUK_POOLED_AR1","DefGDP","FRUK",3,"POOLED_AR1","FR",2024,11.4118292678564,0.0391377245758147,0.024018112037121
"DefGDP_s3_FRUK_POOLED_AR1","DefGDP","FRUK",3,"POOLED_AR1","UK",1981,10.868945961598,-0.12708286803478,NA
"DefGDP_s3_FRUK_POOLED_AR1","DefGDP","FRUK",3,"POOLED_AR1","UK",1982,10.8521362226087,-0.0701139372536197,0.0291947287063968
"DefGDP_s3_FRUK_POOLED_AR1","DefGDP","FRUK",3,"POOLED_AR1","UK",1983,10.8168642144446,0.0289481208371161,0.0837385239932337
"DefGDP_s3_FRUK_POOLED_AR1","DefGDP","FRUK",3,"POOLED_AR1","UK",1984,10.8117873237461,0.0822501563356699,0.0596287022652709
"DefGDP_s3_FRUK_POOLED_AR1","DefGDP","FRUK",3,"POOLED_AR1","UK",1985,10.8131852720014,0.109244854912516,0.0449706263952409
"DefGDP_s3_FRUK_POOLED_AR1","DefGDP","FRUK",3,"POOLED_AR1","UK",1986,10.8719992240284,0.0959920454584715,0.0106228609875291
"DefGDP_s3_FRUK_POOLED_AR1","DefGDP","FRUK",3,"POOLED_AR1","UK",1987,10.9143808394594,0.103907520329086,0.028894718645659
"DefGDP_s3_FRUK_POOLED_AR1","DefGDP","FRUK",3,"POOLED_AR1","UK",1988,10.9925884486736,0.0667425192936175,-0.0144558151999884
"DefGDP_s3_FRUK_POOLED_AR1","DefGDP","FRUK",3,"POOLED_AR1","UK",1989,11.0100069472483,0.0504612121803092,-0.00169460281157352
"DefGDP_s3_FRUK_POOLED_AR1","DefGDP","FRUK",3,"POOLED_AR1","UK",1990,11.0243505193737,0.0236146362760472,-0.0158181821820661
"DefGDP_s3_FRUK_POOLED_AR1","DefGDP","FRUK",3,"POOLED_AR1","UK",1991,11.015303544971,0.079804864298838,0.0613512516131104
"DefGDP_s3_FRUK_POOLED_AR1","DefGDP","FRUK",3,"POOLED_AR1","UK",1992,11.1027746114064,0.0397567558315099,-0.0226066038659496
"DefGDP_s3_FRUK_POOLED_AR1","DefGDP","FRUK",3,"POOLED_AR1","UK",1993,11.146844972207,0.0310538796468247,-1.39617198402844e-05
"DefGDP_s3_FRUK_POOLED_AR1","DefGDP","FRUK",3,"POOLED_AR1","UK",1994,11.1753610475904,0.0795392379494242,0.0552722426549438
"DefGDP_s3_FRUK_POOLED_AR1","DefGDP","FRUK",3,"POOLED_AR1","UK",1995,11.2462250463405,-0.041099479300442,-0.103255265791441
"DefGDP_s3_FRUK_POOLED_AR1","DefGDP","FRUK",3,"POOLED_AR1","UK",1996,11.241800468677,-0.0384777384376562,-0.00636062836534355
"DefGDP_s3_FRUK_POOLED_AR1","DefGDP","FRUK",3,"POOLED_AR1","UK",1997,11.3029097342268,-0.0653524519672981,-0.0352840963148563
"DefGDP_s3_FRUK_POOLED_AR1","DefGDP","FRUK",3,"POOLED_AR1","UK",1998,11.3190212293301,-0.0799834603392995,-0.0289139108205379
"DefGDP_s3_FRUK_POOLED_AR1","DefGDP","FRUK",3,"POOLED_AR1","UK",1999,11.3537957416683,-0.0889220983804986,-0.0264191751462835
"DefGDP_s3_FRUK_POOLED_AR1","DefGDP","FRUK",3,"POOLED_AR1","UK",2000,11.3733794747829,-0.0685976893605726,0.000890315601007871
"DefGDP_s3_FRUK_POOLED_AR1","DefGDP","FRUK",3,"POOLED_AR1","UK",2001,11.3994650206411,-0.0824932889284131,-0.0288877548097332
"DefGDP_s3_FRUK_POOLED_AR1","DefGDP","FRUK",3,"POOLED_AR1","UK",2002,11.4082499112265,-0.0533169971497767,0.0111472268705126
"DefGDP_s3_FRUK_POOLED_AR1","DefGDP","FRUK",3,"POOLED_AR1","UK",2003,11.4187688919401,-0.0219392614306813,0.0197252047701385
"DefGDP_s3_FRUK_POOLED_AR1","DefGDP","FRUK",3,"POOLED_AR1","UK",2004,11.4339737524613,-0.0253592369881321,-0.00821484279463061
"DefGDP_s3_FRUK_POOLED_AR1","DefGDP","FRUK",3,"POOLED_AR1","UK",2005,11.3783892809814,0.0627001625033987,0.0825170901034752
"DefGDP_s3_FRUK_POOLED_AR1","DefGDP","FRUK",3,"POOLED_AR1","UK",2006,11.4244289990566,0.0236297962107841,-0.0253671267417627
"DefGDP_s3_FRUK_POOLED_AR1","DefGDP","FRUK",3,"POOLED_AR1","UK",2007,11.4133877951996,0.0467437162878621,0.0282782568999154
"DefGDP_s3_FRUK_POOLED_AR1","DefGDP","FRUK",3,"POOLED_AR1","UK",2008,11.3955793606465,0.081160535514762,0.0446327471641666
"DefGDP_s3_FRUK_POOLED_AR1","DefGDP","FRUK",3,"POOLED_AR1","UK",2009,11.3774640083302,0.0624310140252593,-0.000991732370153542
"DefGDP_s3_FRUK_POOLED_AR1","DefGDP","FRUK",3,"POOLED_AR1","UK",2010,11.3715977639609,0.154429126985395,0.105642529600114
"DefGDP_s3_FRUK_POOLED_AR1","DefGDP","FRUK",3,"POOLED_AR1","UK",2011,11.4216886125794,0.107959166831606,-0.0127191812687253
"DefGDP_s3_FRUK_POOLED_AR1","DefGDP","FRUK",3,"POOLED_AR1","UK",2012,11.4598286774857,0.0787446775229341,-0.00561980843804868
"DefGDP_s3_FRUK_POOLED_AR1","DefGDP","FRUK",3,"POOLED_AR1","UK",2013,11.4513511244477,0.138374959816316,0.0768400810621308
"DefGDP_s3_FRUK_POOLED_AR1","DefGDP","FRUK",3,"POOLED_AR1","UK",2014,11.4649153057886,0.131290394428685,0.023157544783929
"DefGDP_s3_FRUK_POOLED_AR1","DefGDP","FRUK",3,"POOLED_AR1","UK",2015,11.4873504986469,0.1089937511282,0.00639712165561931
"DefGDP_s3_FRUK_POOLED_AR1","DefGDP","FRUK",3,"POOLED_AR1","UK",2016,11.480064253017,0.118609924579735,0.0334369646843282
"DefGDP_s3_FRUK_POOLED_AR1","DefGDP","FRUK",3,"POOLED_AR1","UK",2017,11.4874086991674,0.116589742043002,0.0239022416601186
"DefGDP_s3_FRUK_POOLED_AR1","DefGDP","FRUK",3,"POOLED_AR1","UK",2018,11.4869310788392,0.103774100804394,0.0126652682295397
"DefGDP_s3_FRUK_POOLED_AR1","DefGDP","FRUK",3,"POOLED_AR1","UK",2019,11.5201896640652,0.0813216578877434,0.00022758382841237
"DefGDP_s3_FRUK_POOLED_AR1","DefGDP","FRUK",3,"POOLED_AR1","UK",2020,11.4425856800714,0.0949753719132165,0.0314267167453268
"DefGDP_s3_FRUK_POOLED_AR1","DefGDP","FRUK",3,"POOLED_AR1","UK",2021,11.4301829684277,0.182957520930714,0.10873919685908
"DefGDP_s3_FRUK_POOLED_AR1","DefGDP","FRUK",3,"POOLED_AR1","UK",2022,11.4778413737225,0.107894818750577,-0.0350769886374062
"DefGDP_s3_FRUK_POOLED_AR1","DefGDP","FRUK",3,"POOLED_AR1","UK",2023,11.4796321556887,0.13872546956471,0.0544112682894827
"DefGDP_s3_FRUK_POOLED_AR1","DefGDP","FRUK",3,"POOLED_AR1","UK",2024,11.4970530278711,0.124171638864443,0.015764884042244
"DefGDP_s3_GIS_FE_AR1","DefGDP","GIS",3,"FE_AR1","DE",1991,11.1677298296505,-0.153084904671573,NA
"DefGDP_s3_GIS_FE_AR1","DefGDP","GIS",3,"FE_AR1","DE",1992,11.1726774274816,-0.121816956915659,-0.0009253749822494
"DefGDP_s3_GIS_FE_AR1","DefGDP","GIS",3,"FE_AR1","DE",1993,11.1595948313191,-0.141955760821139,-0.0457565656134706
"DefGDP_s3_GIS_FE_AR1","DefGDP","GIS",3,"FE_AR1","DE",1994,11.1715509079025,-0.10222929374355,0.00987357183320808
"DefGDP_s3_GIS_FE_AR1","DefGDP","GIS",3,"FE_AR1","DE",1995,11.1977471650675,-0.104333168586448,-0.023602406352856
"DefGDP_s3_GIS_FE_AR1","DefGDP","GIS",3,"FE_AR1","DE",1996,11.2012671042215,-0.097066257080149,-0.0146740589362455
"DefGDP_s3_GIS_FE_AR1","DefGDP","GIS",3,"FE_AR1","DE",1997,11.1953604083228,-0.0484229852313884,0.0282305123551259
"DefGDP_s3_GIS_FE_AR1","DefGDP","GIS",3,"FE_AR1","DE",1998,11.2005338753478,-0.0303311934760462,0.00790857483500731
"DefGDP_s3_GIS_FE_AR1","DefGDP","GIS",3,"FE_AR1","DE",1999,11.1958499983892,-0.0188546490103576,0.00509798021271449
"DefGDP_s3_GIS_FE_AR1","DefGDP","GIS",3,"FE_AR1","DE",2000,11.1964577091489,0.0238512444713255,0.0387408140899071
"DefGDP_s3_GIS_FE_AR1","DefGDP","GIS",3,"FE_AR1","DE",2001,11.2083578432929,0.0167339325469804,-0.00210146263065039
"DefGDP_s3_GIS_FE_AR1","DefGDP","GIS",3,"FE_AR1","DE",2002,11.2210425455374,-0.00732190313543946,-0.020536736968413
"DefGDP_s3_GIS_FE_AR1","DefGDP","GIS",3,"FE_AR1","DE",2003,11.2434954531577,-0.00478799222934079,0.000994135373021261
"DefGDP_s3_GIS_FE_AR1","DefGDP","GIS",3,"FE_AR1","DE",2004,11.2787102998486,-0.000794715208558117,0.00298637578883115
"DefGDP_s3_GIS_FE_AR1","DefGDP","GIS",3,"FE_AR1","DE",2005,11.2901230221425,0.0125588306297484,0.013186419476312
"DefGDP_s3_GIS_FE_AR1","DefGDP","GIS",3,"FE_AR1","DE",2006,11.3120408310728,0.0678384210704142,0.057920677022944
"DefGDP_s3_GIS_FE_AR1","DefGDP","GIS",3,"FE_AR1","DE",2007,11.3630540795728,0.0395675054241469,-0.0140046874492239
"DefGDP_s3_GIS_FE_AR1","DefGDP","GIS",3,"FE_AR1","DE",2008,11.3748299806204,-0.026536676503687,-0.0577832473798036
"DefGDP_s3_GIS_FE_AR1","DefGDP","GIS",3,"FE_AR1","DE",2009,11.2620468803349,-0.0760858912387512,-0.0551298027944438
"DefGDP_s3_GIS_FE_AR1","DefGDP","GIS",3,"FE_AR1","DE",2010,11.2953750130235,0.0632844934828523,0.123369736860699
"DefGDP_s3_GIS_FE_AR1","DefGDP","GIS",3,"FE_AR1","DE",2011,11.3678997045744,0.0432856771268408,-0.00669026625836743
"DefGDP_s3_GIS_FE_AR1","DefGDP","GIS",3,"FE_AR1","DE",2012,11.3608675547841,0.0337960525518355,-0.000386769027791445
"DefGDP_s3_GIS_FE_AR1","DefGDP","GIS",3,"FE_AR1","DE",2013,11.3653918081029,0.0152289109448134,-0.0114599272842815
"DefGDP_s3_GIS_FE_AR1","DefGDP","GIS",3,"FE_AR1","DE",2014,11.3680196286067,0.0458163833275194,0.0337900693079152
"DefGDP_s3_GIS_FE_AR1","DefGDP","GIS",3,"FE_AR1","DE",2015,11.3321755807988,0.0955950201024702,0.0594136926827993
"DefGDP_s3_GIS_FE_AR1","DefGDP","GIS",3,"FE_AR1","DE",2016,11.3286161762451,0.132898374192568,0.0574067166059676
"DefGDP_s3_GIS_FE_AR1","DefGDP","GIS",3,"FE_AR1","DE",2017,11.3318041883131,0.135913061494225,0.0309628397399239
"DefGDP_s3_GIS_FE_AR1","DefGDP","GIS",3,"FE_AR1","DE",2018,11.3367883985616,0.108583040253038,0.00125211141521403
"DefGDP_s3_GIS_FE_AR1","DefGDP","GIS",3,"FE_AR1","DE",2019,11.3108500902428,0.113601484701659,0.0278531508898387
"DefGDP_s3_GIS_FE_AR1","DefGDP","GIS",3,"FE_AR1","DE",2020,11.2670441367425,0.101446922162955,0.0117355085847761
"DefGDP_s3_GIS_FE_AR1","DefGDP","GIS",3,"FE_AR1","DE",2021,11.3556324235262,0.0662905033867478,-0.0138224177981745
"DefGDP_s3_GIS_FE_AR1","DefGDP","GIS",3,"FE_AR1","DE",2022,11.3913180847378,0.0189329621071526,-0.0334168357960375
"DefGDP_s3_GIS_FE_AR1","DefGDP","GIS",3,"FE_AR1","DE",2023,11.3848872582988,0.0348116116360675,0.0198601979435848
"DefGDP_s3_GIS_FE_AR1","DefGDP","GIS",3,"FE_AR1","DE",2024,11.3524392686083,0.0711747889677543,0.0436839608592324
"DefGDP_s3_GIS_FE_AR1","DefGDP","GIS",3,"FE_AR1","ES",1985,10.8555563231025,0.0892199836654388,NA
"DefGDP_s3_GIS_FE_AR1","DefGDP","GIS",3,"FE_AR1","ES",1986,10.8706006940254,0.115701727470627,0.0452444541782155
"DefGDP_s3_GIS_FE_AR1","DefGDP","GIS",3,"FE_AR1","ES",1987,10.8684741875627,0.108872727981286,0.0175027467518451
"DefGDP_s3_GIS_FE_AR1","DefGDP","GIS",3,"FE_AR1","ES",1988,10.8878699991203,0.101710847383842,0.015733746354184
"DefGDP_s3_GIS_FE_AR1","DefGDP","GIS",3,"FE_AR1","ES",1989,10.8875979849216,0.0981748705676502,0.0178535268897747
"DefGDP_s3_GIS_FE_AR1","DefGDP","GIS",3,"FE_AR1","ES",1990,10.9140657893388,0.00233367483701663,-0.0751952979542167
"DefGDP_s3_GIS_FE_AR1","DefGDP","GIS",3,"FE_AR1","ES",1991,10.931743138546,-0.0182978498447159,-0.0201407594599415
"DefGDP_s3_GIS_FE_AR1","DefGDP","GIS",3,"FE_AR1","ES",1992,10.9343129060857,-0.0660294644850445,-0.0515796007414349
"DefGDP_s3_GIS_FE_AR1","DefGDP","GIS",3,"FE_AR1","ES",1993,10.9374507086963,-0.0941086342815893,-0.0419649795369345
"DefGDP_s3_GIS_FE_AR1","DefGDP","GIS",3,"FE_AR1","ES",1994,10.9512669189013,-0.0766753775343521,-0.00235752303196338
"DefGDP_s3_GIS_FE_AR1","DefGDP","GIS",3,"FE_AR1","ES",1995,10.9731031927813,-0.0608850970977777,-0.000334334726035584
"DefGDP_s3_GIS_FE_AR1","DefGDP","GIS",3,"FE_AR1","ES",1996,10.9872741928668,-0.08020537601152,-0.0321242427338091
"DefGDP_s3_GIS_FE_AR1","DefGDP","GIS",3,"FE_AR1","ES",1997,10.9847956670668,-0.0729130394803086,-0.00957462733315004
"DefGDP_s3_GIS_FE_AR1","DefGDP","GIS",3,"FE_AR1","ES",1998,10.9855938975734,-0.0775686137261786,-0.0199889803504494
"DefGDP_s3_GIS_FE_AR1","DefGDP","GIS",3,"FE_AR1","ES",1999,10.9828225568463,-0.0839502920492343,-0.0226941385319592
"DefGDP_s3_GIS_FE_AR1","DefGDP","GIS",3,"FE_AR1","ES",2000,10.9762661811313,-0.0631843422044671,0.00311144072316361
"DefGDP_s3_GIS_FE_AR1","DefGDP","GIS",3,"FE_AR1","ES",2001,10.9692002426489,-0.0400547092218453,0.0098421444157317
"DefGDP_s3_GIS_FE_AR1","DefGDP","GIS",3,"FE_AR1","ES",2002,10.9742337644181,-0.0468562889259978,-0.0152249718336942
"DefGDP_s3_GIS_FE_AR1","DefGDP","GIS",3,"FE_AR1","ES",2003,10.9873807982448,-0.0665440017364247,-0.0295414579262078
"DefGDP_s3_GIS_FE_AR1","DefGDP","GIS",3,"FE_AR1","ES",2004,10.9941073861276,-0.0835680103514527,-0.0310180240849769
"DefGDP_s3_GIS_FE_AR1","DefGDP","GIS",3,"FE_AR1","ES",2005,10.9869194495031,-0.0762028266284176,-0.0102089326380937
"DefGDP_s3_GIS_FE_AR1","DefGDP","GIS",3,"FE_AR1","ES",2006,10.9953935858615,-0.0623640566067181,-0.00218646902111862
"DefGDP_s3_GIS_FE_AR1","DefGDP","GIS",3,"FE_AR1","ES",2007,11.0105135046602,-0.0575971838989897,-0.0083481121165984
"DefGDP_s3_GIS_FE_AR1","DefGDP","GIS",3,"FE_AR1","ES",2008,11.020959309804,-0.0657154188741753,-0.0202307599432589
"DefGDP_s3_GIS_FE_AR1","DefGDP","GIS",3,"FE_AR1","ES",2009,10.9909369841609,-0.0275042543774013,0.0243913976606595
"DefGDP_s3_GIS_FE_AR1","DefGDP","GIS",3,"FE_AR1","ES",2010,11.0030543689769,-0.00926585700045557,0.012454330425708
"DefGDP_s3_GIS_FE_AR1","DefGDP","GIS",3,"FE_AR1","ES",2011,11.0599761714463,-0.0228773630761143,-0.0155600896117122
"DefGDP_s3_GIS_FE_AR1","DefGDP","GIS",3,"FE_AR1","ES",2012,11.0503198624874,-0.00144882337507823,0.0166174949119527
"DefGDP_s3_GIS_FE_AR1","DefGDP","GIS",3,"FE_AR1","ES",2013,11.0716578043763,0.0195243593204637,0.0206684992350495
"DefGDP_s3_GIS_FE_AR1","DefGDP","GIS",3,"FE_AR1","ES",2014,11.0663315633941,0.0610331921682796,0.0456147504247845
"DefGDP_s3_GIS_FE_AR1","DefGDP","GIS",3,"FE_AR1","ES",2015,11.0549917120891,0.0865471568409895,0.0383490724674933
"DefGDP_s3_GIS_FE_AR1","DefGDP","GIS",3,"FE_AR1","ES",2016,11.0730534035998,0.0550132759443418,-0.0133332584497119
"DefGDP_s3_GIS_FE_AR1","DefGDP","GIS",3,"FE_AR1","ES",2017,11.0636760117265,0.0800065979614288,0.0365624584460476
"DefGDP_s3_GIS_FE_AR1","DefGDP","GIS",3,"FE_AR1","ES",2018,11.0748595440967,0.0411998999222778,-0.0219815366368519
"DefGDP_s3_GIS_FE_AR1","DefGDP","GIS",3,"FE_AR1","ES",2019,11.0690558949892,0.0307447941422723,-0.00179088328319239
"DefGDP_s3_GIS_FE_AR1","DefGDP","GIS",3,"FE_AR1","ES",2020,11.0544641796449,-0.0137984948555303,-0.0380777456938169
"DefGDP_s3_GIS_FE_AR1","DefGDP","GIS",3,"FE_AR1","ES",2021,11.1216616290404,0.0236340935395987,0.03453080393024
"DefGDP_s3_GIS_FE_AR1","DefGDP","GIS",3,"FE_AR1","ES",2022,11.1576749118482,-0.000611192096464208,-0.0192751025695052
"DefGDP_s3_GIS_FE_AR1","DefGDP","GIS",3,"FE_AR1","ES",2023,11.160547972974,1.20775402301376e-06,0.000483867880214251
"DefGDP_s3_GIS_FE_AR1","DefGDP","GIS",3,"FE_AR1","ES",2024,11.1634149085947,0.00409479032249038,0.00409383655572454
"DefGDP_s3_GIS_FE_AR1","DefGDP","GIS",3,"FE_AR1","IT",1981,11.028965291672,-0.108232690953301,NA
"DefGDP_s3_GIS_FE_AR1","DefGDP","GIS",3,"FE_AR1","IT",1982,11.0019432829757,-0.0984319678899759,-0.012960305910465
"DefGDP_s3_GIS_FE_AR1","DefGDP","GIS",3,"FE_AR1","IT",1983,10.9929527519929,-0.109031695218372,-0.0312996919449789
"DefGDP_s3_GIS_FE_AR1","DefGDP","GIS",3,"FE_AR1","IT",1984,10.9797024822793,-0.0232938929912017,0.0628087449149244
"DefGDP_s3_GIS_FE_AR1","DefGDP","GIS",3,"FE_AR1","IT",1985,10.9670593605122,0.0231298093780019,0.0415250625163529
"DefGDP_s3_GIS_FE_AR1","DefGDP","GIS",3,"FE_AR1","IT",1986,11.0035682414668,0.00542446735506097,-0.0128412084901427
"DefGDP_s3_GIS_FE_AR1","DefGDP","GIS",3,"FE_AR1","IT",1987,11.0089270774347,0.02679702994884,0.0225133127455903
"DefGDP_s3_GIS_FE_AR1","DefGDP","GIS",3,"FE_AR1","IT",1988,11.0109811633973,0.0389512155195,0.0177895252236326
"DefGDP_s3_GIS_FE_AR1","DefGDP","GIS",3,"FE_AR1","IT",1989,11.0225141937837,0.0533108741721264,0.0225509891757325
"DefGDP_s3_GIS_FE_AR1","DefGDP","GIS",3,"FE_AR1","IT",1990,11.0416251420027,-0.0226236925371559,-0.06472344056096
"DefGDP_s3_GIS_FE_AR1","DefGDP","GIS",3,"FE_AR1","IT",1991,11.031475976184,-0.0392532017299825,-0.0213872077845996
"DefGDP_s3_GIS_FE_AR1","DefGDP","GIS",3,"FE_AR1","IT",1992,11.0370853818384,-0.026666917979675,0.00433144638073999
"DefGDP_s3_GIS_FE_AR1","DefGDP","GIS",3,"FE_AR1","IT",1993,11.0243447810671,0.00413171671049817,0.0251906572165377
"DefGDP_s3_GIS_FE_AR1","DefGDP","GIS",3,"FE_AR1","IT",1994,11.0350328609547,0.0465205677153104,0.0432577393501988
"DefGDP_s3_GIS_FE_AR1","DefGDP","GIS",3,"FE_AR1","IT",1995,11.0771105577013,0.0551216543878006,0.0183842305666229
"DefGDP_s3_GIS_FE_AR1","DefGDP","GIS",3,"FE_AR1","IT",1996,11.0779382013155,0.0624628781595238,0.0189331518809975
"DefGDP_s3_GIS_FE_AR1","DefGDP","GIS",3,"FE_AR1","IT",1997,11.0537056315322,0.0985633135350756,0.0492362020931018
"DefGDP_s3_GIS_FE_AR1","DefGDP","GIS",3,"FE_AR1","IT",1998,11.0507899472582,0.096737006062483,0.0189012787618896
"DefGDP_s3_GIS_FE_AR1","DefGDP","GIS",3,"FE_AR1","IT",1999,11.0416956314415,0.100930184079001,0.0245366969518079
"DefGDP_s3_GIS_FE_AR1","DefGDP","GIS",3,"FE_AR1","IT",2000,11.0427108748821,0.129973764491108,0.0502689128317116
"DefGDP_s3_GIS_FE_AR1","DefGDP","GIS",3,"FE_AR1","IT",2001,11.0360094939126,0.131811809597501,0.0291711603912293
"DefGDP_s3_GIS_FE_AR1","DefGDP","GIS",3,"FE_AR1","IT",2002,11.0346815239588,0.110433651080255,0.00634149245799311
"DefGDP_s3_GIS_FE_AR1","DefGDP","GIS",3,"FE_AR1","IT",2003,11.0437388953908,0.0555027042909924,-0.0317070621220725
"DefGDP_s3_GIS_FE_AR1","DefGDP","GIS",3,"FE_AR1","IT",2004,11.0589286269965,0.0506733491096778,0.00684270664551418
"DefGDP_s3_GIS_FE_AR1","DefGDP","GIS",3,"FE_AR1","IT",2005,11.0615823025027,0.0422432734948632,0.00222638646818029
"DefGDP_s3_GIS_FE_AR1","DefGDP","GIS",3,"FE_AR1","IT",2006,11.0807350688629,0.0347262133245554,0.00136658083958976
"DefGDP_s3_GIS_FE_AR1","DefGDP","GIS",3,"FE_AR1","IT",2007,11.124554574559,0.0222367140411173,-0.00518667477941417
"DefGDP_s3_GIS_FE_AR1","DefGDP","GIS",3,"FE_AR1","IT",2008,11.1466406632035,-0.0301177986032375,-0.0476781945364539
"DefGDP_s3_GIS_FE_AR1","DefGDP","GIS",3,"FE_AR1","IT",2009,11.072121797367,-0.0811280865255899,-0.057343975836763
"DefGDP_s3_GIS_FE_AR1","DefGDP","GIS",3,"FE_AR1","IT",2010,11.066937974973,0.014506628292704,0.0785737075409841
"DefGDP_s3_GIS_FE_AR1","DefGDP","GIS",3,"FE_AR1","IT",2011,11.1144284752033,-0.0207384206141299,-0.032194345981738
"DefGDP_s3_GIS_FE_AR1","DefGDP","GIS",3,"FE_AR1","IT",2012,11.1240157566705,-0.0691452958010466,-0.052768106422242
"DefGDP_s3_GIS_FE_AR1","DefGDP","GIS",3,"FE_AR1","IT",2013,11.1334700447372,-0.0657478853414624,-0.0111436497992608
"DefGDP_s3_GIS_FE_AR1","DefGDP","GIS",3,"FE_AR1","IT",2014,11.1443723992935,-0.0509381093104082,0.000983181588639921
"DefGDP_s3_GIS_FE_AR1","DefGDP","GIS",3,"FE_AR1","IT",2015,11.1303383206678,0.0110932313547032,0.0513192002602819
"DefGDP_s3_GIS_FE_AR1","DefGDP","GIS",3,"FE_AR1","IT",2016,11.1289311210781,0.0426665892890004,0.0339062331317391
"DefGDP_s3_GIS_FE_AR1","DefGDP","GIS",3,"FE_AR1","IT",2017,11.132554594623,0.0576770125404646,0.0239830863763121
"DefGDP_s3_GIS_FE_AR1","DefGDP","GIS",3,"FE_AR1","IT",2018,11.1432249080592,0.0522289780889054,0.0066812782541702
"DefGDP_s3_GIS_FE_AR1","DefGDP","GIS",3,"FE_AR1","IT",2019,11.1419662707076,0.0425883345571183,0.00134296292835299
"DefGDP_s3_GIS_FE_AR1","DefGDP","GIS",3,"FE_AR1","IT",2020,11.1054680283697,-0.0137955821226292,-0.0474277103038174
"DefGDP_s3_GIS_FE_AR1","DefGDP","GIS",3,"FE_AR1","IT",2021,11.2218733299404,0.0106189722598913,0.0215133824571274
"DefGDP_s3_GIS_FE_AR1","DefGDP","GIS",3,"FE_AR1","IT",2022,11.2811996205052,-0.0210934291189631,-0.0294792615284967
"DefGDP_s3_GIS_FE_AR1","DefGDP","GIS",3,"FE_AR1","IT",2023,11.2980558151723,-0.0412341577124131,-0.0245766171138644
"DefGDP_s3_GIS_FE_AR1","DefGDP","GIS",3,"FE_AR1","IT",2024,11.3165286376401,-0.0406202348010272,-0.00805750390185857
"DefGDP_s3_GIS_POOLED_AR1","DefGDP","GIS",3,"POOLED_AR1","DE",1991,11.1427386510993,-0.128093726120417,NA
"DefGDP_s3_GIS_POOLED_AR1","DefGDP","GIS",3,"POOLED_AR1","DE",1992,11.1465382460941,-0.0956777755281983,0.0101453078754363
"DefGDP_s3_GIS_POOLED_AR1","DefGDP","GIS",3,"POOLED_AR1","DE",1993,11.1309956555301,-0.113356585032108,-0.0343135473576735
"DefGDP_s3_GIS_POOLED_AR1","DefGDP","GIS",3,"POOLED_AR1","DE",1994,11.1414228003396,-0.0721011861805625,0.021546986259414
"DefGDP_s3_GIS_POOLED_AR1","DefGDP","GIS",3,"POOLED_AR1","DE",1995,11.1676571693448,-0.0742431728636657,-0.0146776494787502
"DefGDP_s3_GIS_POOLED_AR1","DefGDP","GIS",3,"POOLED_AR1","DE",1996,11.1718232532887,-0.0676224061473238,-0.00628730635706267
"DefGDP_s3_GIS_POOLED_AR1","DefGDP","GIS",3,"POOLED_AR1","DE",1997,11.1653070115065,-0.0183695884151351,0.0374958449859946
"DefGDP_s3_GIS_POOLED_AR1","DefGDP","GIS",3,"POOLED_AR1","DE",1998,11.1704994202477,-0.00029673837586941,0.0148790750368645
"DefGDP_s3_GIS_POOLED_AR1","DefGDP","GIS",3,"POOLED_AR1","DE",1999,11.1663757967553,0.0106195526235311,0.0108646994457038
"DefGDP_s3_GIS_POOLED_AR1","DefGDP","GIS",3,"POOLED_AR1","DE",2000,11.1670108753479,0.0532980782722898,0.0445248632443128
"DefGDP_s3_GIS_POOLED_AR1","DefGDP","GIS",3,"POOLED_AR1","DE",2001,11.1789462467595,0.0461455290803698,0.00211396599694584
"DefGDP_s3_GIS_POOLED_AR1","DefGDP","GIS",3,"POOLED_AR1","DE",2002,11.1897031920446,0.0240174503573645,-0.014105120673056
"DefGDP_s3_GIS_POOLED_AR1","DefGDP","GIS",3,"POOLED_AR1","DE",2003,11.2123700348815,0.0263374260469078,0.006495699763446
"DefGDP_s3_GIS_POOLED_AR1","DefGDP","GIS",3,"POOLED_AR1","DE",2004,11.2460825537326,0.0318330309074053,0.0100746847525053
"DefGDP_s3_GIS_POOLED_AR1","DefGDP","GIS",3,"POOLED_AR1","DE",2005,11.2571887273829,0.0454931253892887,0.0191946517112098
"DefGDP_s3_GIS_POOLED_AR1","DefGDP","GIS",3,"POOLED_AR1","DE",2006,11.2799437893746,0.0999354627686397,0.062351867161178
"DefGDP_s3_GIS_POOLED_AR1","DefGDP","GIS",3,"POOLED_AR1","DE",2007,11.3316849668674,0.0709366181295419,-0.0116238563905366
"DefGDP_s3_GIS_POOLED_AR1","DefGDP","GIS",3,"POOLED_AR1","DE",2008,11.3447335595972,0.00355974451945151,-0.0550436850477191
"DefGDP_s3_GIS_POOLED_AR1","DefGDP","GIS",3,"POOLED_AR1","DE",2009,11.2337272379278,-0.0477662488316515,-0.0507070887352657
"DefGDP_s3_GIS_POOLED_AR1","DefGDP","GIS",3,"POOLED_AR1","DE",2010,11.2674702162835,0.0911892902228821,0.130650799284136
"DefGDP_s3_GIS_POOLED_AR1","DefGDP","GIS",3,"POOLED_AR1","DE",2011,11.3395191432444,0.0716662384568352,-0.00366869134060628
"DefGDP_s3_GIS_POOLED_AR1","DefGDP","GIS",3,"POOLED_AR1","DE",2012,11.3327408086216,0.0619227987143152,0.00271660213359419
"DefGDP_s3_GIS_POOLED_AR1","DefGDP","GIS",3,"POOLED_AR1","DE",2013,11.3377773640462,0.0428433550014802,-0.00831341661722747
"DefGDP_s3_GIS_POOLED_AR1","DefGDP","GIS",3,"POOLED_AR1","DE",2014,11.340331969452,0.0735040424822415,0.0381095226495444
"DefGDP_s3_GIS_POOLED_AR1","DefGDP","GIS",3,"POOLED_AR1","DE",2015,11.3048988235263,0.122871777374991,0.0621473012145404
"DefGDP_s3_GIS_POOLED_AR1","DefGDP","GIS",3,"POOLED_AR1","DE",2016,11.302404536543,0.159110013894722,0.0576009803228271
"DefGDP_s3_GIS_POOLED_AR1","DefGDP","GIS",3,"POOLED_AR1","DE",2017,11.308213443551,0.15950380625628,0.0280569916409712
"DefGDP_s3_GIS_POOLED_AR1","DefGDP","GIS",3,"POOLED_AR1","DE",2018,11.3136880366034,0.131683402211156,-8.87392033890044e-05
"DefGDP_s3_GIS_POOLED_AR1","DefGDP","GIS",3,"POOLED_AR1","DE",2019,11.2902018059427,0.134249769001809,0.0254611180887614
"DefGDP_s3_GIS_POOLED_AR1","DefGDP","GIS",3,"POOLED_AR1","DE",2020,11.2469132195513,0.121577839354174,0.0106690155399478
"DefGDP_s3_GIS_POOLED_AR1","DefGDP","GIS",3,"POOLED_AR1","DE",2021,11.3358178385511,0.0861050883617622,-0.0143349739556987
"DefGDP_s3_GIS_POOLED_AR1","DefGDP","GIS",3,"POOLED_AR1","DE",2022,11.371969716648,0.0382813301969858,-0.0328533476920646
"DefGDP_s3_GIS_POOLED_AR1","DefGDP","GIS",3,"POOLED_AR1","DE",2023,11.3640192264436,0.0556796434912563,0.0240539853038332
"DefGDP_s3_GIS_POOLED_AR1","DefGDP","GIS",3,"POOLED_AR1","DE",2024,11.3309512280471,0.0926628295289831,0.0466637651288985
"DefGDP_s3_GIS_POOLED_AR1","DefGDP","GIS",3,"POOLED_AR1","ES",1985,10.8291070322914,0.115669274476472,NA
"DefGDP_s3_GIS_POOLED_AR1","DefGDP","GIS",3,"POOLED_AR1","ES",1986,10.8443426779088,0.141959743587204,0.0464009707191659
"DefGDP_s3_GIS_POOLED_AR1","DefGDP","GIS",3,"POOLED_AR1","ES",1987,10.8499999257521,0.127346989791905,0.0100686636741601
"DefGDP_s3_GIS_POOLED_AR1","DefGDP","GIS",3,"POOLED_AR1","ES",1988,10.875412686164,0.114168160340075,0.00896198412749491
"DefGDP_s3_GIS_POOLED_AR1","DefGDP","GIS",3,"POOLED_AR1","ES",1989,10.8818445654995,0.103928289989808,0.00960964441969074
"DefGDP_s3_GIS_POOLED_AR1","DefGDP","GIS",3,"POOLED_AR1","ES",1990,10.9113797660238,0.00501969815199743,-0.0808394023105005
"DefGDP_s3_GIS_POOLED_AR1","DefGDP","GIS",3,"POOLED_AR1","ES",1991,10.9306482409432,-0.0172029522418775,-0.0213499151907149
"DefGDP_s3_GIS_POOLED_AR1","DefGDP","GIS",3,"POOLED_AR1","ES",1992,10.930293695074,-0.0620102534733,-0.0477982424324971
"DefGDP_s3_GIS_POOLED_AR1","DefGDP","GIS",3,"POOLED_AR1","ES",1993,10.9309017353355,-0.0875596609207996,-0.0363306396101328
"DefGDP_s3_GIS_POOLED_AR1","DefGDP","GIS",3,"POOLED_AR1","ES",1994,10.9433460204076,-0.0687544790406598,0.00358187638478254
"DefGDP_s3_GIS_POOLED_AR1","DefGDP","GIS",3,"POOLED_AR1","ES",1995,10.9673118960703,-0.0550938003868371,0.00170688135032643
"DefGDP_s3_GIS_POOLED_AR1","DefGDP","GIS",3,"POOLED_AR1","ES",1996,10.9816617261669,-0.0745929093116207,-0.029077832110426
"DefGDP_s3_GIS_POOLED_AR1","DefGDP","GIS",3,"POOLED_AR1","ES",1997,10.9820550177999,-0.0701723902134361,-0.00854835988440337
"DefGDP_s3_GIS_POOLED_AR1","DefGDP","GIS",3,"POOLED_AR1","ES",1998,10.9871566795014,-0.0791313956542403,-0.0211593237417719
"DefGDP_s3_GIS_POOLED_AR1","DefGDP","GIS",3,"POOLED_AR1","ES",1999,10.9869486515616,-0.0880763867644649,-0.0227029408058969
"DefGDP_s3_GIS_POOLED_AR1","DefGDP","GIS",3,"POOLED_AR1","ES",2000,10.9822103306746,-0.0691284917478079,0.00363475048706029
"DefGDP_s3_GIS_POOLED_AR1","DefGDP","GIS",3,"POOLED_AR1","ES",2001,10.9764200990392,-0.0472745656120992,0.00983510220191047
"DefGDP_s3_GIS_POOLED_AR1","DefGDP","GIS",3,"POOLED_AR1","ES",2002,10.9855354265351,-0.0581579510429968,-0.0191026401299795
"DefGDP_s3_GIS_POOLED_AR1","DefGDP","GIS",3,"POOLED_AR1","ES",2003,10.9993580636764,-0.0785212671680302,-0.0304747789425105
"DefGDP_s3_GIS_POOLED_AR1","DefGDP","GIS",3,"POOLED_AR1","ES",2004,10.9959427162874,-0.0854033405112702,-0.0205339448261906
"DefGDP_s3_GIS_POOLED_AR1","DefGDP","GIS",3,"POOLED_AR1","ES",2005,10.9891999130129,-0.0784832901381929,-0.0079283527529134
"DefGDP_s3_GIS_POOLED_AR1","DefGDP","GIS",3,"POOLED_AR1","ES",2006,11.0029255061048,-0.0698959768500309,-0.00505795542907507
"DefGDP_s3_GIS_POOLED_AR1","DefGDP","GIS",3,"POOLED_AR1","ES",2007,11.0210595260044,-0.0681432052431692,-0.0103994888895203
"DefGDP_s3_GIS_POOLED_AR1","DefGDP","GIS",3,"POOLED_AR1","ES",2008,11.0326780341499,-0.077434143220108,-0.0211384579415024
"DefGDP_s3_GIS_POOLED_AR1","DefGDP","GIS",3,"POOLED_AR1","ES",2009,11.0012449617626,-0.0378122319791228,0.0261590493978219
"DefGDP_s3_GIS_POOLED_AR1","DefGDP","GIS",3,"POOLED_AR1","ES",2010,11.0102290654186,-0.0164405534421981,0.0147975649231205
"DefGDP_s3_GIS_POOLED_AR1","DefGDP","GIS",3,"POOLED_AR1","ES",2011,11.0638395404301,-0.0267407320598618,-0.0131585675713363
"DefGDP_s3_GIS_POOLED_AR1","DefGDP","GIS",3,"POOLED_AR1","ES",2012,11.050852534746,-0.00198149563369654,0.0201100369085359
"DefGDP_s3_GIS_POOLED_AR1","DefGDP","GIS",3,"POOLED_AR1","ES",2013,11.0692444605955,0.0219377031013046,0.0235746917662411
"DefGDP_s3_GIS_POOLED_AR1","DefGDP","GIS",3,"POOLED_AR1","ES",2014,11.0637402856291,0.0636244699332948,0.0455009017048935
"DefGDP_s3_GIS_POOLED_AR1","DefGDP","GIS",3,"POOLED_AR1","ES",2015,11.0553983300941,0.0861405388360001,0.033577952109983
"DefGDP_s3_GIS_POOLED_AR1","DefGDP","GIS",3,"POOLED_AR1","ES",2016,11.0728507815885,0.0552158979555664,-0.015948066914241
"DefGDP_s3_GIS_POOLED_AR1","DefGDP","GIS",3,"POOLED_AR1","ES",2017,11.0631404026959,0.0805422069919803,0.0349262603603276
"DefGDP_s3_GIS_POOLED_AR1","DefGDP","GIS",3,"POOLED_AR1","ES",2018,11.0752976172219,0.0407618267970751,-0.0257771438939073
"DefGDP_s3_GIS_POOLED_AR1","DefGDP","GIS",3,"POOLED_AR1","ES",2019,11.0723470650418,0.0274536240897429,-0.00622126637894682
"DefGDP_s3_GIS_POOLED_AR1","DefGDP","GIS",3,"POOLED_AR1","ES",2020,11.0586640638654,-0.0179983790760403,-0.0406788587511322
"DefGDP_s3_GIS_POOLED_AR1","DefGDP","GIS",3,"POOLED_AR1","ES",2021,11.1246393741021,0.0206563484778783,0.0355254917823954
"DefGDP_s3_GIS_POOLED_AR1","DefGDP","GIS",3,"POOLED_AR1","ES",2022,11.1634965533251,-0.00643283357340962,-0.02349782616902
"DefGDP_s3_GIS_POOLED_AR1","DefGDP","GIS",3,"POOLED_AR1","ES",2023,11.1682873505382,-0.00773816981015507,-0.00242376211527169
"DefGDP_s3_GIS_POOLED_AR1","DefGDP","GIS",3,"POOLED_AR1","ES",2024,11.1718055184556,-0.00429581953846103,0.00209697590916087
"DefGDP_s3_GIS_POOLED_AR1","DefGDP","GIS",3,"POOLED_AR1","IT",1981,11.0468697206205,-0.126137119901795,NA
"DefGDP_s3_GIS_POOLED_AR1","DefGDP","GIS",3,"POOLED_AR1","IT",1982,11.0172039364822,-0.113692621396469,-0.00948596456837657
"DefGDP_s3_GIS_POOLED_AR1","DefGDP","GIS",3,"POOLED_AR1","IT",1983,11.009620234593,-0.12569917781852,-0.0317733929982226
"DefGDP_s3_GIS_POOLED_AR1","DefGDP","GIS",3,"POOLED_AR1","IT",1984,11.0006078481033,-0.0441992588152029,0.059645597454751
"DefGDP_s3_GIS_POOLED_AR1","DefGDP","GIS",3,"POOLED_AR1","IT",1985,10.9887470269233,0.00144214296688538,0.0379568263447666
"DefGDP_s3_GIS_POOLED_AR1","DefGDP","GIS",3,"POOLED_AR1","IT",1986,11.0273370543561,-0.0183443455342118,-0.0195357545132996
"DefGDP_s3_GIS_POOLED_AR1","DefGDP","GIS",3,"POOLED_AR1","IT",1987,11.0344800472588,0.00124406012466771,0.0163990194364694
"DefGDP_s3_GIS_POOLED_AR1","DefGDP","GIS",3,"POOLED_AR1","IT",1988,11.0408971448437,0.00903523407310836,0.00800746883964105
"DefGDP_s3_GIS_POOLED_AR1","DefGDP","GIS",3,"POOLED_AR1","IT",1989,11.0502716814571,0.0255533864986965,0.0180890370894907
"DefGDP_s3_GIS_POOLED_AR1","DefGDP","GIS",3,"POOLED_AR1","IT",1990,11.069132273968,-0.0501308245024585,-0.0712414458622806
"DefGDP_s3_GIS_POOLED_AR1","DefGDP","GIS",3,"POOLED_AR1","IT",1991,11.0601999817059,-0.0679772072518663,-0.0265622325837894
"DefGDP_s3_GIS_POOLED_AR1","DefGDP","GIS",3,"POOLED_AR1","IT",1992,11.0665155058369,-0.0560970419782034,6.15060665147479e-05
"DefGDP_s3_GIS_POOLED_AR1","DefGDP","GIS",3,"POOLED_AR1","IT",1993,11.0486144445121,-0.0201379467345379,0.026205946379915
"DefGDP_s3_GIS_POOLED_AR1","DefGDP","GIS",3,"POOLED_AR1","IT",1994,11.058099147549,0.0234542811209533,0.04009100238288
"DefGDP_s3_GIS_POOLED_AR1","DefGDP","GIS",3,"POOLED_AR1","IT",1995,11.0980696411548,0.0341625709342726,0.0147861001077336
"DefGDP_s3_GIS_POOLED_AR1","DefGDP","GIS",3,"POOLED_AR1","IT",1996,11.0970063048894,0.0433947745855576,0.0151717795743767
"DefGDP_s3_GIS_POOLED_AR1","DefGDP","GIS",3,"POOLED_AR1","IT",1997,11.0757198375886,0.0765491074786997,0.0406990390223224
"DefGDP_s3_GIS_POOLED_AR1","DefGDP","GIS",3,"POOLED_AR1","IT",1998,11.0704868582516,0.0770400950691386,0.0137999752714129
"DefGDP_s3_GIS_POOLED_AR1","DefGDP","GIS",3,"POOLED_AR1","IT",1999,11.0580934724791,0.0845323430413778,0.0208865997809985
"DefGDP_s3_GIS_POOLED_AR1","DefGDP","GIS",3,"POOLED_AR1","IT",2000,11.0626691000912,0.110015539282022,0.0401801659276473
"DefGDP_s3_GIS_POOLED_AR1","DefGDP","GIS",3,"POOLED_AR1","IT",2001,11.0645348619546,0.103286441555516,0.0123984336745305
"DefGDP_s3_GIS_POOLED_AR1","DefGDP","GIS",3,"POOLED_AR1","IT",2002,11.0632682867634,0.0818468882757273,-0.00348195686161384
"DefGDP_s3_GIS_POOLED_AR1","DefGDP","GIS",3,"POOLED_AR1","IT",2003,11.0716148917626,0.0276267079191754,-0.039990109443043
"DefGDP_s3_GIS_POOLED_AR1","DefGDP","GIS",3,"POOLED_AR1","IT",2004,11.0865455173411,0.0230564587650939,0.00023298797659934
"DefGDP_s3_GIS_POOLED_AR1","DefGDP","GIS",3,"POOLED_AR1","IT",2005,11.0892134137788,0.0146121622187732,-0.00443565247745415
"DefGDP_s3_GIS_POOLED_AR1","DefGDP","GIS",3,"POOLED_AR1","IT",2006,11.1029938561615,0.0124674260260456,0.000395764844677175
"DefGDP_s3_GIS_POOLED_AR1","DefGDP","GIS",3,"POOLED_AR1","IT",2007,11.1535667336179,-0.00677544501777128,-0.0170752583196546
"DefGDP_s3_GIS_POOLED_AR1","DefGDP","GIS",3,"POOLED_AR1","IT",2008,11.1694481331129,-0.0529252685126007,-0.0473278165145355
"DefGDP_s3_GIS_POOLED_AR1","DefGDP","GIS",3,"POOLED_AR1","IT",2009,11.0913991259984,-0.100405415156972,-0.0566818443498927
"DefGDP_s3_GIS_POOLED_AR1","DefGDP","GIS",3,"POOLED_AR1","IT",2010,11.0863234821946,-0.00487887892893824,0.0780698410758527
"DefGDP_s3_GIS_POOLED_AR1","DefGDP","GIS",3,"POOLED_AR1","IT",2011,11.1321784938815,-0.03848843929228,-0.034457812442313
"DefGDP_s3_GIS_POOLED_AR1","DefGDP","GIS",3,"POOLED_AR1","IT",2012,11.1400989045616,-0.0852284436920563,-0.0534316848291452
"DefGDP_s3_GIS_POOLED_AR1","DefGDP","GIS",3,"POOLED_AR1","IT",2013,11.1478847712081,-0.0801626118124492,-0.00975216332016442
"DefGDP_s3_GIS_POOLED_AR1","DefGDP","GIS",3,"POOLED_AR1","IT",2014,11.1592307098243,-0.0657964198411651,0.000428952880894229
"DefGDP_s3_GIS_POOLED_AR1","DefGDP","GIS",3,"POOLED_AR1","IT",2015,11.1452625178418,-0.00383096581933984,0.050525951067961
"DefGDP_s3_GIS_POOLED_AR1","DefGDP","GIS",3,"POOLED_AR1","IT",2016,11.1440360712469,0.0275616391201723,0.0307265452220946
"DefGDP_s3_GIS_POOLED_AR1","DefGDP","GIS",3,"POOLED_AR1","IT",2017,11.1475038161423,0.0427277910211874,0.0199580760344205
"DefGDP_s3_GIS_POOLED_AR1","DefGDP","GIS",3,"POOLED_AR1","IT",2018,11.1589219511773,0.0365319349707782,0.00123288692343215
"DefGDP_s3_GIS_POOLED_AR1","DefGDP","GIS",3,"POOLED_AR1","IT",2019,11.1591161517387,0.0254384535260215,-0.00474196294242124
"DefGDP_s3_GIS_POOLED_AR1","DefGDP","GIS",3,"POOLED_AR1","IT",2020,11.1228362408641,-0.0311637946170045,-0.0521794654907912
"DefGDP_s3_GIS_POOLED_AR1","DefGDP","GIS",3,"POOLED_AR1","IT",2021,11.2398896011816,-0.00739729898133312,0.0183482932253359
"DefGDP_s3_GIS_POOLED_AR1","DefGDP","GIS",3,"POOLED_AR1","IT",2022,11.301031383047,-0.0409251916607598,-0.0348140025278327
"DefGDP_s3_GIS_POOLED_AR1","DefGDP","GIS",3,"POOLED_AR1","IT",2023,11.3152571975016,-0.0584355400417493,-0.024625687665724
"DefGDP_s3_GIS_POOLED_AR1","DefGDP","GIS",3,"POOLED_AR1","IT",2024,11.3335766039709,-0.0576682011318468,-0.00939238611057676
"DefInd_s1_FRUK_FE_AR1","DefInd","FRUK",1,"FE_AR1","FR",1981,10.9487046792881,-0.152643472923602,NA
"DefInd_s1_FRUK_FE_AR1","DefInd","FRUK",1,"FE_AR1","FR",1982,10.9702164342167,-0.16666508200429,-0.0605988034206672
"DefInd_s1_FRUK_FE_AR1","DefInd","FRUK",1,"FE_AR1","FR",1983,11.0364365314592,-0.200487972250171,-0.0846785984233786
"DefInd_s1_FRUK_FE_AR1","DefInd","FRUK",1,"FE_AR1","FR",1984,11.0618852571672,-0.190917897473991,-0.0516062537458943
"DefInd_s1_FRUK_FE_AR1","DefInd","FRUK",1,"FE_AR1","FR",1985,11.085752736604,-0.168497884991183,-0.0358361306938938
"DefInd_s1_FRUK_FE_AR1","DefInd","FRUK",1,"FE_AR1","FR",1986,11.0676161204187,-0.127761060694089,-0.0106781401608878
"DefInd_s1_FRUK_FE_AR1","DefInd","FRUK",1,"FE_AR1","FR",1987,11.0618518211062,-0.0977869347485534,-0.00901052003411144
"DefInd_s1_FRUK_FE_AR1","DefInd","FRUK",1,"FE_AR1","FR",1988,11.0631466170724,-0.0436853180507732,0.0242631900919215
"DefInd_s1_FRUK_FE_AR1","DefInd","FRUK",1,"FE_AR1","FR",1989,11.0774945563493,-0.0303135540369333,4.17505538274146e-05
"DefInd_s1_FRUK_FE_AR1","DefInd","FRUK",1,"FE_AR1","FR",1990,11.102707888682,-0.02835463653998,-0.0072908739973767
"DefInd_s1_FRUK_FE_AR1","DefInd","FRUK",1,"FE_AR1","FR",1991,11.1330660700807,-0.0481769602859234,-0.0284743767375779
"DefInd_s1_FRUK_FE_AR1","DefInd","FRUK",1,"FE_AR1","FR",1992,11.1186432811032,-0.00508224056759587,0.0283941393465089
"DefInd_s1_FRUK_FE_AR1","DefInd","FRUK",1,"FE_AR1","FR",1993,11.135546266971,-0.013471206754577,-0.00993974659092228
"DefInd_s1_FRUK_FE_AR1","DefInd","FRUK",1,"FE_AR1","FR",1994,11.1247495667585,0.0210588415632085,0.0304194826775762
"DefInd_s1_FRUK_FE_AR1","DefInd","FRUK",1,"FE_AR1","FR",1995,11.1414051905381,0.0397561759085168,0.0251231692485493
"DefInd_s1_FRUK_FE_AR1","DefInd","FRUK",1,"FE_AR1","FR",1996,11.147553727173,0.0262588527011989,-0.00136623698372163
"DefInd_s1_FRUK_FE_AR1","DefInd","FRUK",1,"FE_AR1","FR",1997,11.1776090969285,0.0484557838856752,0.0302094826678979
"DefInd_s1_FRUK_FE_AR1","DefInd","FRUK",1,"FE_AR1","FR",1998,11.1732582973563,0.0861666620736443,0.0524965379984527
"DefInd_s1_FRUK_FE_AR1","DefInd","FRUK",1,"FE_AR1","FR",1999,11.1882487009294,0.0961639960206941,0.0362899836631643
"DefInd_s1_FRUK_FE_AR1","DefInd","FRUK",1,"FE_AR1","FR",2000,11.2176160254674,0.109770136004927,0.0429493476915596
"DefInd_s1_FRUK_FE_AR1","DefInd","FRUK",1,"FE_AR1","FR",2001,11.2379489358443,0.0717099519948583,-0.00456523752135533
"DefInd_s1_FRUK_FE_AR1","DefInd","FRUK",1,"FE_AR1","FR",2002,11.249570701536,0.05475551984612,0.00492693825120546
"DefInd_s1_FRUK_FE_AR1","DefInd","FRUK",1,"FE_AR1","FR",2003,11.254516918037,0.0459161291953052,0.00786855263828858
"DefInd_s1_FRUK_FE_AR1","DefInd","FRUK",1,"FE_AR1","FR",2004,11.2409814619965,0.0884215304149745,0.0565161180351844
"DefInd_s1_FRUK_FE_AR1","DefInd","FRUK",1,"FE_AR1","FR",2005,11.3033761554045,0.0324589229000942,-0.028981913698788
"DefInd_s1_FRUK_FE_AR1","DefInd","FRUK",1,"FE_AR1","FR",2006,11.1946356499283,0.145249833961062,0.122695334296547
"DefInd_s1_FRUK_FE_AR1","DefInd","FRUK",1,"FE_AR1","FR",2007,11.1672484564987,0.203686464716535,0.102757751172067
"DefInd_s1_FRUK_FE_AR1","DefInd","FRUK",1,"FE_AR1","FR",2008,11.3373883828837,0.00395513771715805,-0.137579019600857
"DefInd_s1_FRUK_FE_AR1","DefInd","FRUK",1,"FE_AR1","FR",2009,11.3369105716301,-0.0261992641700211,-0.0289475424351169
"DefInd_s1_FRUK_FE_AR1","DefInd","FRUK",1,"FE_AR1","FR",2010,11.3619858460793,-0.00730842517316432,0.0108964701880293
"DefInd_s1_FRUK_FE_AR1","DefInd","FRUK",1,"FE_AR1","FR",2011,11.3952116757694,-0.006711989682465,-0.00163363653982927
"DefInd_s1_FRUK_FE_AR1","DefInd","FRUK",1,"FE_AR1","FR",2012,11.3618035482561,0.0274539845053408,0.0321178967832476
"DefInd_s1_FRUK_FE_AR1","DefInd","FRUK",1,"FE_AR1","FR",2013,11.3736476135039,0.0350016361086762,0.0159248821997072
"DefInd_s1_FRUK_FE_AR1","DefInd","FRUK",1,"FE_AR1","FR",2014,11.3672300243994,0.050134952426184,0.0258136158155873
"DefInd_s1_FRUK_FE_AR1","DefInd","FRUK",1,"FE_AR1","FR",2015,11.3340637986884,0.127638310931889,0.092801395019515
"DefInd_s1_FRUK_FE_AR1","DefInd","FRUK",1,"FE_AR1","FR",2016,11.3321568577418,0.128373501444779,0.0396823809798991
"DefInd_s1_FRUK_FE_AR1","DefInd","FRUK",1,"FE_AR1","FR",2017,11.3506308002427,0.121410366839813,0.032208389800075
"DefInd_s1_FRUK_FE_AR1","DefInd","FRUK",1,"FE_AR1","FR",2018,11.4365139210945,0.0388311190296733,-0.0455324344556211
"DefInd_s1_FRUK_FE_AR1","DefInd","FRUK",1,"FE_AR1","FR",2019,11.4542173015068,0.0131481275065841,-0.0138341745193697
"DefInd_s1_FRUK_FE_AR1","DefInd","FRUK",1,"FE_AR1","FR",2020,11.3368972232418,-0.0123369070999484,-0.0214730524473772
"DefInd_s1_FRUK_FE_AR1","DefInd","FRUK",1,"FE_AR1","FR",2021,11.3801021434992,-0.010911314591457,-0.00233885616751695
"DefInd_s1_FRUK_FE_AR1","DefInd","FRUK",1,"FE_AR1","FR",2022,11.419192497389,0.00815790933497595,0.0157397764859563
"DefInd_s1_FRUK_FE_AR1","DefInd","FRUK",1,"FE_AR1","FR",2023,11.4254058498606,0.0217075974988958,0.0160389693708096
"DefInd_s1_FRUK_FE_AR1","DefInd","FRUK",1,"FE_AR1","FR",2024,11.4389834446679,0.0119835477642471,-0.00310025529395112
"DefInd_s1_FRUK_FE_AR1","DefInd","FRUK",1,"FE_AR1","UK",1981,11.1630396311151,-0.421176537551885,NA
"DefInd_s1_FRUK_FE_AR1","DefInd","FRUK",1,"FE_AR1","UK",1982,11.1552849958056,-0.37326271045054,-0.0806027813409447
"DefInd_s1_FRUK_FE_AR1","DefInd","FRUK",1,"FE_AR1","UK",1983,11.1333282263228,-0.287515891041114,-0.0281495003711371
"DefInd_s1_FRUK_FE_AR1","DefInd","FRUK",1,"FE_AR1","UK",1984,11.106465994965,-0.212428514883243,-0.012644403500712
"DefInd_s1_FRUK_FE_AR1","DefInd","FRUK",1,"FE_AR1","UK",1985,11.0944891361548,-0.172059009240911,-0.0244503260318476
"DefInd_s1_FRUK_FE_AR1","DefInd","FRUK",1,"FE_AR1","UK",1986,11.1067012070509,-0.138709937563966,-0.0191525240864671
"DefInd_s1_FRUK_FE_AR1","DefInd","FRUK",1,"FE_AR1","UK",1987,11.0871763810342,-0.0688880212456766,0.0274963612515699
"DefInd_s1_FRUK_FE_AR1","DefInd","FRUK",1,"FE_AR1","UK",1988,11.101370729813,-0.0420397618457553,0.00582796490713008
"DefInd_s1_FRUK_FE_AR1","DefInd","FRUK",1,"FE_AR1","UK",1989,11.0702569509804,-0.00978879155181112,0.0194230771649912
"DefInd_s1_FRUK_FE_AR1","DefInd","FRUK",1,"FE_AR1","UK",1990,11.0984461737461,-0.0504810180964252,-0.0436791505036258
"DefInd_s1_FRUK_FE_AR1","DefInd","FRUK",1,"FE_AR1","UK",1991,11.0930045037983,0.00210390547154127,0.0371812895617223
"DefInd_s1_FRUK_FE_AR1","DefInd","FRUK",1,"FE_AR1","UK",1992,11.1009165505044,0.0416148167334587,0.0401528909820065
"DefInd_s1_FRUK_FE_AR1","DefInd","FRUK",1,"FE_AR1","UK",1993,11.1038786823347,0.0740201695190663,0.0451035793739601
"DefInd_s1_FRUK_FE_AR1","DefInd","FRUK",1,"FE_AR1","UK",1994,11.1400857915013,0.11481449403848,0.0633806281112703
"DefInd_s1_FRUK_FE_AR1","DefInd","FRUK",1,"FE_AR1","UK",1995,11.0794901218573,0.125635445182818,0.0458551186685082
"DefInd_s1_FRUK_FE_AR1","DefInd","FRUK",1,"FE_AR1","UK",1996,11.0642066177991,0.139116112440178,0.051816708977262
"DefInd_s1_FRUK_FE_AR1","DefInd","FRUK",1,"FE_AR1","UK",1997,11.1419389146535,0.0956183676060274,-0.00104825072317932
"DefInd_s1_FRUK_FE_AR1","DefInd","FRUK",1,"FE_AR1","UK",1998,11.1409375276391,0.0981002413516787,0.0316585899534029
"DefInd_s1_FRUK_FE_AR1","DefInd","FRUK",1,"FE_AR1","UK",1999,11.1668155008773,0.0980581424104976,0.0298919291487257
"DefInd_s1_FRUK_FE_AR1","DefInd","FRUK",1,"FE_AR1","UK",2000,11.1996697000873,0.105112085335035,0.0369751250635017
"DefInd_s1_FRUK_FE_AR1","DefInd","FRUK",1,"FE_AR1","UK",2001,11.2420550351923,0.0749166965203578,0.00187821336666719
"DefInd_s1_FRUK_FE_AR1","DefInd","FRUK",1,"FE_AR1","UK",2002,11.2970144504197,0.0579184636569874,0.00586163442282805
"DefInd_s1_FRUK_FE_AR1","DefInd","FRUK",1,"FE_AR1","UK",2003,11.3214965103995,0.0753331201098693,0.035087731402996
"DefInd_s1_FRUK_FE_AR1","DefInd","FRUK",1,"FE_AR1","UK",2004,11.3984423320929,0.0101721833802522,-0.0421740031359969
"DefInd_s1_FRUK_FE_AR1","DefInd","FRUK",1,"FE_AR1","UK",2005,11.3620095136777,0.0790799298070919,0.0720116574758306
"DefInd_s1_FRUK_FE_AR1","DefInd","FRUK",1,"FE_AR1","UK",2006,11.4592128453557,-0.0111540500882867,-0.0661037554680272
"DefInd_s1_FRUK_FE_AR1","DefInd","FRUK",1,"FE_AR1","UK",2007,11.4473065632757,0.0128249482117759,0.0205754832418065
"DefInd_s1_FRUK_FE_AR1","DefInd","FRUK",1,"FE_AR1","UK",2008,11.4628881491477,0.0138517470136268,0.00494016695195207
"DefInd_s1_FRUK_FE_AR1","DefInd","FRUK",1,"FE_AR1","UK",2009,11.4635009965082,-0.0236059741527015,-0.0332310385558977
"DefInd_s1_FRUK_FE_AR1","DefInd","FRUK",1,"FE_AR1","UK",2010,11.4280119431048,0.0980149478414614,0.114417862311125
"DefInd_s1_FRUK_FE_AR1","DefInd","FRUK",1,"FE_AR1","UK",2011,11.4943607911472,0.0352869882637581,-0.0328199577064434
"DefInd_s1_FRUK_FE_AR1","DefInd","FRUK",1,"FE_AR1","UK",2012,11.4584804760067,0.0800928790019135,0.0555732617796689
"DefInd_s1_FRUK_FE_AR1","DefInd","FRUK",1,"FE_AR1","UK",2013,11.4708985184678,0.118827565796208,0.0631739996523533
"DefInd_s1_FRUK_FE_AR1","DefInd","FRUK",1,"FE_AR1","UK",2014,11.4346379070571,0.161567793160192,0.0789989321682617
"DefInd_s1_FRUK_FE_AR1","DefInd","FRUK",1,"FE_AR1","UK",2015,11.3931725089191,0.203171740855959,0.0909042836811148
"DefInd_s1_FRUK_FE_AR1","DefInd","FRUK",1,"FE_AR1","UK",2016,11.4032943168274,0.195379860769334,0.0542033659398872
"DefInd_s1_FRUK_FE_AR1","DefInd","FRUK",1,"FE_AR1","UK",2017,11.4387359695442,0.165262471666182,0.029500264838239
"DefInd_s1_FRUK_FE_AR1","DefInd","FRUK",1,"FE_AR1","UK",2018,11.4837568722248,0.106948307418769,-0.00788644459146901
"DefInd_s1_FRUK_FE_AR1","DefInd","FRUK",1,"FE_AR1","UK",2019,11.5123667596803,0.0891445622726206,0.0148301566091469
"DefInd_s1_FRUK_FE_AR1","DefInd","FRUK",1,"FE_AR1","UK",2020,11.5177054679484,0.0198555840362058,-0.0420876605397034
"DefInd_s1_FRUK_FE_AR1","DefInd","FRUK",1,"FE_AR1","UK",2021,11.4783290104802,0.134811478878174,0.121014571172341
"DefInd_s1_FRUK_FE_AR1","DefInd","FRUK",1,"FE_AR1","UK",2022,11.5471583819385,0.0385778105345764,-0.0550976778508268
"DefInd_s1_FRUK_FE_AR1","DefInd","FRUK",1,"FE_AR1","UK",2023,11.5758081018339,0.0425495234195097,0.0157432360563118
"DefInd_s1_FRUK_FE_AR1","DefInd","FRUK",1,"FE_AR1","UK",2024,11.6021727268057,0.019051939929879,-0.0105141431667293
"DefInd_s1_FRUK_POOLED_AR1","DefInd","FRUK",1,"POOLED_AR1","FR",1981,11.0925492379205,-0.296488031556047,NA
"DefInd_s1_FRUK_POOLED_AR1","DefInd","FRUK",1,"POOLED_AR1","FR",1982,11.1278271348305,-0.324275782618106,-0.0994991859525083
"DefInd_s1_FRUK_POOLED_AR1","DefInd","FRUK",1,"POOLED_AR1","FR",1983,11.1789559571785,-0.343007397969535,-0.0971640618475771
"DefInd_s1_FRUK_POOLED_AR1","DefInd","FRUK",1,"POOLED_AR1","FR",1984,11.2005455520418,-0.329578192348592,-0.0695338487638847
"DefInd_s1_FRUK_POOLED_AR1","DefInd","FRUK",1,"POOLED_AR1","FR",1985,11.2168113437448,-0.299556492131968,-0.049693237880128
"DefInd_s1_FRUK_POOLED_AR1","DefInd","FRUK",1,"POOLED_AR1","FR",1986,11.1949669310677,-0.255111871343111,-0.0280089813642952
"DefInd_s1_FRUK_POOLED_AR1","DefInd","FRUK",1,"POOLED_AR1","FR",1987,11.1810055764202,-0.216940690062572,-0.0235326192256338
"DefInd_s1_FRUK_POOLED_AR1","DefInd","FRUK",1,"POOLED_AR1","FR",1988,11.1766590729897,-0.157197773968099,0.0072715630726887
"DefInd_s1_FRUK_POOLED_AR1","DefInd","FRUK",1,"POOLED_AR1","FR",1989,11.1833807987511,-0.136199796438682,-0.0170233816251968
"DefInd_s1_FRUK_POOLED_AR1","DefInd","FRUK",1,"POOLED_AR1","FR",1990,11.186513220082,-0.112159967940009,-0.00890275870508341
"DefInd_s1_FRUK_POOLED_AR1","DefInd","FRUK",1,"POOLED_AR1","FR",1991,11.2099139645002,-0.125024854705444,-0.0399929708099486
"DefInd_s1_FRUK_POOLED_AR1","DefInd","FRUK",1,"POOLED_AR1","FR",1992,11.1970407110438,-0.0834796705081562,0.0113054754277872
"DefInd_s1_FRUK_POOLED_AR1","DefInd","FRUK",1,"POOLED_AR1","FR",1993,11.2236504921243,-0.101575431907857,-0.0382869540252632
"DefInd_s1_FRUK_POOLED_AR1","DefInd","FRUK",1,"POOLED_AR1","FR",1994,11.2057713089748,-0.0599629006531046,0.0170445244670905
"DefInd_s1_FRUK_POOLED_AR1","DefInd","FRUK",1,"POOLED_AR1","FR",1995,11.1987821900065,-0.0176208235598772,0.0278388756538306
"DefInd_s1_FRUK_POOLED_AR1","DefInd","FRUK",1,"POOLED_AR1","FR",1996,11.2020878596211,-0.028275279746877,-0.0149163973345007
"DefInd_s1_FRUK_POOLED_AR1","DefInd","FRUK",1,"POOLED_AR1","FR",1997,11.2276484294234,-0.0015835486091742,0.0198528011750473
"DefInd_s1_FRUK_POOLED_AR1","DefInd","FRUK",1,"POOLED_AR1","FR",1998,11.2185664344039,0.0408585250259517,0.0420590614022655
"DefInd_s1_FRUK_POOLED_AR1","DefInd","FRUK",1,"POOLED_AR1","FR",1999,11.23742193779,0.0469907591600602,0.0160146683144726
"DefInd_s1_FRUK_POOLED_AR1","DefInd","FRUK",1,"POOLED_AR1","FR",2000,11.264588972231,0.0627971892413015,0.0271720651400124
"DefInd_s1_FRUK_POOLED_AR1","DefInd","FRUK",1,"POOLED_AR1","FR",2001,11.2786880604253,0.0309708274139364,-0.0166376322049704
"DefInd_s1_FRUK_POOLED_AR1","DefInd","FRUK",1,"POOLED_AR1","FR",2002,11.291624112258,0.0127021091240707,-0.0107778173521731
"DefInd_s1_FRUK_POOLED_AR1","DefInd","FRUK",1,"POOLED_AR1","FR",2003,11.2893872896963,0.0110457575360154,0.00141590217760813
"DefInd_s1_FRUK_POOLED_AR1","DefInd","FRUK",1,"POOLED_AR1","FR",2004,11.2682845365688,0.0611184558426867,0.0527443310137403
"DefInd_s1_FRUK_POOLED_AR1","DefInd","FRUK",1,"POOLED_AR1","FR",2005,11.3240744050828,0.011760673221799,-0.0345750875361483
"DefInd_s1_FRUK_POOLED_AR1","DefInd","FRUK",1,"POOLED_AR1","FR",2006,11.2503741765353,0.0895113073540834,0.0805951831941357
"DefInd_s1_FRUK_POOLED_AR1","DefInd","FRUK",1,"POOLED_AR1","FR",2007,11.2275775118034,0.143357409411765,0.0754961641380726
"DefInd_s1_FRUK_POOLED_AR1","DefInd","FRUK",1,"POOLED_AR1","FR",2008,11.3467114410835,-0.00536792048260892,-0.114051533865774
"DefInd_s1_FRUK_POOLED_AR1","DefInd","FRUK",1,"POOLED_AR1","FR",2009,11.3578646785634,-0.0471533711032546,-0.0430837872791794
"DefInd_s1_FRUK_POOLED_AR1","DefInd","FRUK",1,"POOLED_AR1","FR",2010,11.3756697279743,-0.0209923070682088,0.0147560980942974
"DefInd_s1_FRUK_POOLED_AR1","DefInd","FRUK",1,"POOLED_AR1","FR",2011,11.4061988763457,-0.0176991902587975,-0.00178428362939063
"DefInd_s1_FRUK_POOLED_AR1","DefInd","FRUK",1,"POOLED_AR1","FR",2012,11.396154167451,-0.00689663468964596,0.00652165990130229
"DefInd_s1_FRUK_POOLED_AR1","DefInd","FRUK",1,"POOLED_AR1","FR",2013,11.4047412397673,0.00390800984528106,0.00913655841720368
"DefInd_s1_FRUK_POOLED_AR1","DefInd","FRUK",1,"POOLED_AR1","FR",2014,11.4012524336446,0.0161125431809683,0.0131497620253591
"DefInd_s1_FRUK_POOLED_AR1","DefInd","FRUK",1,"POOLED_AR1","FR",2015,11.3950218729523,0.0666802366679526,0.0544648274966691
"DefInd_s1_FRUK_POOLED_AR1","DefInd","FRUK",1,"POOLED_AR1","FR",2016,11.3940093086896,0.0665210504969966,0.0159687344914662
"DefInd_s1_FRUK_POOLED_AR1","DefInd","FRUK",1,"POOLED_AR1","FR",2017,11.4025607003411,0.0694804667413642,0.019048834614896
"DefInd_s1_FRUK_POOLED_AR1","DefInd","FRUK",1,"POOLED_AR1","FR",2018,11.4650102863507,0.0103347537735399,-0.0423405018409816
"DefInd_s1_FRUK_POOLED_AR1","DefInd","FRUK",1,"POOLED_AR1","FR",2019,11.483959880907,-0.0165944518935905,-0.0244295431396063
"DefInd_s1_FRUK_POOLED_AR1","DefInd","FRUK",1,"POOLED_AR1","FR",2020,11.3812344087042,-0.0566740925622788,-0.0440933337350304
"DefInd_s1_FRUK_POOLED_AR1","DefInd","FRUK",1,"POOLED_AR1","FR",2021,11.3470080603259,0.0221827685818194,0.0651491223277107
"DefInd_s1_FRUK_POOLED_AR1","DefInd","FRUK",1,"POOLED_AR1","FR",2022,11.3650182893809,0.062332117343125,0.0455146856232907
"DefInd_s1_FRUK_POOLED_AR1","DefInd","FRUK",1,"POOLED_AR1","FR",2023,11.367222034408,0.079891412951536,0.0326355384873428
"DefInd_s1_FRUK_POOLED_AR1","DefInd","FRUK",1,"POOLED_AR1","FR",2024,11.3751736264131,0.0757933660190684,0.0152252553543469
"DefInd_s1_FRUK_POOLED_AR1","DefInd","FRUK",1,"POOLED_AR1","UK",1981,11.0989494356917,-0.357086342128508,NA
"DefInd_s1_FRUK_POOLED_AR1","DefInd","FRUK",1,"POOLED_AR1","UK",1982,11.1104278511464,-0.328405565791286,-0.0576875463212819
"DefInd_s1_FRUK_POOLED_AR1","DefInd","FRUK",1,"POOLED_AR1","UK",1983,11.1094558575987,-0.263643522317032,-0.0146692719326592
"DefInd_s1_FRUK_POOLED_AR1","DefInd","FRUK",1,"POOLED_AR1","UK",1984,11.08200593716,-0.18796845707816,0.0119077179172903
"DefInd_s1_FRUK_POOLED_AR1","DefInd","FRUK",1,"POOLED_AR1","UK",1985,11.0590727863603,-0.13664265944635,0.00586194635769649
"DefInd_s1_FRUK_POOLED_AR1","DefInd","FRUK",1,"POOLED_AR1","UK",1986,11.0772318485813,-0.109240579094394,-0.00564762194030097
"DefInd_s1_FRUK_POOLED_AR1","DefInd","FRUK",1,"POOLED_AR1","UK",1987,11.0492752632683,-0.0309869034797821,0.0518317029163924
"DefInd_s1_FRUK_POOLED_AR1","DefInd","FRUK",1,"POOLED_AR1","UK",1988,11.0659838747225,-0.00665290675525476,0.0168392074755826
"DefInd_s1_FRUK_POOLED_AR1","DefInd","FRUK",1,"POOLED_AR1","UK",1989,11.0403406673311,0.0201274920975489,0.0251712631075671
"DefInd_s1_FRUK_POOLED_AR1","DefInd","FRUK",1,"POOLED_AR1","UK",1990,11.0610906487457,-0.0131254930959717,-0.0283847571861834
"DefInd_s1_FRUK_POOLED_AR1","DefInd","FRUK",1,"POOLED_AR1","UK",1991,11.0654584888924,0.0296499203774214,0.0396007560053769
"DefInd_s1_FRUK_POOLED_AR1","DefInd","FRUK",1,"POOLED_AR1","UK",1992,11.0766168909222,0.0659144763156583,0.0434359696492505
"DefInd_s1_FRUK_POOLED_AR1","DefInd","FRUK",1,"POOLED_AR1","UK",1993,11.0852149324876,0.0926839193661824,0.0427121495801631
"DefInd_s1_FRUK_POOLED_AR1","DefInd","FRUK",1,"POOLED_AR1","UK",1994,11.1061228741102,0.148777411429579,0.0785109124703425
"DefInd_s1_FRUK_POOLED_AR1","DefInd","FRUK",1,"POOLED_AR1","UK",1995,11.0300244201856,0.175101146854482,0.0623084650509453
"DefInd_s1_FRUK_POOLED_AR1","DefInd","FRUK",1,"POOLED_AR1","UK",1996,11.0105012603982,0.192821469841146,0.0600719633749692
"DefInd_s1_FRUK_POOLED_AR1","DefInd","FRUK",1,"POOLED_AR1","UK",1997,11.0905070796121,0.147050202647369,0.000866380226335867
"DefInd_s1_FRUK_POOLED_AR1","DefInd","FRUK",1,"POOLED_AR1","UK",1998,11.1031669508384,0.135870818152354,0.024387585872828
"DefInd_s1_FRUK_POOLED_AR1","DefInd","FRUK",1,"POOLED_AR1","UK",1999,11.1376280956334,0.127245547654372,0.0242377468666931
"DefInd_s1_FRUK_POOLED_AR1","DefInd","FRUK",1,"POOLED_AR1","UK",2000,11.1692635957833,0.135518189639006,0.0390494688191809
"DefInd_s1_FRUK_POOLED_AR1","DefInd","FRUK",1,"POOLED_AR1","UK",2001,11.212888072734,0.10408365897867,0.00134319659484348
"DefInd_s1_FRUK_POOLED_AR1","DefInd","FRUK",1,"POOLED_AR1","UK",2002,11.2587210599946,0.0962118540821226,0.0173028657127035
"DefInd_s1_FRUK_POOLED_AR1","DefInd","FRUK",1,"POOLED_AR1","UK",2003,11.2770254316746,0.119804198834846,0.0468630652384346
"DefInd_s1_FRUK_POOLED_AR1","DefInd","FRUK",1,"POOLED_AR1","UK",2004,11.3413815143053,0.0672330011678852,-0.0235942067265237
"DefInd_s1_FRUK_POOLED_AR1","DefInd","FRUK",1,"POOLED_AR1","UK",2005,11.2746216450002,0.166467798484634,0.11549641489516
"DefInd_s1_FRUK_POOLED_AR1","DefInd","FRUK",1,"POOLED_AR1","UK",2006,11.3834071650857,0.0646516301816753,-0.0615526722362357
"DefInd_s1_FRUK_POOLED_AR1","DefInd","FRUK",1,"POOLED_AR1","UK",2007,11.3722301293969,0.0879013820906422,0.0388870143778845
"DefInd_s1_FRUK_POOLED_AR1","DefInd","FRUK",1,"POOLED_AR1","UK",2008,11.383751592603,0.0929883035582986,0.0263475916049668
"DefInd_s1_FRUK_POOLED_AR1","DefInd","FRUK",1,"POOLED_AR1","UK",2009,11.3753110443325,0.0645839780230055,-0.00591328385243937
"DefInd_s1_FRUK_POOLED_AR1","DefInd","FRUK",1,"POOLED_AR1","UK",2010,11.3466535780947,0.179373312851569,0.130410234298454
"DefInd_s1_FRUK_POOLED_AR1","DefInd","FRUK",1,"POOLED_AR1","UK",2011,11.4101909124579,0.119456866953055,-0.0165314985259995
"DefInd_s1_FRUK_POOLED_AR1","DefInd","FRUK",1,"POOLED_AR1","UK",2012,11.3888080015385,0.149765353470086,0.0592014684420086
"DefInd_s1_FRUK_POOLED_AR1","DefInd","FRUK",1,"POOLED_AR1","UK",2013,11.3983522110577,0.191373873206334,0.0778322024861037
"DefInd_s1_FRUK_POOLED_AR1","DefInd","FRUK",1,"POOLED_AR1","UK",2014,11.3747200593395,0.221485640877773,0.0763992855052742
"DefInd_s1_FRUK_POOLED_AR1","DefInd","FRUK",1,"POOLED_AR1","UK",2015,11.3353132962962,0.261030953478947,0.0931159509558403
"DefInd_s1_FRUK_POOLED_AR1","DefInd","FRUK",1,"POOLED_AR1","UK",2016,11.3514756676809,0.247198509915792,0.0493030028376855
"DefInd_s1_FRUK_POOLED_AR1","DefInd","FRUK",1,"POOLED_AR1","UK",2017,11.3703819101335,0.233616531076926,0.0462078202832324
"DefInd_s1_FRUK_POOLED_AR1","DefInd","FRUK",1,"POOLED_AR1","UK",2018,11.3998567789227,0.190848400720899,0.0137366012843419
"DefInd_s1_FRUK_POOLED_AR1","DefInd","FRUK",1,"POOLED_AR1","UK",2019,11.4193702456415,0.182141076311373,0.0374530976163323
"DefInd_s1_FRUK_POOLED_AR1","DefInd","FRUK",1,"POOLED_AR1","UK",2020,11.4002201046626,0.137340947321967,-0.000745743838583335
"DefInd_s1_FRUK_POOLED_AR1","DefInd","FRUK",1,"POOLED_AR1","UK",2021,11.374317242465,0.238823246893407,0.134700896457062
"DefInd_s1_FRUK_POOLED_AR1","DefInd","FRUK",1,"POOLED_AR1","UK",2022,11.4455769858513,0.140159206621849,-0.0408999624771232
"DefInd_s1_FRUK_POOLED_AR1","DefInd","FRUK",1,"POOLED_AR1","UK",2023,11.4667967295047,0.151560895748728,0.0453019371983088
"DefInd_s1_FRUK_POOLED_AR1","DefInd","FRUK",1,"POOLED_AR1","UK",2024,11.490375841304,0.130848825431507,0.0159458994847348
"DefInd_s1_GIS_FE_AR1","DefInd","GIS",1,"FE_AR1","DE",1991,11.1766547308356,-0.162009805856677,NA
"DefInd_s1_GIS_FE_AR1","DefInd","GIS",1,"FE_AR1","DE",1992,11.1763864137528,-0.12552594318689,0.007747769076726
"DefInd_s1_GIS_FE_AR1","DefInd","GIS",1,"FE_AR1","DE",1993,11.1658140986968,-0.148175028198827,-0.0449139425784394
"DefInd_s1_GIS_FE_AR1","DefInd","GIS",1,"FE_AR1","DE",1994,11.1763348323813,-0.107013218222251,0.0148796262781223
"DefInd_s1_GIS_FE_AR1","DefInd","GIS",1,"FE_AR1","DE",1995,11.2193245139847,-0.125910517503605,-0.0378785074759354
"DefInd_s1_GIS_FE_AR1","DefInd","GIS",1,"FE_AR1","DE",1996,11.2143027214091,-0.110101874267691,-0.00652442726066538
"DefInd_s1_GIS_FE_AR1","DefInd","GIS",1,"FE_AR1","DE",1997,11.1943946914465,-0.0474572683551067,0.0431155548962113
"DefInd_s1_GIS_FE_AR1","DefInd","GIS",1,"FE_AR1","DE",1998,11.1972994664001,-0.0270967845283252,0.0119428667701338
"DefInd_s1_GIS_FE_AR1","DefInd","GIS",1,"FE_AR1","DE",1999,11.1785346759621,-0.0015393265833108,0.0207512319751753
"DefInd_s1_GIS_FE_AR1","DefInd","GIS",1,"FE_AR1","DE",2000,11.1651768999235,0.0551320536966742,0.0563983459871877
"DefInd_s1_GIS_FE_AR1","DefInd","GIS",1,"FE_AR1","DE",2001,11.1918559042567,0.033235871583237,-0.0121172687530519
"DefInd_s1_GIS_FE_AR1","DefInd","GIS",1,"FE_AR1","DE",2002,11.2032292996652,0.0104913427368096,-0.0168493973053912
"DefInd_s1_GIS_FE_AR1","DefInd","GIS",1,"FE_AR1","DE",2003,11.2257725209766,0.0129349399518262,0.00430447350708829
"DefInd_s1_GIS_FE_AR1","DefInd","GIS",1,"FE_AR1","DE",2004,11.2563696207249,0.0215459639150861,0.0109053273426809
"DefInd_s1_GIS_FE_AR1","DefInd","GIS",1,"FE_AR1","DE",2005,11.2637008768594,0.0389809759127591,0.021256674719523
"DefInd_s1_GIS_FE_AR1","DefInd","GIS",1,"FE_AR1","DE",2006,11.2884169005237,0.0914623516194801,0.0593955310953699
"DefInd_s1_GIS_FE_AR1","DefInd","GIS",1,"FE_AR1","DE",2007,11.3367794257716,0.0658421592253102,-0.00939728117912943
"DefInd_s1_GIS_FE_AR1","DefInd","GIS",1,"FE_AR1","DE",2008,11.3517381745162,-0.00344487039952135,-0.0576084374565184
"DefInd_s1_GIS_FE_AR1","DefInd","GIS",1,"FE_AR1","DE",2009,11.2449011970451,-0.0589402079489592,-0.0561063630222057
"DefInd_s1_GIS_FE_AR1","DefInd","GIS",1,"FE_AR1","DE",2010,11.2816633840504,0.0769961224559541,0.125481954985723
"DefInd_s1_GIS_FE_AR1","DefInd","GIS",1,"FE_AR1","DE",2011,11.3565616093028,0.0546237723984166,-0.00871535090555756
"DefInd_s1_GIS_FE_AR1","DefInd","GIS",1,"FE_AR1","DE",2012,11.3486102138266,0.0460533935093377,0.00111837931754202
"DefInd_s1_GIS_FE_AR1","DefInd","GIS",1,"FE_AR1","DE",2013,11.3457906848663,0.0348300341813559,-0.00305475114303566
"DefInd_s1_GIS_FE_AR1","DefInd","GIS",1,"FE_AR1","DE",2014,11.3451389681132,0.0686970438210288,0.0400449018776921
"DefInd_s1_GIS_FE_AR1","DefInd","GIS",1,"FE_AR1","DE",2015,11.3037212523343,0.124049348566984,0.0675372750961706
"DefInd_s1_GIS_FE_AR1","DefInd","GIS",1,"FE_AR1","DE",2016,11.3009708162283,0.160543734209384,0.0584973358448864
"DefInd_s1_GIS_FE_AR1","DefInd","GIS",1,"FE_AR1","DE",2017,11.3064495648958,0.161267684911477,0.0292000034177028
"DefInd_s1_GIS_FE_AR1","DefInd","GIS",1,"FE_AR1","DE",2018,11.3100798504311,0.135291588383526,0.0026283651751387
"DefInd_s1_GIS_FE_AR1","DefInd","GIS",1,"FE_AR1","DE",2019,11.2900926175867,0.13435895735784,0.0230643840042698
"DefInd_s1_GIS_FE_AR1","DefInd","GIS",1,"FE_AR1","DE",2020,11.2626229207165,0.105868138189013,-0.0046592272890329
"DefInd_s1_GIS_FE_AR1","DefInd","GIS",1,"FE_AR1","DE",2021,11.3563117555717,0.0656111713412209,-0.0214788644271653
"DefInd_s1_GIS_FE_AR1","DefInd","GIS",1,"FE_AR1","DE",2022,11.3947913780641,0.015459668780851,-0.0385138813037922
"DefInd_s1_GIS_FE_AR1","DefInd","GIS",1,"FE_AR1","DE",2023,11.399982705999,0.0197161639358931,0.00699861614367699
"DefInd_s1_GIS_FE_AR1","DefInd","GIS",1,"FE_AR1","DE",2024,11.399562399351,0.0240516582250603,0.00783260070912773
"DefInd_s1_GIS_FE_AR1","DefInd","GIS",1,"FE_AR1","ES",1981,10.850725179225,-0.0382535647395272,NA
"DefInd_s1_GIS_FE_AR1","DefInd","GIS",1,"FE_AR1","ES",1982,10.8464422133771,-0.00953437611099872,0.0219340560199768
"DefInd_s1_GIS_FE_AR1","DefInd","GIS",1,"FE_AR1","ES",1983,10.8479837241155,0.0220765747286151,0.0299198141653345
"DefInd_s1_GIS_FE_AR1","DefInd","GIS",1,"FE_AR1","ES",1984,10.8685221214371,0.0382956585888152,0.0201348623790442
"DefInd_s1_GIS_FE_AR1","DefInd","GIS",1,"FE_AR1","ES",1985,10.8653174279525,0.0794588788153785,0.0479558191288151
"DefInd_s1_GIS_FE_AR1","DefInd","GIS",1,"FE_AR1","ES",1986,10.8717684327884,0.114533988707612,0.0491689344380038
"DefInd_s1_GIS_FE_AR1","DefInd","GIS",1,"FE_AR1","ES",1987,10.8863609407434,0.090985974800585,-0.00323282741763511
"DefInd_s1_GIS_FE_AR1","DefInd","GIS",1,"FE_AR1","ES",1988,10.8898790348333,0.0997018116708173,0.0248542519106063
"DefInd_s1_GIS_FE_AR1","DefInd","GIS",1,"FE_AR1","ES",1989,10.8949216908249,0.0908511646644339,0.00883371830978089
"DefInd_s1_GIS_FE_AR1","DefInd","GIS",1,"FE_AR1","ES",1990,10.9199670231012,-0.00356755892543781,-0.0783042201681138
"DefInd_s1_GIS_FE_AR1","DefInd","GIS",1,"FE_AR1","ES",1991,10.9284675816375,-0.0150222929361608,-0.0120875210610996
"DefInd_s1_GIS_FE_AR1","DefInd","GIS",1,"FE_AR1","ES",1992,10.9278473700982,-0.0595639284974716,-0.0472061780778162
"DefInd_s1_GIS_FE_AR1","DefInd","GIS",1,"FE_AR1","ES",1993,10.9217759788262,-0.0784339044114635,-0.0294349822419911
"DefInd_s1_GIS_FE_AR1","DefInd","GIS",1,"FE_AR1","ES",1994,10.9341955111194,-0.0596039697525104,0.00491791244450202
"DefInd_s1_GIS_FE_AR1","DefInd","GIS",1,"FE_AR1","ES",1995,10.9688529181259,-0.0566348224424367,-0.00760296123773439
"DefInd_s1_GIS_FE_AR1","DefInd","GIS",1,"FE_AR1","ES",1996,10.9656373073625,-0.058568490507179,-0.011979131360785
"DefInd_s1_GIS_FE_AR1","DefInd","GIS",1,"FE_AR1","ES",1997,10.9671210673882,-0.0552384398017267,-0.00705839224044869
"DefInd_s1_GIS_FE_AR1","DefInd","GIS",1,"FE_AR1","ES",1998,10.9684648369682,-0.0604395531209825,-0.0149988966551689
"DefInd_s1_GIS_FE_AR1","DefInd","GIS",1,"FE_AR1","ES",1999,10.965136007188,-0.066263742390948,-0.016544507376783
"DefInd_s1_GIS_FE_AR1","DefInd","GIS",1,"FE_AR1","ES",2000,10.9703254492746,-0.0572436103478289,-0.00273323740945141
"DefInd_s1_GIS_FE_AR1","DefInd","GIS",1,"FE_AR1","ES",2001,10.9614559865293,-0.0323104531022036,0.0147797116818726
"DefInd_s1_GIS_FE_AR1","DefInd","GIS",1,"FE_AR1","ES",2002,10.9829282174911,-0.0555507419989727,-0.0289712765951341
"DefInd_s1_GIS_FE_AR1","DefInd","GIS",1,"FE_AR1","ES",2003,10.9944762691912,-0.0736394726828067,-0.0279419078591627
"DefInd_s1_GIS_FE_AR1","DefInd","GIS",1,"FE_AR1","ES",2004,10.9950692195403,-0.0845298437642121,-0.0239519926787352
"DefInd_s1_GIS_FE_AR1","DefInd","GIS",1,"FE_AR1","ES",2005,10.984550342816,-0.0738337199412573,-0.00429715074441357
"DefInd_s1_GIS_FE_AR1","DefInd","GIS",1,"FE_AR1","ES",2006,10.9950714033327,-0.0620418740779467,-0.00130422986702375
"DefInd_s1_GIS_FE_AR1","DefInd","GIS",1,"FE_AR1","ES",2007,11.0114529160632,-0.0585365953020016,-0.00749924709682814
"DefInd_s1_GIS_FE_AR1","DefInd","GIS",1,"FE_AR1","ES",2008,11.0126564403027,-0.0574125493728914,-0.00925873968267884
"DefInd_s1_GIS_FE_AR1","DefInd","GIS",1,"FE_AR1","ES",2009,10.9725403197273,-0.00910758994380423,0.0381215487184099
"DefInd_s1_GIS_FE_AR1","DefInd","GIS",1,"FE_AR1","ES",2010,10.9895107851564,0.00427772682002825,0.0117698802435029
"DefInd_s1_GIS_FE_AR1","DefInd","GIS",1,"FE_AR1","ES",2011,11.0249933866761,0.0121054216940717,0.00858644622008619
"DefInd_s1_GIS_FE_AR1","DefInd","GIS",1,"FE_AR1","ES",2012,11.009386171599,0.0394848675132611,0.0295266154237999
"DefInd_s1_GIS_FE_AR1","DefInd","GIS",1,"FE_AR1","ES",2013,11.0085085523007,0.0826736113960536,0.0501922758132884
"DefInd_s1_GIS_FE_AR1","DefInd","GIS",1,"FE_AR1","ES",2014,11.0132335948488,0.114131160713592,0.0461215792025878
"DefInd_s1_GIS_FE_AR1","DefInd","GIS",1,"FE_AR1","ES",2015,11.022954239023,0.118584629907096,0.0246972050513924
"DefInd_s1_GIS_FE_AR1","DefInd","GIS",1,"FE_AR1","ES",2016,11.0389456583172,0.0891210212268501,-0.00842994960208221
"DefInd_s1_GIS_FE_AR1","DefInd","GIS",1,"FE_AR1","ES",2017,11.0320585348236,0.111624074864327,0.038310677092995
"DefInd_s1_GIS_FE_AR1","DefInd","GIS",1,"FE_AR1","ES",2018,11.0266949016026,0.0893645424163925,-0.002460484818819
"DefInd_s1_GIS_FE_AR1","DefInd","GIS",1,"FE_AR1","ES",2019,11.0221202701596,0.0776804189718625,0.00416669398716484
"DefInd_s1_GIS_FE_AR1","DefInd","GIS",1,"FE_AR1","ES",2020,11.011427120855,0.0292385639344168,-0.0346634804624007
"DefInd_s1_GIS_FE_AR1","DefInd","GIS",1,"FE_AR1","ES",2021,11.1033111994782,0.041984523101819,0.0179320780279444
"DefInd_s1_GIS_FE_AR1","DefInd","GIS",1,"FE_AR1","ES",2022,11.1603238307254,-0.00326011097373424,-0.037797731840628
"DefInd_s1_GIS_FE_AR1","DefInd","GIS",1,"FE_AR1","ES",2023,11.1617245284779,-0.00117534774989814,0.00150650900292883
"DefInd_s1_GIS_FE_AR1","DefInd","GIS",1,"FE_AR1","ES",2024,11.1744261181274,-0.00691641921026154,-0.00594954589662898
"DefInd_s1_GIS_FE_AR1","DefInd","GIS",1,"FE_AR1","IT",1981,11.0302839733636,-0.109551372644942,NA
"DefInd_s1_GIS_FE_AR1","DefInd","GIS",1,"FE_AR1","IT",1982,11.0049051843419,-0.101393869256171,-0.0112739037469073
"DefInd_s1_GIS_FE_AR1","DefInd","GIS",1,"FE_AR1","IT",1983,10.99613714931,-0.112216092535546,-0.028806713176767
"DefInd_s1_GIS_FE_AR1","DefInd","GIS",1,"FE_AR1","IT",1984,10.9900016269583,-0.0335930376702365,0.0587189995478074
"DefInd_s1_GIS_FE_AR1","DefInd","GIS",1,"FE_AR1","IT",1985,10.9863560097955,0.0038331600946595,0.0314677147615825
"DefInd_s1_GIS_FE_AR1","DefInd","GIS",1,"FE_AR1","IT",1986,11.0277440944251,-0.0187513856031671,-0.0219046482888095
"DefInd_s1_GIS_FE_AR1","DefInd","GIS",1,"FE_AR1","IT",1987,11.0547139095912,-0.018989802207745,-0.00356439782431267
"DefInd_s1_GIS_FE_AR1","DefInd","GIS",1,"FE_AR1","IT",1988,11.0620873153573,-0.0121549364405258,0.00346659598459743
"DefInd_s1_GIS_FE_AR1","DefInd","GIS",1,"FE_AR1","IT",1989,11.0603267097111,0.0154983582447379,0.0254973425234442
"DefInd_s1_GIS_FE_AR1","DefInd","GIS",1,"FE_AR1","IT",1990,11.0663807583544,-0.0473793088888694,-0.0601286836958174
"DefInd_s1_GIS_FE_AR1","DefInd","GIS",1,"FE_AR1","IT",1991,11.0598590057004,-0.0676362312463628,-0.0286607115442389
"DefInd_s1_GIS_FE_AR1","DefInd","GIS",1,"FE_AR1","IT",1992,11.0727456938631,-0.0623272300044242,-0.00668781006895704
"DefInd_s1_GIS_FE_AR1","DefInd","GIS",1,"FE_AR1","IT",1993,11.056411589359,-0.0279350915814032,0.0233369982397915
"DefInd_s1_GIS_FE_AR1","DefInd","GIS",1,"FE_AR1","IT",1994,11.06185864209,0.0196947865800432,0.0426749595256937
"DefInd_s1_GIS_FE_AR1","DefInd","GIS",1,"FE_AR1","IT",1995,11.1017375044863,0.0304947076028323,0.0142932356864716
"DefInd_s1_GIS_FE_AR1","DefInd","GIS",1,"FE_AR1","IT",1996,11.1068042199759,0.0335968594990881,0.00851107617176062
"DefInd_s1_GIS_FE_AR1","DefInd","GIS",1,"FE_AR1","IT",1997,11.0860174047561,0.0662515403112156,0.0386138417029985
"DefInd_s1_GIS_FE_AR1","DefInd","GIS",1,"FE_AR1","IT",1998,11.0693520341457,0.0781749191749697,0.0236745840022365
"DefInd_s1_GIS_FE_AR1","DefInd","GIS",1,"FE_AR1","IT",1999,11.0612301064218,0.0813957090987092,0.0170868752644579
"DefInd_s1_GIS_FE_AR1","DefInd","GIS",1,"FE_AR1","IT",2000,11.0659636605529,0.106720978820302,0.0397626348080204
"DefInd_s1_GIS_FE_AR1","DefInd","GIS",1,"FE_AR1","IT",2001,11.0731050894119,0.0947162140981739,0.00692460822234804
"DefInd_s1_GIS_FE_AR1","DefInd","GIS",1,"FE_AR1","IT",2002,11.0729907609523,0.0721244140867938,-0.0057917428869777
"DefInd_s1_GIS_FE_AR1","DefInd","GIS",1,"FE_AR1","IT",2003,11.0843429149307,0.0148986847510759,-0.0444328375562148
"DefInd_s1_GIS_FE_AR1","DefInd","GIS",1,"FE_AR1","IT",2004,11.0902403421758,0.0193616339303873,0.00710556699590926
"DefInd_s1_GIS_FE_AR1","DefInd","GIS",1,"FE_AR1","IT",2005,11.0861399062747,0.0176856697228853,0.00175825831869745
"DefInd_s1_GIS_FE_AR1","DefInd","GIS",1,"FE_AR1","IT",2006,11.0844940900002,0.0309671921872674,0.0164184749329406
"DefInd_s1_GIS_FE_AR1","DefInd","GIS",1,"FE_AR1","IT",2007,11.1143036564856,0.0324876321144991,0.00701317000182271
"DefInd_s1_GIS_FE_AR1","DefInd","GIS",1,"FE_AR1","IT",2008,11.1231539874888,-0.00663112288846968,-0.0333563406100705
"DefInd_s1_GIS_FE_AR1","DefInd","GIS",1,"FE_AR1","IT",2009,11.0395890149411,-0.048595304099706,-0.0431403604365774
"DefInd_s1_GIS_FE_AR1","DefInd","GIS",1,"FE_AR1","IT",2010,11.0366925957955,0.044752007470219,0.0847278382028143
"DefInd_s1_GIS_FE_AR1","DefInd","GIS",1,"FE_AR1","IT",2011,11.0831891119451,0.0105009426440645,-0.0263132868111667
"DefInd_s1_GIS_FE_AR1","DefInd","GIS",1,"FE_AR1","IT",2012,11.0786052882285,-0.0237348273589912,-0.0323731909508831
"DefInd_s1_GIS_FE_AR1","DefInd","GIS",1,"FE_AR1","IT",2013,11.0946183132522,-0.0268961538564927,-0.00737123352625555
"DefInd_s1_GIS_FE_AR1","DefInd","GIS",1,"FE_AR1","IT",2014,11.0887258807532,0.00470840922989169,0.0268339234919065
"DefInd_s1_GIS_FE_AR1","DefInd","GIS",1,"FE_AR1","IT",2015,11.0753131167815,0.0661184352409698,0.0622451685975972
"DefInd_s1_GIS_FE_AR1","DefInd","GIS",1,"FE_AR1","IT",2016,11.079562999115,0.0920347112521096,0.0376438719629063
"DefInd_s1_GIS_FE_AR1","DefInd","GIS",1,"FE_AR1","IT",2017,11.0872972908063,0.102934316357187,0.0272240372119254
"DefInd_s1_GIS_FE_AR1","DefInd","GIS",1,"FE_AR1","IT",2018,11.0979504426846,0.0975034434634967,0.0128268500455904
"DefInd_s1_GIS_FE_AR1","DefInd","GIS",1,"FE_AR1","IT",2019,11.0905317230189,0.0940228822458185,0.0138138739073872
"DefInd_s1_GIS_FE_AR1","DefInd","GIS",1,"FE_AR1","IT",2020,11.0654463429815,0.0262261032655964,-0.0511196998996176
"DefInd_s1_GIS_FE_AR1","DefInd","GIS",1,"FE_AR1","IT",2021,11.1967659742891,0.0357263279111653,0.014152015653134
"DefInd_s1_GIS_FE_AR1","DefInd","GIS",1,"FE_AR1","IT",2022,11.2620617903559,-0.00195559896969932,-0.0313450567317833
"DefInd_s1_GIS_FE_AR1","DefInd","GIS",1,"FE_AR1","IT",2023,11.2682778563296,-0.0114561988697055,-0.00984746949056348
"DefInd_s1_GIS_FE_AR1","DefInd","GIS",1,"FE_AR1","IT",2024,11.2853356767806,-0.00942727394154197,-3.09036374916173e-06
"DefInd_s1_GIS_POOLED_AR1","DefInd","GIS",1,"POOLED_AR1","DE",1991,11.1557140029756,-0.141069077996731,NA
"DefInd_s1_GIS_POOLED_AR1","DefInd","GIS",1,"POOLED_AR1","DE",1992,11.1541717496982,-0.103311279132308,0.0145076160581131
"DefInd_s1_GIS_POOLED_AR1","DefInd","GIS",1,"POOLED_AR1","DE",1993,11.1410253049897,-0.123386234491702,-0.0371021179374011
"DefInd_s1_GIS_POOLED_AR1","DefInd","GIS",1,"POOLED_AR1","DE",1994,11.149380862387,-0.0800592482280056,0.0229911866082916
"DefInd_s1_GIS_POOLED_AR1","DefInd","GIS",1,"POOLED_AR1","DE",1995,11.1908083728768,-0.0973943763956964,-0.0305300266037604
"DefInd_s1_GIS_POOLED_AR1","DefInd","GIS",1,"POOLED_AR1","DE",1996,11.1863577772385,-0.0821569300971365,-0.000814526874178587
"DefInd_s1_GIS_POOLED_AR1","DefInd","GIS",1,"POOLED_AR1","DE",1997,11.1666438746949,-0.0197064516035397,0.0489098523642626
"DefInd_s1_GIS_POOLED_AR1","DefInd","GIS",1,"POOLED_AR1","DE",1998,11.1699540505065,0.000248631365320051,0.0167071805316112
"DefInd_s1_GIS_POOLED_AR1","DefInd","GIS",1,"POOLED_AR1","DE",1999,11.1526519499724,0.0243433994064048,0.0241357460128499
"DefInd_s1_GIS_POOLED_AR1","DefInd","GIS",1,"POOLED_AR1","DE",2000,11.1401307962766,0.0801781573436333,0.0598468950714843
"DefInd_s1_GIS_POOLED_AR1","DefInd","GIS",1,"POOLED_AR1","DE",2001,11.166252275192,0.0588395006479416,-0.00812416035258996
"DefInd_s1_GIS_POOLED_AR1","DefInd","GIS",1,"POOLED_AR1","DE",2002,11.1772231408069,0.0364975015951199,-0.0126444156722292
"DefInd_s1_GIS_POOLED_AR1","DefInd","GIS",1,"POOLED_AR1","DE",2003,11.1989990497484,0.0397084111799817,0.00922621496652581
"DefInd_s1_GIS_POOLED_AR1","DefInd","GIS",1,"POOLED_AR1","DE",2004,11.2286294921374,0.0492860925026104,0.0161221900979967
"DefInd_s1_GIS_POOLED_AR1","DefInd","GIS",1,"POOLED_AR1","DE",2005,11.2357221164054,0.0669597363668224,0.0257966902239602
"DefInd_s1_GIS_POOLED_AR1","DefInd","GIS",1,"POOLED_AR1","DE",2006,11.2600837815549,0.119795470588288,0.0638716475009656
"DefInd_s1_GIS_POOLED_AR1","DefInd","GIS",1,"POOLED_AR1","DE",2007,11.3093947278746,0.09322685712233,-0.00682462257796121
"DefInd_s1_GIS_POOLED_AR1","DefInd","GIS",1,"POOLED_AR1","DE",2008,11.3253776828646,0.02291562125213,-0.0549461289216588
"DefInd_s1_GIS_POOLED_AR1","DefInd","GIS",1,"POOLED_AR1","DE",2009,11.2192710226191,-0.0333100335230334,-0.0524488357103608
"DefInd_s1_GIS_POOLED_AR1","DefInd","GIS",1,"POOLED_AR1","DE",2010,11.2559929615004,0.102666545006018,0.130486613047653
"DefInd_s1_GIS_POOLED_AR1","DefInd","GIS",1,"POOLED_AR1","DE",2011,11.3320744221387,0.0791109595624846,-0.00663468418452454
"DefInd_s1_GIS_POOLED_AR1","DefInd","GIS",1,"POOLED_AR1","DE",2012,11.3249590062645,0.0697046010713631,0.00363224853694005
"DefInd_s1_GIS_POOLED_AR1","DefInd","GIS",1,"POOLED_AR1","DE",2013,11.3226412460125,0.0579794730351608,-0.000236822162482504
"DefInd_s1_GIS_POOLED_AR1","DefInd","GIS",1,"POOLED_AR1","DE",2014,11.3219052338228,0.0919307781113829,0.0435071437208344
"DefInd_s1_GIS_POOLED_AR1","DefInd","GIS",1,"POOLED_AR1","DE",2015,11.2821048413812,0.14566575952005,0.0688864761725687
"DefInd_s1_GIS_POOLED_AR1","DefInd","GIS",1,"POOLED_AR1","DE",2016,11.2808885329557,0.180626017481998,0.0589680390118791
"DefInd_s1_GIS_POOLED_AR1","DefInd","GIS",1,"POOLED_AR1","DE",2017,11.2872456763847,0.180471573422553,0.0296152828408003
"DefInd_s1_GIS_POOLED_AR1","DefInd","GIS",1,"POOLED_AR1","DE",2018,11.2919608381521,0.153410600662491,0.0026832995709303
"DefInd_s1_GIS_POOLED_AR1","DefInd","GIS",1,"POOLED_AR1","DE",2019,11.2731953328938,0.151256242050696,0.0231298819920267
"DefInd_s1_GIS_POOLED_AR1","DefInd","GIS",1,"POOLED_AR1","DE",2020,11.2449520298941,0.123539029011367,-0.00278804125899343
"DefInd_s1_GIS_POOLED_AR1","DefInd","GIS",1,"POOLED_AR1","DE",2021,11.3389380125431,0.0829849143698009,-0.0201931322844341
"DefInd_s1_GIS_POOLED_AR1","DefInd","GIS",1,"POOLED_AR1","DE",2022,11.3783352019767,0.0319158448682852,-0.0373919798326619
"DefInd_s1_GIS_POOLED_AR1","DefInd","GIS",1,"POOLED_AR1","DE",2023,11.3830841102271,0.0366147597078239,0.00995909827692277
"DefInd_s1_GIS_POOLED_AR1","DefInd","GIS",1,"POOLED_AR1","DE",2024,11.3826379727859,0.0409760847901843,0.0103959562623823
"DefInd_s1_GIS_POOLED_AR1","DefInd","GIS",1,"POOLED_AR1","ES",1981,10.8307934826405,-0.0183218681550041,NA
"DefInd_s1_GIS_POOLED_AR1","DefInd","GIS",1,"POOLED_AR1","ES",1982,10.8256931158577,0.0112147214083933,0.0265168860960875
"DefInd_s1_GIS_POOLED_AR1","DefInd","GIS",1,"POOLED_AR1","ES",1983,10.8275130341638,0.0425472646803371,0.033180888257037
"DefInd_s1_GIS_POOLED_AR1","DefInd","GIS",1,"POOLED_AR1","ES",1984,10.8503532576654,0.0564645223605389,0.0209296497350304
"DefInd_s1_GIS_POOLED_AR1","DefInd","GIS",1,"POOLED_AR1","ES",1985,10.8506640488132,0.0941122579546949,0.0469538889028486
"DefInd_s1_GIS_POOLED_AR1","DefInd","GIS",1,"POOLED_AR1","ES",1986,10.8577736234688,0.12852879802716,0.0499275736230774
"DefInd_s1_GIS_POOLED_AR1","DefInd","GIS",1,"POOLED_AR1","ES",1987,10.8769296440334,0.100417271510622,-0.006928159527523
"DefInd_s1_GIS_POOLED_AR1","DefInd","GIS",1,"POOLED_AR1","ES",1988,10.8835618362441,0.106019010259967,0.0221519278672385
"DefInd_s1_GIS_POOLED_AR1","DefInd","GIS",1,"POOLED_AR1","ES",1989,10.8919803156323,0.0937925398569988,0.00524696462965724
"DefInd_s1_GIS_POOLED_AR1","DefInd","GIS",1,"POOLED_AR1","ES",1990,10.9186326446155,-0.00223318043970089,-0.0805673808185481
"DefInd_s1_GIS_POOLED_AR1","DefInd","GIS",1,"POOLED_AR1","ES",1991,10.929044780967,-0.0155994922656717,-0.0137343716034915
"DefInd_s1_GIS_POOLED_AR1","DefInd","GIS",1,"POOLED_AR1","ES",1992,10.9256427361327,-0.0573592945320467,-0.0443308196148465
"DefInd_s1_GIS_POOLED_AR1","DefInd","GIS",1,"POOLED_AR1","ES",1993,10.9198665732601,-0.0765244988454352,-0.0286188287536216
"DefInd_s1_GIS_POOLED_AR1","DefInd","GIS",1,"POOLED_AR1","ES",1994,10.9305955598986,-0.0560040185316595,0.00790815865843161
"DefInd_s1_GIS_POOLED_AR1","DefInd","GIS",1,"POOLED_AR1","ES",1995,10.9663239525181,-0.0541058568346156,-0.00733209405595114
"DefInd_s1_GIS_POOLED_AR1","DefInd","GIS",1,"POOLED_AR1","ES",1996,10.9638897440056,-0.0568209271502731,-0.011632482126671
"DefInd_s1_GIS_POOLED_AR1","DefInd","GIS",1,"POOLED_AR1","ES",1997,10.9651116231447,-0.053228995558193,-0.00577296227572043
"DefInd_s1_GIS_POOLED_AR1","DefInd","GIS",1,"POOLED_AR1","ES",1998,10.9678882856512,-0.0598630018040396,-0.015406898894602
"DefInd_s1_GIS_POOLED_AR1","DefInd","GIS",1,"POOLED_AR1","ES",1999,10.9670200655863,-0.0681478007891929,-0.0181510698578574
"DefInd_s1_GIS_POOLED_AR1","DefInd","GIS",1,"POOLED_AR1","ES",2000,10.9727115744295,-0.0596297355027406,-0.00271365784307314
"DefInd_s1_GIS_POOLED_AR1","DefInd","GIS",1,"POOLED_AR1","ES",2001,10.9631611417112,-0.034015608284097,0.0157863019374524
"DefInd_s1_GIS_POOLED_AR1","DefInd","GIS",1,"POOLED_AR1","ES",2002,10.9893898021388,-0.0620123266467427,-0.0336029725616801
"DefInd_s1_GIS_POOLED_AR1","DefInd","GIS",1,"POOLED_AR1","ES",2003,11.0013487085229,-0.080511912014547,-0.0287200954275267
"DefInd_s1_GIS_POOLED_AR1","DefInd","GIS",1,"POOLED_AR1","ES",2004,10.9997928890635,-0.0892535132874226,-0.0220111051145829
"DefInd_s1_GIS_POOLED_AR1","DefInd","GIS",1,"POOLED_AR1","ES",2005,10.9898730138442,-0.0791563909694961,-0.00461312126987135
"DefInd_s1_GIS_POOLED_AR1","DefInd","GIS",1,"POOLED_AR1","ES",2006,11.0057837936471,-0.0727542643923016,-0.0066439681904423
"DefInd_s1_GIS_POOLED_AR1","DefInd","GIS",1,"POOLED_AR1","ES",2007,11.0243079445933,-0.0713916238320884,-0.010628293038281
"DefInd_s1_GIS_POOLED_AR1","DefInd","GIS",1,"POOLED_AR1","ES",2008,11.0266870010456,-0.0714431101158119,-0.0118178374111748
"DefInd_s1_GIS_POOLED_AR1","DefInd","GIS",1,"POOLED_AR1","ES",2009,10.986193884751,-0.0227611549674922,0.0369071183518219
"DefInd_s1_GIS_POOLED_AR1","DefInd","GIS",1,"POOLED_AR1","ES",2010,11.001105247465,-0.00731673548859391,0.0116930586463762
"DefInd_s1_GIS_POOLED_AR1","DefInd","GIS",1,"POOLED_AR1","ES",2011,11.0351819976971,0.00191681067308735,0.00802764448520498
"DefInd_s1_GIS_POOLED_AR1","DefInd","GIS",1,"POOLED_AR1","ES",2012,11.0179062438871,0.0309647952251773,0.0293639021095535
"DefInd_s1_GIS_POOLED_AR1","DefInd","GIS",1,"POOLED_AR1","ES",2013,11.0159392121035,0.0752429515932818,0.049381593349255
"DefInd_s1_GIS_POOLED_AR1","DefInd","GIS",1,"POOLED_AR1","ES",2014,11.0202531093451,0.107111646217303,0.0442697991344704
"DefInd_s1_GIS_POOLED_AR1","DefInd","GIS",1,"POOLED_AR1","ES",2015,11.0314584865966,0.110080382333507,0.0206222530357285
"DefInd_s1_GIS_POOLED_AR1","DefInd","GIS",1,"POOLED_AR1","ES",2016,11.0479831704706,0.080083509073539,-0.0118540665656349
"DefInd_s1_GIS_POOLED_AR1","DefInd","GIS",1,"POOLED_AR1","ES",2017,11.0407228508328,0.102959758855052,0.0360751467486689
"DefInd_s1_GIS_POOLED_AR1","DefInd","GIS",1,"POOLED_AR1","ES",2018,11.0377647014271,0.0782947425919431,-0.00769578920734688
"DefInd_s1_GIS_POOLED_AR1","DefInd","GIS",1,"POOLED_AR1","ES",2019,11.0340301488124,0.0657705403190896,0.00037988063380455
"DefInd_s1_GIS_POOLED_AR1","DefInd","GIS",1,"POOLED_AR1","ES",2020,11.0237789822751,0.0168867025142561,-0.0380439208832525
"DefInd_s1_GIS_POOLED_AR1","DefInd","GIS",1,"POOLED_AR1","ES",2021,11.1144932151314,0.030802507448616,0.0166989727697755
"DefInd_s1_GIS_POOLED_AR1","DefInd","GIS",1,"POOLED_AR1","ES",2022,11.1716538448441,-0.0145901250923686,-0.0403159428848033
"DefInd_s1_GIS_POOLED_AR1","DefInd","GIS",1,"POOLED_AR1","ES",2023,11.1737559343266,-0.0132067535986433,-0.00102128784325826
"DefInd_s1_GIS_POOLED_AR1","DefInd","GIS",1,"POOLED_AR1","ES",2024,11.1864997126815,-0.0189900137642951,-0.00795992028002114
"DefInd_s1_GIS_POOLED_AR1","DefInd","GIS",1,"POOLED_AR1","IT",1981,11.0396190343542,-0.118886433635481,NA
"DefInd_s1_GIS_POOLED_AR1","DefInd","GIS",1,"POOLED_AR1","IT",1982,11.0140365726708,-0.110525257585092,-0.011232992667997
"DefInd_s1_GIS_POOLED_AR1","DefInd","GIS",1,"POOLED_AR1","IT",1983,11.0061347066197,-0.122213649845188,-0.0299045206991532
"DefInd_s1_GIS_POOLED_AR1","DefInd","GIS",1,"POOLED_AR1","IT",1984,11.0017796150291,-0.0453710257409945,0.0567000830124256
"DefInd_s1_GIS_POOLED_AR1","DefInd","GIS",1,"POOLED_AR1","IT",1985,10.9976489477317,-0.00745977784146667,0.0304334600131397
"DefInd_s1_GIS_POOLED_AR1","DefInd","GIS",1,"POOLED_AR1","IT",1986,11.0409713517846,-0.0319786429627307,-0.0257483422042047
"DefInd_s1_GIS_POOLED_AR1","DefInd","GIS",1,"POOLED_AR1","IT",1987,11.069736748283,-0.0340126408994674,-0.00730453138984704
"DefInd_s1_GIS_POOLED_AR1","DefInd","GIS",1,"POOLED_AR1","IT",1988,11.0792096543639,-0.0292772754471393,-0.000870399679675567
"DefInd_s1_GIS_POOLED_AR1","DefInd","GIS",1,"POOLED_AR1","IT",1989,11.0772361416409,-0.00141107368509985,0.0230408919501157
"DefInd_s1_GIS_POOLED_AR1","DefInd","GIS",1,"POOLED_AR1","IT",1990,11.0831745936822,-0.0641731442167242,-0.0629946354678785
"DefInd_s1_GIS_POOLED_AR1","DefInd","GIS",1,"POOLED_AR1","IT",1991,11.0764738629231,-0.0842510884690562,-0.0306545876633642
"DefInd_s1_GIS_POOLED_AR1","DefInd","GIS",1,"POOLED_AR1","IT",1992,11.0895174784083,-0.0790990145495964,-0.00873369918087567
"DefInd_s1_GIS_POOLED_AR1","DefInd","GIS",1,"POOLED_AR1","IT",1993,11.0687647733302,-0.0402882755525678,0.0257741006763353
"DefInd_s1_GIS_POOLED_AR1","DefInd","GIS",1,"POOLED_AR1","IT",1994,11.0729989385596,0.00855449011035248,0.0422026870230791
"DefInd_s1_GIS_POOLED_AR1","DefInd","GIS",1,"POOLED_AR1","IT",1995,11.1126526702357,0.0195795418533837,0.0124349529184332
"DefInd_s1_GIS_POOLED_AR1","DefInd","GIS",1,"POOLED_AR1","IT",1996,11.1181545655307,0.022246513944312,0.00589395800321664
"DefInd_s1_GIS_POOLED_AR1","DefInd","GIS",1,"POOLED_AR1","IT",1997,11.09841865068,0.0538502943873045,0.0352703211431476
"DefInd_s1_GIS_POOLED_AR1","DefInd","GIS",1,"POOLED_AR1","IT",1998,11.0825317497454,0.0649952035753181,0.0200202006867461
"DefInd_s1_GIS_POOLED_AR1","DefInd","GIS",1,"POOLED_AR1","IT",1999,11.0744434978234,0.0681823176971488,0.0138992445625958
"DefInd_s1_GIS_POOLED_AR1","DefInd","GIS",1,"POOLED_AR1","IT",2000,11.0838602423504,0.088824397022778,0.0318794913306423
"DefInd_s1_GIS_POOLED_AR1","DefInd","GIS",1,"POOLED_AR1","IT",2001,11.0913083473328,0.0765129561772984,0.00232807830192466
"DefInd_s1_GIS_POOLED_AR1","DefInd","GIS",1,"POOLED_AR1","IT",2002,11.0914135115354,0.0537016635037002,-0.0102008734135065
"DefInd_s1_GIS_POOLED_AR1","DefInd","GIS",1,"POOLED_AR1","IT",2003,11.101905517655,-0.002663917973182,-0.0475147864536604
"DefInd_s1_GIS_POOLED_AR1","DefInd","GIS",1,"POOLED_AR1","IT",2004,11.1078682918059,0.00173368430027487,0.00395855084746732
"DefInd_s1_GIS_POOLED_AR1","DefInd","GIS",1,"POOLED_AR1","IT",2005,11.1036345193864,0.000191056611219764,-0.00125689195247679
"DefInd_s1_GIS_POOLED_AR1","DefInd","GIS",1,"POOLED_AR1","IT",2006,11.1015149441842,0.0139463380033007,0.0137867702286162
"DefInd_s1_GIS_POOLED_AR1","DefInd","GIS",1,"POOLED_AR1","IT",2007,11.1312641395918,0.0155271490083049,0.00387936510814249
"DefInd_s1_GIS_POOLED_AR1","DefInd","GIS",1,"POOLED_AR1","IT",2008,11.1405706142156,-0.02404774961534,-0.0370158044689906
"DefInd_s1_GIS_POOLED_AR1","DefInd","GIS",1,"POOLED_AR1","IT",2009,11.0556271699466,-0.0646334591051758,-0.0445491193495783
"DefInd_s1_GIS_POOLED_AR1","DefInd","GIS",1,"POOLED_AR1","IT",2010,11.0522627858163,0.0291818174494427,0.0831627667279484
"DefInd_s1_GIS_POOLED_AR1","DefInd","GIS",1,"POOLED_AR1","IT",2011,11.0981911377193,-0.00450108313007114,-0.0288733235981174
"DefInd_s1_GIS_POOLED_AR1","DefInd","GIS",1,"POOLED_AR1","IT",2012,11.0932976808232,-0.0384272199537161,-0.0346679790975626
"DefInd_s1_GIS_POOLED_AR1","DefInd","GIS",1,"POOLED_AR1","IT",2013,11.1071718244731,-0.0394496650773934,-0.00735579543226071
"DefInd_s1_GIS_POOLED_AR1","DefInd","GIS",1,"POOLED_AR1","IT",2014,11.1019367313198,-0.00850244133671296,0.0244453599890911
"DefInd_s1_GIS_POOLED_AR1","DefInd","GIS",1,"POOLED_AR1","IT",2015,11.0888197594419,0.0526117925805867,0.0597129111172521
"DefInd_s1_GIS_POOLED_AR1","DefInd","GIS",1,"POOLED_AR1","IT",2016,11.0943530192161,0.0772446911510478,0.0333040674236001
"DefInd_s1_GIS_POOLED_AR1","DefInd","GIS",1,"POOLED_AR1","IT",2017,11.1018133468898,0.088418260273734,0.0239045886741176
"DefInd_s1_GIS_POOLED_AR1","DefInd","GIS",1,"POOLED_AR1","IT",2018,11.1130482524171,0.0824056337310477,0.00855995551408321
"DefInd_s1_GIS_POOLED_AR1","DefInd","GIS",1,"POOLED_AR1","IT",2019,11.1070858622408,0.0774687430239442,0.00864472530488361
"DefInd_s1_GIS_POOLED_AR1","DefInd","GIS",1,"POOLED_AR1","IT",2020,11.0833325906426,0.00833985560453776,-0.0563609409448186
"DefInd_s1_GIS_POOLED_AR1","DefInd","GIS",1,"POOLED_AR1","IT",2021,11.2143969019464,0.0180954002538734,0.0111300710171071
"DefInd_s1_GIS_POOLED_AR1","DefInd","GIS",1,"POOLED_AR1","IT",2022,11.2821511760875,-0.0220449847012816,-0.0371580066066862
"DefInd_s1_GIS_POOLED_AR1","DefInd","GIS",1,"POOLED_AR1","IT",2023,11.2878566767737,-0.0310350193138174,-0.0126233604380507
"DefInd_s1_GIS_POOLED_AR1","DefInd","GIS",1,"POOLED_AR1","IT",2024,11.3050880449475,-0.0291796421084562,-0.00325963370057481
"DefInd_s2_FRUK_FE_AR1","DefInd","FRUK",2,"FE_AR1","FR",1981,11.0719716802422,-0.275910473877691,NA
"DefInd_s2_FRUK_FE_AR1","DefInd","FRUK",2,"FE_AR1","FR",1982,11.0750508597399,-0.271499507527485,-0.0569636313354254
"DefInd_s2_FRUK_FE_AR1","DefInd","FRUK",2,"FE_AR1","FR",1983,11.0960501138511,-0.260101554642109,-0.0489954523092844
"DefInd_s2_FRUK_FE_AR1","DefInd","FRUK",2,"FE_AR1","FR",1984,11.0961333970641,-0.225166037370938,-0.0229224830041037
"DefInd_s2_FRUK_FE_AR1","DefInd","FRUK",2,"FE_AR1","FR",1985,11.0852461474739,-0.167991295861135,0.00708793341626479
"DefInd_s2_FRUK_FE_AR1","DefInd","FRUK",2,"FE_AR1","FR",1986,11.0922742027425,-0.152419143017912,-0.0217964836324457
"DefInd_s2_FRUK_FE_AR1","DefInd","FRUK",2,"FE_AR1","FR",1987,11.0592911170159,-0.0952262306583211,0.0232882060581557
"DefInd_s2_FRUK_FE_AR1","DefInd","FRUK",2,"FE_AR1","FR",1988,11.0456191860516,-0.026157887030017,0.0478858509391562
"DefInd_s2_FRUK_FE_AR1","DefInd","FRUK",2,"FE_AR1","FR",1989,11.0340019130012,0.0131790893111656,0.0335183143302394
"DefInd_s2_FRUK_FE_AR1","DefInd","FRUK",2,"FE_AR1","FR",1990,11.0077240414829,0.0666292106591015,0.0563817291733581
"DefInd_s2_FRUK_FE_AR1","DefInd","FRUK",2,"FE_AR1","FR",1991,11.0333696844052,0.0515194253896407,-0.000288524804639652
"DefInd_s2_FRUK_FE_AR1","DefInd","FRUK",2,"FE_AR1","FR",1992,11.0520334850785,0.0615275554571291,0.0214683111974217
"DefInd_s2_FRUK_FE_AR1","DefInd","FRUK",2,"FE_AR1","FR",1993,11.0857717225863,0.0363033376300983,-0.0115377893646028
"DefInd_s2_FRUK_FE_AR1","DefInd","FRUK",2,"FE_AR1","FR",1994,11.0786548605623,0.0671535477594105,0.0389256655854926
"DefInd_s2_FRUK_FE_AR1","DefInd","FRUK",2,"FE_AR1","FR",1995,11.1001731944198,0.0809881720267889,0.0287725203137736
"DefInd_s2_FRUK_FE_AR1","DefInd","FRUK",2,"FE_AR1","FR",1996,11.1132841262437,0.0605284536304804,-0.00244439478216302
"DefInd_s2_FRUK_FE_AR1","DefInd","FRUK",2,"FE_AR1","FR",1997,11.1649341481097,0.0611307327044734,0.0140664634447208
"DefInd_s2_FRUK_FE_AR1","DefInd","FRUK",2,"FE_AR1","FR",1998,11.1620655717603,0.0973593876695933,0.0498268126328424
"DefInd_s2_FRUK_FE_AR1","DefInd","FRUK",2,"FE_AR1","FR",1999,11.1677678217551,0.116644875195002,0.0409424879471811
"DefInd_s2_FRUK_FE_AR1","DefInd","FRUK",2,"FE_AR1","FR",2000,11.162900610254,0.164485551218315,0.073787615211846
"DefInd_s2_FRUK_FE_AR1","DefInd","FRUK",2,"FE_AR1","FR",2001,11.1481263540742,0.161532533764998,0.0336357875646414
"DefInd_s2_FRUK_FE_AR1","DefInd","FRUK",2,"FE_AR1","FR",2002,11.1489879426718,0.155338278710266,0.0297376692888221
"DefInd_s2_FRUK_FE_AR1","DefInd","FRUK",2,"FE_AR1","FR",2003,11.1479922016145,0.152440845617756,0.0316566170927945
"DefInd_s2_FRUK_FE_AR1","DefInd","FRUK",2,"FE_AR1","FR",2004,11.1401891589285,0.189213833482992,0.0706825217772922
"DefInd_s2_FRUK_FE_AR1","DefInd","FRUK",2,"FE_AR1","FR",2005,11.1685484010363,0.167286677268331,0.0201623039764102
"DefInd_s2_FRUK_FE_AR1","DefInd","FRUK",2,"FE_AR1","FR",2006,11.1534637557013,0.186421728188105,0.0563469492983075
"DefInd_s2_FRUK_FE_AR1","DefInd","FRUK",2,"FE_AR1","FR",2007,11.157037528765,0.213897392450152,0.0689440377043575
"DefInd_s2_FRUK_FE_AR1","DefInd","FRUK",2,"FE_AR1","FR",2008,11.1962129268908,0.145130593710112,-0.0211866317999
"DefInd_s2_FRUK_FE_AR1","DefInd","FRUK",2,"FE_AR1","FR",2009,11.2180939124235,0.0926173950365499,-0.0202297855952193
"DefInd_s2_FRUK_FE_AR1","DefInd","FRUK",2,"FE_AR1","FR",2010,11.3028833459484,0.0517940749576624,-0.0202211469204331
"DefInd_s2_FRUK_FE_AR1","DefInd","FRUK",2,"FE_AR1","FR",2011,11.388590169008,-9.04829211041402e-05,-0.0403632826319447
"DefInd_s2_FRUK_FE_AR1","DefInd","FRUK",2,"FE_AR1","FR",2012,11.4247402635999,-0.0354827308385186,-0.0354123752898992
"DefInd_s2_FRUK_FE_AR1","DefInd","FRUK",2,"FE_AR1","FR",2013,11.4569328011085,-0.048283551495869,-0.0206937371508612
"DefInd_s2_FRUK_FE_AR1","DefInd","FRUK",2,"FE_AR1","FR",2014,11.4527107894354,-0.0353458126097728,0.00219735811604244
"DefInd_s2_FRUK_FE_AR1","DefInd","FRUK",2,"FE_AR1","FR",2015,11.4604070683242,0.00129504129614233,0.028778394035116
"DefInd_s2_FRUK_FE_AR1","DefInd","FRUK",2,"FE_AR1","FR",2016,11.4658434655544,-0.00531310636777782,-0.00632007364693938
"DefInd_s2_FRUK_FE_AR1","DefInd","FRUK",2,"FE_AR1","FR",2017,11.4398926773753,0.0321484897072484,0.036279728053851
"DefInd_s2_FRUK_FE_AR1","DefInd","FRUK",2,"FE_AR1","FR",2018,11.4876116963807,-0.012266656256477,-0.0372639110205472
"DefInd_s2_FRUK_FE_AR1","DefInd","FRUK",2,"FE_AR1","FR",2019,11.4752058352272,-0.00784040621379312,0.00169760737063031
"DefInd_s2_FRUK_FE_AR1","DefInd","FRUK",2,"FE_AR1","FR",2020,11.3768967858291,-0.0523364696871926,-0.0462401138905533
"DefInd_s2_FRUK_FE_AR1","DefInd","FRUK",2,"FE_AR1","FR",2021,11.3408125621806,0.0283782667271293,0.0690728087767304
"DefInd_s2_FRUK_FE_AR1","DefInd","FRUK",2,"FE_AR1","FR",2022,11.3972270392569,0.0301233674670609,0.00805767263658664
"DefInd_s2_FRUK_FE_AR1","DefInd","FRUK",2,"FE_AR1","FR",2023,11.41907937232,0.02803407503953,0.00461146645720377
"DefInd_s2_FRUK_FE_AR1","DefInd","FRUK",2,"FE_AR1","FR",2024,11.4236555911039,0.0273114013283031,0.00551333484929862
"DefInd_s2_FRUK_FE_AR1","DefInd","FRUK",2,"FE_AR1","UK",1981,11.1511130107825,-0.409249917219253,NA
"DefInd_s2_FRUK_FE_AR1","DefInd","FRUK",2,"FE_AR1","UK",1982,11.1712935362392,-0.389271250884066,-0.0710564751337228
"DefInd_s2_FRUK_FE_AR1","DefInd","FRUK",2,"FE_AR1","UK",1983,11.1592748677402,-0.313462532458509,-0.0107822908892344
"DefInd_s2_FRUK_FE_AR1","DefInd","FRUK",2,"FE_AR1","UK",1984,11.1300997421366,-0.236062262054755,0.00767244692254604
"DefInd_s2_FRUK_FE_AR1","DefInd","FRUK",2,"FE_AR1","UK",1985,11.1226337365505,-0.200203609636596,-0.0166519542244612
"DefInd_s2_FRUK_FE_AR1","DefInd","FRUK",2,"FE_AR1","UK",1986,11.1397957091722,-0.171804439685337,-0.0161348987412696
"DefInd_s2_FRUK_FE_AR1","DefInd","FRUK",2,"FE_AR1","UK",1987,11.132017742446,-0.113729382657519,0.0198582100263261
"DefInd_s2_FRUK_FE_AR1","DefInd","FRUK",2,"FE_AR1","UK",1988,11.1499435344326,-0.0906125664653992,-0.0021815895100666
"DefInd_s2_FRUK_FE_AR1","DefInd","FRUK",2,"FE_AR1","UK",1989,11.1403998143824,-0.079931654953846,-0.00947529979103638
"DefInd_s2_FRUK_FE_AR1","DefInd","FRUK",2,"FE_AR1","UK",1990,11.176863583673,-0.128898428023275,-0.0667470809214377
"DefInd_s2_FRUK_FE_AR1","DefInd","FRUK",2,"FE_AR1","UK",1991,11.2089044848418,-0.113796075572035,-0.0135703146318717
"DefInd_s2_FRUK_FE_AR1","DefInd","FRUK",2,"FE_AR1","UK",1992,11.2253627332621,-0.0828313660241875,0.00565146841466241
"DefInd_s2_FRUK_FE_AR1","DefInd","FRUK",2,"FE_AR1","UK",1993,11.2179583788101,-0.0400595269563251,0.0243465082203669
"DefInd_s2_FRUK_FE_AR1","DefInd","FRUK",2,"FE_AR1","UK",1994,11.2522355448046,0.00266474073518275,0.033813270889295
"DefInd_s2_FRUK_FE_AR1","DefInd","FRUK",2,"FE_AR1","UK",1995,11.2070013122549,-0.00187574521480549,-0.00394773066868329
"DefInd_s2_FRUK_FE_AR1","DefInd","FRUK",2,"FE_AR1","UK",1996,11.19700924964,0.00631348059928349,0.00777197776148165
"DefInd_s2_FRUK_FE_AR1","DefInd","FRUK",2,"FE_AR1","UK",1997,11.2442956056069,-0.00673832334735458,-0.0116474087950831
"DefInd_s2_FRUK_FE_AR1","DefInd","FRUK",2,"FE_AR1","UK",1998,11.2695862124513,-0.0305484434604786,-0.0253090189360187
"DefInd_s2_FRUK_FE_AR1","DefInd","FRUK",2,"FE_AR1","UK",1999,11.2643450940945,0.000528549193278494,0.0242816782136817
"DefInd_s2_FRUK_FE_AR1","DefInd","FRUK",2,"FE_AR1","UK",2000,11.2677759348224,0.0370058505998614,0.0365948739424806
"DefInd_s2_FRUK_FE_AR1","DefInd","FRUK",2,"FE_AR1","UK",2001,11.3042523269519,0.0127194047608352,-0.0160547206686803
"DefInd_s2_FRUK_FE_AR1","DefInd","FRUK",2,"FE_AR1","UK",2002,11.2737301847207,0.0812027293560345,0.0713126784034313
"DefInd_s2_FRUK_FE_AR1","DefInd","FRUK",2,"FE_AR1","UK",2003,11.2854697102815,0.11135992022794,0.0482202414518959
"DefInd_s2_FRUK_FE_AR1","DefInd","FRUK",2,"FE_AR1","UK",2004,11.3286757255475,0.0799387899257251,-0.0066497970279172
"DefInd_s2_FRUK_FE_AR1","DefInd","FRUK",2,"FE_AR1","UK",2005,11.2976885050749,0.143400938409876,0.0812440434670226
"DefInd_s2_FRUK_FE_AR1","DefInd","FRUK",2,"FE_AR1","UK",2006,11.3721346348147,0.0759241604527165,-0.0355781161232865
"DefInd_s2_FRUK_FE_AR1","DefInd","FRUK",2,"FE_AR1","UK",2007,11.3559765131777,0.10415499830984,0.045119703063706
"DefInd_s2_FRUK_FE_AR1","DefInd","FRUK",2,"FE_AR1","UK",2008,11.3902238269458,0.0865160692155467,0.00552971335835895
"DefInd_s2_FRUK_FE_AR1","DefInd","FRUK",2,"FE_AR1","UK",2009,11.4302186988593,0.00967632349621006,-0.0575947751793629
"DefInd_s2_FRUK_FE_AR1","DefInd","FRUK",2,"FE_AR1","UK",2010,11.4215488407584,0.1044780501879,0.0969541656814445
"DefInd_s2_FRUK_FE_AR1","DefInd","FRUK",2,"FE_AR1","UK",2011,11.4861837799588,0.0434639994521664,-0.0377735473683118
"DefInd_s2_FRUK_FE_AR1","DefInd","FRUK",2,"FE_AR1","UK",2012,11.4631599587763,0.0754133962322534,0.0416176976702073
"DefInd_s2_FRUK_FE_AR1","DefInd","FRUK",2,"FE_AR1","UK",2013,11.444679801981,0.145046282283033,0.0864081348799104
"DefInd_s2_FRUK_FE_AR1","DefInd","FRUK",2,"FE_AR1","UK",2014,11.412043954446,0.184161745771302,0.0713801220052335
"DefInd_s2_FRUK_FE_AR1","DefInd","FRUK",2,"FE_AR1","UK",2015,11.3959759994271,0.200368250347958,0.0571721587504358
"DefInd_s2_FRUK_FE_AR1","DefInd","FRUK",2,"FE_AR1","UK",2016,11.4097077405291,0.188966437067613,0.0331688787316261
"DefInd_s2_FRUK_FE_AR1","DefInd","FRUK",2,"FE_AR1","UK",2017,11.4133467662173,0.190651674993115,0.0437196662968327
"DefInd_s2_FRUK_FE_AR1","DefInd","FRUK",2,"FE_AR1","UK",2018,11.4181941083823,0.172511071261297,0.0242686955105924
"DefInd_s2_FRUK_FE_AR1","DefInd","FRUK",2,"FE_AR1","UK",2019,11.4953372600084,0.106174061944525,-0.0279629764423522
"DefInd_s2_FRUK_FE_AR1","DefInd","FRUK",2,"FE_AR1","UK",2020,11.4595745622668,0.0779864897177784,-0.00456980141539612
"DefInd_s2_FRUK_FE_AR1","DefInd","FRUK",2,"FE_AR1","UK",2021,11.3698600785574,0.243280410800962,0.182641538823367
"DefInd_s2_FRUK_FE_AR1","DefInd","FRUK",2,"FE_AR1","UK",2022,11.3979647061607,0.187771486312352,-0.00139268479731447
"DefInd_s2_FRUK_FE_AR1","DefInd","FRUK",2,"FE_AR1","UK",2023,11.4020313947348,0.216326230518568,0.070323363089319
"DefInd_s2_FRUK_FE_AR1","DefInd","FRUK",2,"FE_AR1","UK",2024,11.409544944672,0.211679722063533,0.0434739386607622
"DefInd_s2_FRUK_POOLED_AR1","DefInd","FRUK",2,"POOLED_AR1","FR",1981,11.1095305775512,-0.313469371186684,NA
"DefInd_s2_FRUK_POOLED_AR1","DefInd","FRUK",2,"POOLED_AR1","FR",1982,11.122156503968,-0.318605151755607,-0.0759465424090066
"DefInd_s2_FRUK_POOLED_AR1","DefInd","FRUK",2,"POOLED_AR1","FR",1983,11.1444178043834,-0.308469245174447,-0.0618349958281672
"DefInd_s2_FRUK_POOLED_AR1","DefInd","FRUK",2,"POOLED_AR1","FR",1984,11.1456472521369,-0.274679892443695,-0.0358919120523069
"DefInd_s2_FRUK_POOLED_AR1","DefInd","FRUK",2,"POOLED_AR1","FR",1985,11.1357193447529,-0.218464493140086,-0.00583306295111952
"DefInd_s2_FRUK_POOLED_AR1","DefInd","FRUK",2,"POOLED_AR1","FR",1986,11.1379865282829,-0.198131468558277,-0.0290167320967928
"DefInd_s2_FRUK_POOLED_AR1","DefInd","FRUK",2,"POOLED_AR1","FR",1987,11.1030899640934,-0.139025077735781,0.0143497366715842
"DefInd_s2_FRUK_POOLED_AR1","DefInd","FRUK",2,"POOLED_AR1","FR",1988,11.0875261452988,-0.0680648462772417,0.0395553397076165
"DefInd_s2_FRUK_POOLED_AR1","DefInd","FRUK",2,"POOLED_AR1","FR",1989,11.0756920179915,-0.0285110156790953,0.0241784093849863
"DefInd_s2_FRUK_POOLED_AR1","DefInd","FRUK",2,"POOLED_AR1","FR",1990,11.0439834188788,0.0303698332631654,0.0524403895971307
"DefInd_s2_FRUK_POOLED_AR1","DefInd","FRUK",2,"POOLED_AR1","FR",1991,11.0698965777083,0.0149925320864757,-0.00851694661579601
"DefInd_s2_FRUK_POOLED_AR1","DefInd","FRUK",2,"POOLED_AR1","FR",1992,11.0860442296788,0.0275168108567989,0.0159109975905266
"DefInd_s2_FRUK_POOLED_AR1","DefInd","FRUK",2,"POOLED_AR1","FR",1993,11.1239331851988,-0.00185812498235904,-0.0231590611181186
"DefInd_s2_FRUK_POOLED_AR1","DefInd","FRUK",2,"POOLED_AR1","FR",1994,11.1141728725259,0.0316355357958198,0.033073922016791
"DefInd_s2_FRUK_POOLED_AR1","DefInd","FRUK",2,"POOLED_AR1","FR",1995,11.1275122389652,0.0536491274813589,0.0291598604978345
"DefInd_s2_FRUK_POOLED_AR1","DefInd","FRUK",2,"POOLED_AR1","FR",1996,11.1384261423586,0.0353864375156352,-0.00614368907377245
"DefInd_s2_FRUK_POOLED_AR1","DefInd","FRUK",2,"POOLED_AR1","FR",1997,11.1883560231865,0.0377088576277291,0.0103159940609707
"DefInd_s2_FRUK_POOLED_AR1","DefInd","FRUK",2,"POOLED_AR1","FR",1998,11.1851595801295,0.0742653793003889,0.045074715736183
"DefInd_s2_FRUK_POOLED_AR1","DefInd","FRUK",2,"POOLED_AR1","FR",1999,11.193614518211,0.0907981787391154,0.0333088821121164
"DefInd_s2_FRUK_POOLED_AR1","DefInd","FRUK",2,"POOLED_AR1","FR",2000,11.1928725590897,0.134513602382608,0.0642261618565087
"DefInd_s2_FRUK_POOLED_AR1","DefInd","FRUK",2,"POOLED_AR1","FR",2001,11.1782235531615,0.1314353346777,0.0273075101033303
"DefInd_s2_FRUK_POOLED_AR1","DefInd","FRUK",2,"POOLED_AR1","FR",2002,11.1814479589563,0.122878262425759,0.0211333442184185
"DefInd_s2_FRUK_POOLED_AR1","DefInd","FRUK",2,"POOLED_AR1","FR",2003,11.1792061526535,0.121226894578795,0.0261060597543816
"DefInd_s2_FRUK_POOLED_AR1","DefInd","FRUK",2,"POOLED_AR1","FR",2004,11.1691837804625,0.160219211948961,0.0663767113482297
"DefInd_s2_FRUK_POOLED_AR1","DefInd","FRUK",2,"POOLED_AR1","FR",2005,11.1994986626861,0.136336415618535,0.0123097172047074
"DefInd_s2_FRUK_POOLED_AR1","DefInd","FRUK",2,"POOLED_AR1","FR",2006,11.18103567024,0.158849813649445,0.0533109378988331
"DefInd_s2_FRUK_POOLED_AR1","DefInd","FRUK",2,"POOLED_AR1","FR",2007,11.1822027959084,0.188732125306805,0.0657654867187403
"DefInd_s2_FRUK_POOLED_AR1","DefInd","FRUK",2,"POOLED_AR1","FR",2008,11.221622534964,0.119720985636867,-0.0263777381159654
"DefInd_s2_FRUK_POOLED_AR1","DefInd","FRUK",2,"POOLED_AR1","FR",2009,11.2484789686328,0.0622323388272736,-0.0304444282018892
"DefInd_s2_FRUK_POOLED_AR1","DefInd","FRUK",2,"POOLED_AR1","FR",2010,11.3305600196985,0.0241174012075707,-0.0240570432016065
"DefInd_s2_FRUK_POOLED_AR1","DefInd","FRUK",2,"POOLED_AR1","FR",2011,11.4206800472677,-0.0321803611807621,-0.0508497929530861
"DefInd_s2_FRUK_POOLED_AR1","DefInd","FRUK",2,"POOLED_AR1","FR",2012,11.4564195419952,-0.0671620092337779,-0.0422509894973567
"DefInd_s2_FRUK_POOLED_AR1","DefInd","FRUK",2,"POOLED_AR1","FR",2013,11.4865534945166,-0.0779042449039764,-0.025913711666564
"DefInd_s2_FRUK_POOLED_AR1","DefInd","FRUK",2,"POOLED_AR1","FR",2014,11.4820776778549,-0.0647127010292881,-0.00440653568040086
"DefInd_s2_FRUK_POOLED_AR1","DefInd","FRUK",2,"POOLED_AR1","FR",2015,11.4941179006095,-0.0324157909892353,0.0176787173813368
"DefInd_s2_FRUK_POOLED_AR1","DefInd","FRUK",2,"POOLED_AR1","FR",2016,11.4987510913335,-0.0382207321469128,-0.0131274647168602
"DefInd_s2_FRUK_POOLED_AR1","DefInd","FRUK",2,"POOLED_AR1","FR",2017,11.4726554651959,-0.00061429811338698,0.0289726107315456
"DefInd_s2_FRUK_POOLED_AR1","DefInd","FRUK",2,"POOLED_AR1","FR",2018,11.5161362521453,-0.0407912120210838,-0.0403156799926932
"DefInd_s2_FRUK_POOLED_AR1","DefInd","FRUK",2,"POOLED_AR1","FR",2019,11.505587405792,-0.0382219767786367,-0.00664524331620333
"DefInd_s2_FRUK_POOLED_AR1","DefInd","FRUK",2,"POOLED_AR1","FR",2020,11.4106665607818,-0.0861062446398506,-0.0565183723176822
"DefInd_s2_FRUK_POOLED_AR1","DefInd","FRUK",2,"POOLED_AR1","FR",2021,11.3461677261613,0.023023102746432,0.089678487613111
"DefInd_s2_FRUK_POOLED_AR1","DefInd","FRUK",2,"POOLED_AR1","FR",2022,11.3950496477987,0.0323007589252917,0.0144784304657564
"DefInd_s2_FRUK_POOLED_AR1","DefInd","FRUK",2,"POOLED_AR1","FR",2023,11.4133267752752,0.0337866720843412,0.00878245169758071
"DefInd_s2_FRUK_POOLED_AR1","DefInd","FRUK",2,"POOLED_AR1","FR",2024,11.4161936384182,0.0347733540140034,0.00861887891680738
"DefInd_s2_FRUK_POOLED_AR1","DefInd","FRUK",2,"POOLED_AR1","UK",1981,11.1094952823978,-0.36763218883458,NA
"DefInd_s2_FRUK_POOLED_AR1","DefInd","FRUK",2,"POOLED_AR1","UK",1982,11.1351111247773,-0.353088839422231,-0.0685024527014748
"DefInd_s2_FRUK_POOLED_AR1","DefInd","FRUK",2,"POOLED_AR1","UK",1983,11.1299397008885,-0.284127365606757,-0.0107990770226151
"DefInd_s2_FRUK_POOLED_AR1","DefInd","FRUK",2,"POOLED_AR1","UK",1984,11.0983609937669,-0.204323513685091,0.0156212648253057
"DefInd_s2_FRUK_POOLED_AR1","DefInd","FRUK",2,"POOLED_AR1","UK",1985,11.0860077512156,-0.163577624301659,-0.00540950886524624
"DefInd_s2_FRUK_POOLED_AR1","DefInd","FRUK",2,"POOLED_AR1","UK",1986,11.1064819570029,-0.138490687515969,-0.0118642210034808
"DefInd_s2_FRUK_POOLED_AR1","DefInd","FRUK",2,"POOLED_AR1","UK",1987,11.0932862045871,-0.0749978447986166,0.0322086663602224
"DefInd_s2_FRUK_POOLED_AR1","DefInd","FRUK",2,"POOLED_AR1","UK",1988,11.1131593782216,-0.0538284102543756,0.00422789251590771
"DefInd_s2_FRUK_POOLED_AR1","DefInd","FRUK",2,"POOLED_AR1","UK",1989,11.1020952807372,-0.0416271213085917,4.17892016033108e-05
"DefInd_s2_FRUK_POOLED_AR1","DefInd","FRUK",2,"POOLED_AR1","UK",1990,11.1359380033212,-0.087972847671475,-0.0557490315786759
"DefInd_s2_FRUK_POOLED_AR1","DefInd","FRUK",2,"POOLED_AR1","UK",1991,11.1679328454261,-0.0728244361562904,-0.00472410215744769
"DefInd_s2_FRUK_POOLED_AR1","DefInd","FRUK",2,"POOLED_AR1","UK",1992,11.1881763971172,-0.0456450298793438,0.01072882360828
"DefInd_s2_FRUK_POOLED_AR1","DefInd","FRUK",2,"POOLED_AR1","UK",1993,11.1836383878842,-0.0057395360303989,0.0295945683261931
"DefInd_s2_FRUK_POOLED_AR1","DefInd","FRUK",2,"POOLED_AR1","UK",1994,11.2122241316414,0.0426761538983627,0.0471191647933629
"DefInd_s2_FRUK_POOLED_AR1","DefInd","FRUK",2,"POOLED_AR1","UK",1995,11.1590735197948,0.0460520472453254,0.0130161684351086
"DefInd_s2_FRUK_POOLED_AR1","DefInd","FRUK",2,"POOLED_AR1","UK",1996,11.1461298571117,0.0571928731275513,0.0215436940712043
"DefInd_s2_FRUK_POOLED_AR1","DefInd","FRUK",2,"POOLED_AR1","UK",1997,11.1983316856546,0.0392255966049131,-0.00504776574985105
"DefInd_s2_FRUK_POOLED_AR1","DefInd","FRUK",2,"POOLED_AR1","UK",1998,11.227942950676,0.0110948183147723,-0.0192699624193247
"DefInd_s2_FRUK_POOLED_AR1","DefInd","FRUK",2,"POOLED_AR1","UK",1999,11.230100858326,0.0347727849617918,0.0261842164103448
"DefInd_s2_FRUK_POOLED_AR1","DefInd","FRUK",2,"POOLED_AR1","UK",2000,11.2380931756567,0.0666886097656221,0.0397707784955563
"DefInd_s2_FRUK_POOLED_AR1","DefInd","FRUK",2,"POOLED_AR1","UK",2001,11.2798355323422,0.0371361993705097,-0.0144878723648642
"DefInd_s2_FRUK_POOLED_AR1","DefInd","FRUK",2,"POOLED_AR1","UK",2002,11.2530094295679,0.10192348450882,0.0731761192987775
"DefInd_s2_FRUK_POOLED_AR1","DefInd","FRUK",2,"POOLED_AR1","UK",2003,11.2655534997352,0.131276130774204,0.0523765211662822
"DefInd_s2_FRUK_POOLED_AR1","DefInd","FRUK",2,"POOLED_AR1","UK",2004,11.3083445402395,0.100269975233687,-0.00135170223189104
"DefInd_s2_FRUK_POOLED_AR1","DefInd","FRUK",2,"POOLED_AR1","UK",2005,11.2671139790798,0.173975464404954,0.0963558467137121
"DefInd_s2_FRUK_POOLED_AR1","DefInd","FRUK",2,"POOLED_AR1","UK",2006,11.3514443439992,0.0966144512681986,-0.0380610485840447
"DefInd_s2_FRUK_POOLED_AR1","DefInd","FRUK",2,"POOLED_AR1","UK",2007,11.3377181782336,0.122413333253853,0.0476234796270886
"DefInd_s2_FRUK_POOLED_AR1","DefInd","FRUK",2,"POOLED_AR1","UK",2008,11.3681575880797,0.108582308081571,0.0138213778496618
"DefInd_s2_FRUK_POOLED_AR1","DefInd","FRUK",2,"POOLED_AR1","UK",2009,11.4061038394676,0.033791182887855,-0.050263063876262
"DefInd_s2_FRUK_POOLED_AR1","DefInd","FRUK",2,"POOLED_AR1","UK",2010,11.3990503222786,0.12697656866772,0.100818601729189
"DefInd_s2_FRUK_POOLED_AR1","DefInd","FRUK",2,"POOLED_AR1","UK",2011,11.4623635909682,0.0672841884428319,-0.0310091709876887
"DefInd_s2_FRUK_POOLED_AR1","DefInd","FRUK",2,"POOLED_AR1","UK",2012,11.4417501788644,0.0968231761441594,0.0447380632135289
"DefInd_s2_FRUK_POOLED_AR1","DefInd","FRUK",2,"POOLED_AR1","UK",2013,11.4274213150162,0.162304769247795,0.0873533403834089
"DefInd_s2_FRUK_POOLED_AR1","DefInd","FRUK",2,"POOLED_AR1","UK",2014,11.3985427224369,0.197662977780446,0.0720218363608095
"DefInd_s2_FRUK_POOLED_AR1","DefInd","FRUK",2,"POOLED_AR1","UK",2015,11.3809949017042,0.215349348070884,0.0623371953175419
"DefInd_s2_FRUK_POOLED_AR1","DefInd","FRUK",2,"POOLED_AR1","UK",2016,11.3965583922557,0.20211578534103,0.0354125022459278
"DefInd_s2_FRUK_POOLED_AR1","DefInd","FRUK",2,"POOLED_AR1","UK",2017,11.3974085607371,0.206589880473334,0.0501307814162786
"DefInd_s2_FRUK_POOLED_AR1","DefInd","FRUK",2,"POOLED_AR1","UK",2018,11.4014384237269,0.189266755916728,0.0293442317129691
"DefInd_s2_FRUK_POOLED_AR1","DefInd","FRUK",2,"POOLED_AR1","UK",2019,11.4782009046493,0.123310417303587,-0.0232021673627599
"DefInd_s2_FRUK_POOLED_AR1","DefInd","FRUK",2,"POOLED_AR1","UK",2020,11.4380107301533,0.0995503218312965,0.00409495320130232
"DefInd_s2_FRUK_POOLED_AR1","DefInd","FRUK",2,"POOLED_AR1","UK",2021,11.3505442986861,0.26259619067234,0.185533661200514
"DefInd_s2_FRUK_POOLED_AR1","DefInd","FRUK",2,"POOLED_AR1","UK",2022,11.3843481943394,0.20138799813369,-0.00188936260825034
"DefInd_s2_FRUK_POOLED_AR1","DefInd","FRUK",2,"POOLED_AR1","UK",2023,11.3880834880355,0.230274137217904,0.0743784228097695
"DefInd_s2_FRUK_POOLED_AR1","DefInd","FRUK",2,"POOLED_AR1","UK",2024,11.3974287177763,0.223795948959252,0.0455392928328477
"DefInd_s2_GIS_FE_AR1","DefInd","GIS",2,"FE_AR1","DE",1991,11.1813387092244,-0.166693784245519,NA
"DefInd_s2_GIS_FE_AR1","DefInd","GIS",2,"FE_AR1","DE",1992,11.1812800226482,-0.130419552082275,0.00300970151228641
"DefInd_s2_GIS_FE_AR1","DefInd","GIS",2,"FE_AR1","DE",1993,11.1664892819187,-0.148850211420692,-0.0444564959187131
"DefInd_s2_GIS_FE_AR1","DefInd","GIS",2,"FE_AR1","DE",1994,11.1796660763736,-0.11034446221456,0.00880198764947911
"DefInd_s2_GIS_FE_AR1","DefInd","GIS",2,"FE_AR1","DE",1995,11.218128092588,-0.124714096106873,-0.0363893916302104
"DefInd_s2_GIS_FE_AR1","DefInd","GIS",2,"FE_AR1","DE",1996,11.2159876278448,-0.111786780703369,-0.0119599705341845
"DefInd_s2_GIS_FE_AR1","DefInd","GIS",2,"FE_AR1","DE",1997,11.2010363205223,-0.0540988974309169,0.0353803040792043
"DefInd_s2_GIS_FE_AR1","DefInd","GIS",2,"FE_AR1","DE",1998,11.2033903527695,-0.0331876708977177,0.0101155364604176
"DefInd_s2_GIS_FE_AR1","DefInd","GIS",2,"FE_AR1","DE",1999,11.1877755244223,-0.0107801750434611,0.015784739638074
"DefInd_s2_GIS_FE_AR1","DefInd","GIS",2,"FE_AR1","DE",2000,11.1785957638299,0.0417131897903413,0.0503421300725366
"DefInd_s2_GIS_FE_AR1","DefInd","GIS",2,"FE_AR1","DE",2001,11.1971570465737,0.0279347292662031,-0.00545439681288249
"DefInd_s2_GIS_FE_AR1","DefInd","GIS",2,"FE_AR1","DE",2002,11.2119469561885,0.00177368621352691,-0.0205865361080551
"DefInd_s2_GIS_FE_AR1","DefInd","GIS",2,"FE_AR1","DE",2003,11.2400888520406,-0.00138139111222557,-0.00280112987844908
"DefInd_s2_GIS_FE_AR1","DefInd","GIS",2,"FE_AR1","DE",2004,11.2796383509209,-0.00172276628094004,-0.000617038278779248
"DefInd_s2_GIS_FE_AR1","DefInd","GIS",2,"FE_AR1","DE",2005,11.2909060511834,0.0117758015887528,0.0131547817350379
"DefInd_s2_GIS_FE_AR1","DefInd","GIS",2,"FE_AR1","DE",2006,11.3150353912082,0.0648438609350226,0.0554179760792879
"DefInd_s2_GIS_FE_AR1","DefInd","GIS",2,"FE_AR1","DE",2007,11.3675221656661,0.0350994193308178,-0.0168045433988674
"DefInd_s2_GIS_FE_AR1","DefInd","GIS",2,"FE_AR1","DE",2008,11.3802989010011,-0.0320055968843835,-0.0601007615848
"DefInd_s2_GIS_FE_AR1","DefInd","GIS",2,"FE_AR1","DE",2009,11.2631449922463,-0.0771840031502204,-0.0515652740388708
"DefInd_s2_GIS_FE_AR1","DefInd","GIS",2,"FE_AR1","DE",2010,11.2997822362282,0.0588772702782485,0.120658841657093
"DefInd_s2_GIS_FE_AR1","DefInd","GIS",2,"FE_AR1","DE",2011,11.3653907660351,0.0457946156661233,-0.00133341770638164
"DefInd_s2_GIS_FE_AR1","DefInd","GIS",2,"FE_AR1","DE",2012,11.3559697889133,0.0386938184226402,0.00203773424627475
"DefInd_s2_GIS_FE_AR1","DefInd","GIS",2,"FE_AR1","DE",2013,11.3519065335593,0.0287141854884077,-0.00225809901652679
"DefInd_s2_GIS_FE_AR1","DefInd","GIS",2,"FE_AR1","DE",2014,11.3522692575101,0.0615667544241418,0.038582620044836
"DefInd_s2_GIS_FE_AR1","DefInd","GIS",2,"FE_AR1","DE",2015,11.3026051833622,0.125165417539124,0.0758845992636596
"DefInd_s2_GIS_FE_AR1","DefInd","GIS",2,"FE_AR1","DE",2016,11.2929953136367,0.168519236801009,0.0683311685194772
"DefInd_s2_GIS_FE_AR1","DefInd","GIS",2,"FE_AR1","DE",2017,11.2965163237523,0.171200926054976,0.0363104975698582
"DefInd_s2_GIS_FE_AR1","DefInd","GIS",2,"FE_AR1","DE",2018,11.2979993683029,0.147372070511732,0.010335096508143
"DefInd_s2_GIS_FE_AR1","DefInd","GIS",2,"FE_AR1","DE",2019,11.2714261019356,0.153025473008928,0.035062194065645
"DefInd_s2_GIS_FE_AR1","DefInd","GIS",2,"FE_AR1","DE",2020,11.2387462530552,0.129744805850269,0.00725628753537678
"DefInd_s2_GIS_FE_AR1","DefInd","GIS",2,"FE_AR1","DE",2021,11.3382630642505,0.0836598626623708,-0.0201937553998038
"DefInd_s2_GIS_FE_AR1","DefInd","GIS",2,"FE_AR1","DE",2022,11.3782880740147,0.0319629728302573,-0.0350021697597174
"DefInd_s2_GIS_FE_AR1","DefInd","GIS",2,"FE_AR1","DE",2023,11.3837782166529,0.0359206532820462,0.0103360423938383
"DefInd_s2_GIS_FE_AR1","DefInd","GIS",2,"FE_AR1","DE",2024,11.382017761156,0.0415962964201331,0.0128437788757886
"DefInd_s2_GIS_FE_AR1","DefInd","GIS",2,"FE_AR1","ES",1981,10.9351238951316,-0.122652280646054,NA
"DefInd_s2_GIS_FE_AR1","DefInd","GIS",2,"FE_AR1","ES",1982,10.9346519590231,-0.0977441217569677,0.000432317948603669
"DefInd_s2_GIS_FE_AR1","DefInd","GIS",2,"FE_AR1","ES",1983,10.9401133145775,-0.0700530157334462,0.00818580563783546
"DefInd_s2_GIS_FE_AR1","DefInd","GIS",2,"FE_AR1","ES",1984,10.955171208268,-0.0483534282421498,0.00772017788340712
"DefInd_s2_GIS_FE_AR1","DefInd","GIS",2,"FE_AR1","ES",1985,10.9452427262342,-0.000466419466333079,0.0382378541710427
"DefInd_s2_GIS_FE_AR1","DefInd","GIS",2,"FE_AR1","ES",1986,10.9479415193956,0.0383609021003579,0.0387342453628945
"DefInd_s2_GIS_FE_AR1","DefInd","GIS",2,"FE_AR1","ES",1987,10.9411549638791,0.0361919516649074,0.00548614846035634
"DefInd_s2_GIS_FE_AR1","DefInd","GIS",2,"FE_AR1","ES",1988,10.9327368163228,0.0568440301813453,0.0278743531256824
"DefInd_s2_GIS_FE_AR1","DefInd","GIS",2,"FE_AR1","ES",1989,10.9200785418476,0.0656943136416874,0.0201937777174901
"DefInd_s2_GIS_FE_AR1","DefInd","GIS",2,"FE_AR1","ES",1990,10.932134114476,-0.0157346503001836,-0.0683193538888119
"DefInd_s2_GIS_FE_AR1","DefInd","GIS",2,"FE_AR1","ES",1991,10.9362765098562,-0.0228312211549095,-0.0102364945151166
"DefInd_s2_GIS_FE_AR1","DefInd","GIS",2,"FE_AR1","ES",1992,10.9395384986344,-0.071255057033655,-0.0529799137153832
"DefInd_s2_GIS_FE_AR1","DefInd","GIS",2,"FE_AR1","ES",1993,10.9470831554558,-0.1037410810411,-0.0467053066247302
"DefInd_s2_GIS_FE_AR1","DefInd","GIS",2,"FE_AR1","ES",1994,10.9578171839039,-0.0832256425369788,-0.000186583383943686
"DefInd_s2_GIS_FE_AR1","DefInd","GIS",2,"FE_AR1","ES",1995,10.9829535091765,-0.0707354134930451,-0.00411784035497903
"DefInd_s2_GIS_FE_AR1","DefInd","GIS",2,"FE_AR1","ES",1996,10.9875982646255,-0.0805294477702283,-0.0239096195756842
"DefInd_s2_GIS_FE_AR1","DefInd","GIS",2,"FE_AR1","ES",1997,10.9872026998915,-0.0753200723050043,-0.0108606555547206
"DefInd_s2_GIS_FE_AR1","DefInd","GIS",2,"FE_AR1","ES",1998,10.9797158000342,-0.0716905161870134,-0.0114009194643013
"DefInd_s2_GIS_FE_AR1","DefInd","GIS",2,"FE_AR1","ES",1999,10.9645710792012,-0.0656988144040742,-0.0083144787617021
"DefInd_s2_GIS_FE_AR1","DefInd","GIS",2,"FE_AR1","ES",2000,10.956205839128,-0.0431240002011855,0.00946430600147306
"DefInd_s2_GIS_FE_AR1","DefInd","GIS",2,"FE_AR1","ES",2001,10.9498434575854,-0.0206979241582541,0.0138204784618518
"DefInd_s2_GIS_FE_AR1","DefInd","GIS",2,"FE_AR1","ES",2002,10.946484909857,-0.0191074343649067,-0.00253987856855475
"DefInd_s2_GIS_FE_AR1","DefInd","GIS",2,"FE_AR1","ES",2003,10.9537708457189,-0.0329340492105423,-0.0176395934697002
"DefInd_s2_GIS_FE_AR1","DefInd","GIS",2,"FE_AR1","ES",2004,10.9618892029812,-0.0513498272051489,-0.0249879228072208
"DefInd_s2_GIS_FE_AR1","DefInd","GIS",2,"FE_AR1","ES",2005,10.9459168425864,-0.0352002197117098,0.00590250734679419
"DefInd_s2_GIS_FE_AR1","DefInd","GIS",2,"FE_AR1","ES",2006,10.9333310748685,-0.000301545613650589,0.0278743042763507
"DefInd_s2_GIS_FE_AR1","DefInd","GIS",2,"FE_AR1","ES",2007,10.940977240721,0.0119390800402339,0.0121804508048141
"DefInd_s2_GIS_FE_AR1","DefInd","GIS",2,"FE_AR1","ES",2008,10.946701603176,0.00854228775375709,-0.00101429256856504
"DefInd_s2_GIS_FE_AR1","DefInd","GIS",2,"FE_AR1","ES",2009,10.9184509151845,0.0449818145989767,0.0381441806456014
"DefInd_s2_GIS_FE_AR1","DefInd","GIS",2,"FE_AR1","ES",2010,10.9346824092765,0.0591061026998538,0.0231006213051164
"DefInd_s2_GIS_FE_AR1","DefInd","GIS",2,"FE_AR1","ES",2011,10.9857998166384,0.0512989917317768,0.00398779052640253
"DefInd_s2_GIS_FE_AR1","DefInd","GIS",2,"FE_AR1","ES",2012,10.9866285359798,0.0622425031324667,0.0211804670889209
"DefInd_s2_GIS_FE_AR1","DefInd","GIS",2,"FE_AR1","ES",2013,11.0021375541915,0.0890446095052759,0.0392228913625646
"DefInd_s2_GIS_FE_AR1","DefInd","GIS",2,"FE_AR1","ES",2014,10.9993818384284,0.127982917134027,0.0567075793241375
"DefInd_s2_GIS_FE_AR1","DefInd","GIS",2,"FE_AR1","ES",2015,10.9887359172902,0.152802951639927,0.0503596290929028
"DefInd_s2_GIS_FE_AR1","DefInd","GIS",2,"FE_AR1","ES",2016,11.0001450168276,0.127921662716519,0.00561126058219662
"DefInd_s2_GIS_FE_AR1","DefInd","GIS",2,"FE_AR1","ES",2017,10.9969445030018,0.146738106686133,0.0443438149487721
"DefInd_s2_GIS_FE_AR1","DefInd","GIS",2,"FE_AR1","ES",2018,10.9963554746994,0.1197039693196,0.00224814373121338
"DefInd_s2_GIS_FE_AR1","DefInd","GIS",2,"FE_AR1","ES",2019,10.9872826620077,0.112518027123789,0.0167015493174196
"DefInd_s2_GIS_FE_AR1","DefInd","GIS",2,"FE_AR1","ES",2020,10.9768912857204,0.0637743990690147,-0.0262901251903137
"DefInd_s2_GIS_FE_AR1","DefInd","GIS",2,"FE_AR1","ES",2021,11.0670503187736,0.078245403806358,0.0271974867845266
"DefInd_s2_GIS_FE_AR1","DefInd","GIS",2,"FE_AR1","ES",2022,11.1215130497655,0.0355506699861809,-0.0270804945430871
"DefInd_s2_GIS_FE_AR1","DefInd","GIS",2,"FE_AR1","ES",2023,11.1236357167335,0.0369134639944875,0.00845709783475038
"DefInd_s2_GIS_FE_AR1","DefInd","GIS",2,"FE_AR1","ES",2024,11.1339195371241,0.0335901617930574,0.00404295359530132
"DefInd_s2_GIS_FE_AR1","DefInd","GIS",2,"FE_AR1","IT",1981,11.0629127454515,-0.142180144732846,NA
"DefInd_s2_GIS_FE_AR1","DefInd","GIS",2,"FE_AR1","IT",1982,11.038523015324,-0.135011700238305,-0.021204273803445
"DefInd_s2_GIS_FE_AR1","DefInd","GIS",2,"FE_AR1","IT",1983,11.0255865913011,-0.141665534526567,-0.0335960556862722
"DefInd_s2_GIS_FE_AR1","DefInd","GIS",2,"FE_AR1","IT",1984,11.0063025053757,-0.0498939160875818,0.0635015930341838
"DefInd_s2_GIS_FE_AR1","DefInd","GIS",2,"FE_AR1","IT",1985,10.9973492755975,-0.00716010570734582,0.0327772441621031
"DefInd_s2_GIS_FE_AR1","DefInd","GIS",2,"FE_AR1","IT",1986,11.0296066507724,-0.0206139419504847,-0.0148826690988097
"DefInd_s2_GIS_FE_AR1","DefInd","GIS",2,"FE_AR1","IT",1987,11.0440495281585,-0.00832542077501941,0.00817491185912158
"DefInd_s2_GIS_FE_AR1","DefInd","GIS",2,"FE_AR1","IT",1988,11.0419792204658,0.0079531584510093,0.0146172022538385
"DefInd_s2_GIS_FE_AR1","DefInd","GIS",2,"FE_AR1","IT",1989,11.0429773226345,0.0328477453213356,0.0264816771404462
"DefInd_s2_GIS_FE_AR1","DefInd","GIS",2,"FE_AR1","IT",1990,11.0514853687707,-0.032483919305184,-0.058776742161942
"DefInd_s2_GIS_FE_AR1","DefInd","GIS",2,"FE_AR1","IT",1991,11.0408103759492,-0.0485876014952407,-0.0225860014575765
"DefInd_s2_GIS_FE_AR1","DefInd","GIS",2,"FE_AR1","IT",1992,11.0444739777106,-0.034055513851893,0.00483620266173122
"DefInd_s2_GIS_FE_AR1","DefInd","GIS",2,"FE_AR1","IT",1993,11.0490013656452,-0.0205248678676249,0.00673470761447341
"DefInd_s2_GIS_FE_AR1","DefInd","GIS",2,"FE_AR1","IT",1994,11.0609246652362,0.0206287634337627,0.0370577971382861
"DefInd_s2_GIS_FE_AR1","DefInd","GIS",2,"FE_AR1","IT",1995,11.0971636448695,0.035068567219648,0.0185563707991043
"DefInd_s2_GIS_FE_AR1","DefInd","GIS",2,"FE_AR1","IT",1996,11.1035221993467,0.0368788801283202,0.00880841085481382
"DefInd_s2_GIS_FE_AR1","DefInd","GIS",2,"FE_AR1","IT",1997,11.0755072029745,0.0767617420928346,0.0472422163876801
"DefInd_s2_GIS_FE_AR1","DefInd","GIS",2,"FE_AR1","IT",1998,11.0647958820412,0.0827310712795217,0.0212874967729907
"DefInd_s2_GIS_FE_AR1","DefInd","GIS",2,"FE_AR1","IT",1999,11.0549134469126,0.0877123686079031,0.0214906727008358
"DefInd_s2_GIS_FE_AR1","DefInd","GIS",2,"FE_AR1","IT",2000,11.0401531080166,0.132531531356642,0.0623225794911912
"DefInd_s2_GIS_FE_AR1","DefInd","GIS",2,"FE_AR1","IT",2001,11.0360412688431,0.131780034666996,0.0256957953133834
"DefInd_s2_GIS_FE_AR1","DefInd","GIS",2,"FE_AR1","IT",2002,11.0356239435612,0.109491231477888,0.00400852410600017
"DefInd_s2_GIS_FE_AR1","DefInd","GIS",2,"FE_AR1","IT",2003,11.0497212785017,0.0495203211800934,-0.0381214187766059
"DefInd_s2_GIS_FE_AR1","DefInd","GIS",2,"FE_AR1","IT",2004,11.0620744543639,0.0475275217423334,0.00788921415498596
"DefInd_s2_GIS_FE_AR1","DefInd","GIS",2,"FE_AR1","IT",2005,11.0584203130141,0.045405262983456,0.00736208230949331
"DefInd_s2_GIS_FE_AR1","DefInd","GIS",2,"FE_AR1","IT",2006,11.0682984760373,0.0471628061501796,0.0108183774927555
"DefInd_s2_GIS_FE_AR1","DefInd","GIS",2,"FE_AR1","IT",2007,11.0950526645758,0.0517386240242832,0.0139873782263306
"DefInd_s2_GIS_FE_AR1","DefInd","GIS",2,"FE_AR1","IT",2008,11.1154007632173,0.00112210138304647,-0.040291836256055
"DefInd_s2_GIS_FE_AR1","DefInd","GIS",2,"FE_AR1","IT",2009,11.040325192375,-0.0493314815336436,-0.0502296622947019
"DefInd_s2_GIS_FE_AR1","DefInd","GIS",2,"FE_AR1","IT",2010,11.034155973515,0.0472886297506943,0.0867757815334693
"DefInd_s2_GIS_FE_AR1","DefInd","GIS",2,"FE_AR1","IT",2011,11.0805381467161,0.0131519078730982,-0.0247000528325952
"DefInd_s2_GIS_FE_AR1","DefInd","GIS",2,"FE_AR1","IT",2012,11.0865193486314,-0.031648887761893,-0.0421762704042311
"DefInd_s2_GIS_FE_AR1","DefInd","GIS",2,"FE_AR1","IT",2013,11.1069091106166,-0.0391869512208949,-0.013853748244666
"DefInd_s2_GIS_FE_AR1","DefInd","GIS",2,"FE_AR1","IT",2014,11.1060159450769,-0.0125816550938378,0.0187853552342096
"DefInd_s2_GIS_FE_AR1","DefInd","GIS",2,"FE_AR1","IT",2015,11.0857547518454,0.0556768001770909,0.0657477266711609
"DefInd_s2_GIS_FE_AR1","DefInd","GIS",2,"FE_AR1","IT",2016,11.0874465063923,0.0841512039748444,0.039584971803758
"DefInd_s2_GIS_FE_AR1","DefInd","GIS",2,"FE_AR1","IT",2017,11.0951363328856,0.0950952742778579,0.0277368398511164
"DefInd_s2_GIS_FE_AR1","DefInd","GIS",2,"FE_AR1","IT",2018,11.1056113468244,0.0898425393236852,0.0137239754270487
"DefInd_s2_GIS_FE_AR1","DefInd","GIS",2,"FE_AR1","IT",2019,11.0930479938065,0.0915066114582235,0.0195925744876362
"DefInd_s2_GIS_FE_AR1","DefInd","GIS",2,"FE_AR1","IT",2020,11.0725982190207,0.019074227226362,-0.0541718084377814
"DefInd_s2_GIS_FE_AR1","DefInd","GIS",2,"FE_AR1","IT",2021,11.2105676400975,0.0219246621027693,0.006656786859395
"DefInd_s2_GIS_FE_AR1","DefInd","GIS",2,"FE_AR1","IT",2022,11.2685245568218,-0.00841836543561669,-0.0259678578352658
"DefInd_s2_GIS_FE_AR1","DefInd","GIS",2,"FE_AR1","IT",2023,11.2840870831492,-0.0272654256893432,-0.0205269847711973
"DefInd_s2_GIS_FE_AR1","DefInd","GIS",2,"FE_AR1","IT",2024,11.3029143973812,-0.0270059945421206,-0.00518151311269478
"DefInd_s2_GIS_POOLED_AR1","DefInd","GIS",2,"POOLED_AR1","DE",1991,11.1328108942494,-0.118165969270493,NA
"DefInd_s2_GIS_POOLED_AR1","DefInd","GIS",2,"POOLED_AR1","DE",1992,11.1247163693768,-0.0738558988108977,0.0252502645519609
"DefInd_s2_GIS_POOLED_AR1","DefInd","GIS",2,"POOLED_AR1","DE",1993,11.09118646683,-0.073547396331989,-0.0116042259077833
"DefInd_s2_GIS_POOLED_AR1","DefInd","GIS",2,"POOLED_AR1","DE",1994,11.0958980162571,-0.0265764020980548,0.0351080263443323
"DefInd_s2_GIS_POOLED_AR1","DefInd","GIS",2,"POOLED_AR1","DE",1995,11.1259025703416,-0.0324885738604905,-0.0101988633441097
"DefInd_s2_GIS_POOLED_AR1","DefInd","GIS",2,"POOLED_AR1","DE",1996,11.1293857517343,-0.0251849045929227,0.0020633626393599
"DefInd_s2_GIS_POOLED_AR1","DefInd","GIS",2,"POOLED_AR1","DE",1997,11.1177745546066,0.0291628684847574,0.0502855257461782
"DefInd_s2_GIS_POOLED_AR1","DefInd","GIS",2,"POOLED_AR1","DE",1998,11.1208985265873,0.0493041552845259,0.0248451674217518
"DefInd_s2_GIS_POOLED_AR1","DefInd","GIS",2,"POOLED_AR1","DE",1999,11.1133366934022,0.0636586559765799,0.0223071086718675
"DefInd_s2_GIS_POOLED_AR1","DefInd","GIS",2,"POOLED_AR1","DE",2000,11.1098739800431,0.110434973577117,0.0570442622105211
"DefInd_s2_GIS_POOLED_AR1","DefInd","GIS",2,"POOLED_AR1","DE",2001,11.1201876113073,0.104904164532645,0.0122820111336983
"DefInd_s2_GIS_POOLED_AR1","DefInd","GIS",2,"POOLED_AR1","DE",2002,11.1309486902434,0.0827719521585539,-0.00521149461382105
"DefInd_s2_GIS_POOLED_AR1","DefInd","GIS",2,"POOLED_AR1","DE",2003,11.1619231817977,0.0767842791306741,0.00736318722805983
"DefInd_s2_GIS_POOLED_AR1","DefInd","GIS",2,"POOLED_AR1","DE",2004,11.2021572328549,0.0757583517850602,0.0113591397428485
"DefInd_s2_GIS_POOLED_AR1","DefInd","GIS",2,"POOLED_AR1","DE",2005,11.2146695638254,0.0880122889467572,0.0244735253377157
"DefInd_s2_GIS_POOLED_AR1","DefInd","GIS",2,"POOLED_AR1","DE",2006,11.2390012486716,0.140878003471602,0.0670618249208244
"DefInd_s2_GIS_POOLED_AR1","DefInd","GIS",2,"POOLED_AR1","DE",2007,11.298874517549,0.103747067447882,-0.01440774914174
"DefInd_s2_GIS_POOLED_AR1","DefInd","GIS",2,"POOLED_AR1","DE",2008,11.3156207260985,0.0326725780181594,-0.0543404078557258
"DefInd_s2_GIS_POOLED_AR1","DefInd","GIS",2,"POOLED_AR1","DE",2009,11.1943383531937,-0.00837736409757106,-0.0357799561851563
"DefInd_s2_GIS_POOLED_AR1","DefInd","GIS",2,"POOLED_AR1","DE",2010,11.2303655730699,0.128293933436476,0.135320054577187
"DefInd_s2_GIS_POOLED_AR1","DefInd","GIS",2,"POOLED_AR1","DE",2011,11.2902387157206,0.120946665980556,0.0133461477931755
"DefInd_s2_GIS_POOLED_AR1","DefInd","GIS",2,"POOLED_AR1","DE",2012,11.283120877225,0.111542730110877,0.0101043878295744
"DefInd_s2_GIS_POOLED_AR1","DefInd","GIS",2,"POOLED_AR1","DE",2013,11.27961658805,0.101004130997712,0.00745289877278195
"DefInd_s2_GIS_POOLED_AR1","DefInd","GIS",2,"POOLED_AR1","DE",2014,11.2805769675593,0.133259044374872,0.0485465677728425
"DefInd_s2_GIS_POOLED_AR1","DefInd","GIS",2,"POOLED_AR1","DE",2015,11.2292840562422,0.198486544659149,0.0867217725938261
"DefInd_s2_GIS_POOLED_AR1","DefInd","GIS",2,"POOLED_AR1","DE",2016,11.2202198684458,0.241294681991942,0.0748234039940466
"DefInd_s2_GIS_POOLED_AR1","DefInd","GIS",2,"POOLED_AR1","DE",2017,11.2309976013621,0.236719648445211,0.0343450534605793
"DefInd_s2_GIS_POOLED_AR1","DefInd","GIS",2,"POOLED_AR1","DE",2018,11.2344988894018,0.210872549412843,0.0123350491930743
"DefInd_s2_GIS_POOLED_AR1","DefInd","GIS",2,"POOLED_AR1","DE",2019,11.2121286792053,0.2123228957392,0.0354634373022925
"DefInd_s2_GIS_POOLED_AR1","DefInd","GIS",2,"POOLED_AR1","DE",2020,11.1738028981981,0.194688160707427,0.0166122923274523
"DefInd_s2_GIS_POOLED_AR1","DefInd","GIS",2,"POOLED_AR1","DE",2021,11.279107441042,0.142815485870903,-0.0204700757760139
"DefInd_s2_GIS_POOLED_AR1","DefInd","GIS",2,"POOLED_AR1","DE",2022,11.3240652459797,0.0861858008652536,-0.0335939881962503
"DefInd_s2_GIS_POOLED_AR1","DefInd","GIS",2,"POOLED_AR1","DE",2023,11.3258793461651,0.0938195237698398,0.0215352264138197
"DefInd_s2_GIS_POOLED_AR1","DefInd","GIS",2,"POOLED_AR1","DE",2024,11.3226687747375,0.100945282838557,0.0222585585069931
"DefInd_s2_GIS_POOLED_AR1","DefInd","GIS",2,"POOLED_AR1","ES",1981,10.9197677984638,-0.107296183978349,NA
"DefInd_s2_GIS_POOLED_AR1","DefInd","GIS",2,"POOLED_AR1","ES",1982,10.9195733530971,-0.082665515830957,0.0073241250378792
"DefInd_s2_GIS_POOLED_AR1","DefInd","GIS",2,"POOLED_AR1","ES",1983,10.9282088845756,-0.058148585731546,0.0111832376944021
"DefInd_s2_GIS_POOLED_AR1","DefInd","GIS",2,"POOLED_AR1","ES",1984,10.9502985297279,-0.0434807497020469,0.00528864873311535
"DefInd_s2_GIS_POOLED_AR1","DefInd","GIS",2,"POOLED_AR1","ES",1985,10.9528670108017,-0.00809070403379764,0.0283767350242822
"DefInd_s2_GIS_POOLED_AR1","DefInd","GIS",2,"POOLED_AR1","ES",1986,10.9535986129543,0.0327038085416689,0.0394895070015919
"DefInd_s2_GIS_POOLED_AR1","DefInd","GIS",2,"POOLED_AR1","ES",1987,10.9604276637709,0.0169192517731425,-0.0105095334509604
"DefInd_s2_GIS_POOLED_AR1","DefInd","GIS",2,"POOLED_AR1","ES",1988,10.9632100246381,0.0263708218660472,0.0121805931516528
"DefInd_s2_GIS_POOLED_AR1","DefInd","GIS",2,"POOLED_AR1","ES",1989,10.9598994068866,0.0258734486026704,0.0037561588617742
"DefInd_s2_GIS_POOLED_AR1","DefInd","GIS",2,"POOLED_AR1","ES",1990,10.9700749163325,-0.0536754521567264,-0.0753755934055749
"DefInd_s2_GIS_POOLED_AR1","DefInd","GIS",2,"POOLED_AR1","ES",1991,10.9790610160719,-0.0656157273705507,-0.0205979598791094
"DefInd_s2_GIS_POOLED_AR1","DefInd","GIS",2,"POOLED_AR1","ES",1992,10.9682562802009,-0.0999728386002481,-0.0449407254114432
"DefInd_s2_GIS_POOLED_AR1","DefInd","GIS",2,"POOLED_AR1","ES",1993,10.982667221175,-0.139325146760298,-0.0554776182769934
"DefInd_s2_GIS_POOLED_AR1","DefInd","GIS",2,"POOLED_AR1","ES",1994,10.9817263980058,-0.107134856638922,0.00971757423119256
"DefInd_s2_GIS_POOLED_AR1","DefInd","GIS",2,"POOLED_AR1","ES",1995,11.006627755402,-0.094409659718492,-0.00455532458746551
"DefInd_s2_GIS_POOLED_AR1","DefInd","GIS",2,"POOLED_AR1","ES",1996,11.0205583756378,-0.113489558782485,-0.0343078856082504
"DefInd_s2_GIS_POOLED_AR1","DefInd","GIS",2,"POOLED_AR1","ES",1997,11.0259703880342,-0.114087760447736,-0.0189037170034763
"DefInd_s2_GIS_POOLED_AR1","DefInd","GIS",2,"POOLED_AR1","ES",1998,11.0256948555501,-0.117669571702891,-0.0219838146745388
"DefInd_s2_GIS_POOLED_AR1","DefInd","GIS",2,"POOLED_AR1","ES",1999,11.0123855121916,-0.11351324739454,-0.0148234142046692
"DefInd_s2_GIS_POOLED_AR1","DefInd","GIS",2,"POOLED_AR1","ES",2000,10.9956646158168,-0.0825827768899714,0.0126211342663775
"DefInd_s2_GIS_POOLED_AR1","DefInd","GIS",2,"POOLED_AR1","ES",2001,10.9931917315795,-0.0640461981524094,0.00521623186820873
"DefInd_s2_GIS_POOLED_AR1","DefInd","GIS",2,"POOLED_AR1","ES",2002,10.9881494997264,-0.0607720242343035,-0.00705628004798039
"DefInd_s2_GIS_POOLED_AR1","DefInd","GIS",2,"POOLED_AR1","ES",2003,10.9928971085633,-0.0720603120549121,-0.0210906276454392
"DefInd_s2_GIS_POOLED_AR1","DefInd","GIS",2,"POOLED_AR1","ES",2004,10.9751178321729,-0.0645784563968395,-0.00414125013024613
"DefInd_s2_GIS_POOLED_AR1","DefInd","GIS",2,"POOLED_AR1","ES",2005,10.9556145224108,-0.0448978995361138,0.00926425128360276
"DefInd_s2_GIS_POOLED_AR1","DefInd","GIS",2,"POOLED_AR1","ES",2006,10.9474904634131,-0.0144609341582687,0.0231950728422717
"DefInd_s2_GIS_POOLED_AR1","DefInd","GIS",2,"POOLED_AR1","ES",2007,10.9589909364999,-0.00607461573864931,0.00605381440005047
"DefInd_s2_GIS_POOLED_AR1","DefInd","GIS",2,"POOLED_AR1","ES",2008,10.9746762734949,-0.0194323825650677,-0.0143375835846348
"DefInd_s2_GIS_POOLED_AR1","DefInd","GIS",2,"POOLED_AR1","ES",2009,10.9501109378641,0.0133217919193811,0.0296197911903445
"DefInd_s2_GIS_POOLED_AR1","DefInd","GIS",2,"POOLED_AR1","ES",2010,10.9516618255953,0.0421266863811383,0.0309536583562424
"DefInd_s2_GIS_POOLED_AR1","DefInd","GIS",2,"POOLED_AR1","ES",2011,11.0058515714526,0.0312472369175971,-0.0040845450514401
"DefInd_s2_GIS_POOLED_AR1","DefInd","GIS",2,"POOLED_AR1","ES",2012,11.0108764589308,0.0379945801815254,0.0117874260769076
"DefInd_s2_GIS_POOLED_AR1","DefInd","GIS",2,"POOLED_AR1","ES",2013,11.0304580926261,0.0607240710707,0.0288578993325922
"DefInd_s2_GIS_POOLED_AR1","DefInd","GIS",2,"POOLED_AR1","ES",2014,11.0191874053354,0.108177350226997,0.0572478842839338
"DefInd_s2_GIS_POOLED_AR1","DefInd","GIS",2,"POOLED_AR1","ES",2015,11.0037661105569,0.137772758373215,0.0470440806503037
"DefInd_s2_GIS_POOLED_AR1","DefInd","GIS",2,"POOLED_AR1","ES",2016,11.0112060219262,0.116860657617854,0.00131021968227632
"DefInd_s2_GIS_POOLED_AR1","DefInd","GIS",2,"POOLED_AR1","ES",2017,11.0099049025273,0.13377770716059,0.0357663127120342
"DefInd_s2_GIS_POOLED_AR1","DefInd","GIS",2,"POOLED_AR1","ES",2018,11.0225983973281,0.0934610466909458,-0.0187387294545608
"DefInd_s2_GIS_POOLED_AR1","DefInd","GIS",2,"POOLED_AR1","ES",2019,11.0195601590036,0.0802405301279201,0.0018544616295204
"DefInd_s2_GIS_POOLED_AR1","DefInd","GIS",2,"POOLED_AR1","ES",2020,11.0132772366043,0.0273884481850537,-0.0399095322425973
"DefInd_s2_GIS_POOLED_AR1","DefInd","GIS",2,"POOLED_AR1","ES",2021,11.0947856487066,0.0505100738733564,0.0275392977959419
"DefInd_s2_GIS_POOLED_AR1","DefInd","GIS",2,"POOLED_AR1","ES",2022,11.1547230246681,0.00234069508356427,-0.0400222598658768
"DefInd_s2_GIS_POOLED_AR1","DefInd","GIS",2,"POOLED_AR1","ES",2023,11.1635322863065,-0.00298310557854897,-0.00494625377397691
"DefInd_s2_GIS_POOLED_AR1","DefInd","GIS",2,"POOLED_AR1","ES",2024,11.17345118698,-0.00594148806287365,-0.00343954820132541
"DefInd_s2_GIS_POOLED_AR1","DefInd","GIS",2,"POOLED_AR1","IT",1981,11.0998743211374,-0.179141720418702,NA
"DefInd_s2_GIS_POOLED_AR1","DefInd","GIS",2,"POOLED_AR1","IT",1982,11.0691923260836,-0.165681010997931,-0.0154342968337301
"DefInd_s2_GIS_POOLED_AR1","DefInd","GIS",2,"POOLED_AR1","IT",1983,11.0570776755067,-0.173156618732186,-0.0341994431303204
"DefInd_s2_GIS_POOLED_AR1","DefInd","GIS",2,"POOLED_AR1","IT",1984,11.0416433009842,-0.0852347116961347,0.0599922791996063
"DefInd_s2_GIS_POOLED_AR1","DefInd","GIS",2,"POOLED_AR1","IT",1985,11.0281063763765,-0.0379172064863358,0.0335694094462656
"DefInd_s2_GIS_POOLED_AR1","DefInd","GIS",2,"POOLED_AR1","IT",1986,11.0609786324575,-0.0519859236356233,-0.0201846454546266
"DefInd_s2_GIS_POOLED_AR1","DefInd","GIS",2,"POOLED_AR1","IT",1987,11.0738959576295,-0.0381718502459591,0.00542890445700858
"DefInd_s2_GIS_POOLED_AR1","DefInd","GIS",2,"POOLED_AR1","IT",1988,11.0806512281143,-0.0307188491975197,0.00129599949109746
"DefInd_s2_GIS_POOLED_AR1","DefInd","GIS",2,"POOLED_AR1","IT",1989,11.0775174334459,-0.00169236549009,0.0240716282018623
"DefInd_s2_GIS_POOLED_AR1","DefInd","GIS",2,"POOLED_AR1","IT",1990,11.0856030786545,-0.0666016291890195,-0.0651822370258952
"DefInd_s2_GIS_POOLED_AR1","DefInd","GIS",2,"POOLED_AR1","IT",1991,11.0735665545868,-0.0813437801327801,-0.0254847880440337
"DefInd_s2_GIS_POOLED_AR1","DefInd","GIS",2,"POOLED_AR1","IT",1992,11.0696339306973,-0.059215466838566,0.00900781277536292
"DefInd_s2_GIS_POOLED_AR1","DefInd","GIS",2,"POOLED_AR1","IT",1993,11.0682895094512,-0.039813011673596,0.00985118324090656
"DefInd_s2_GIS_POOLED_AR1","DefInd","GIS",2,"POOLED_AR1","IT",1994,11.0804713534038,0.00108207526619708,0.0344733711126239
"DefInd_s2_GIS_POOLED_AR1","DefInd","GIS",2,"POOLED_AR1","IT",1995,11.107148945078,0.025083267011075,0.0241757271435083
"DefInd_s2_GIS_POOLED_AR1","DefInd","GIS",2,"POOLED_AR1","IT",1996,11.1104009262214,0.0300001532535923,0.00896273974595766
"DefInd_s2_GIS_POOLED_AR1","DefInd","GIS",2,"POOLED_AR1","IT",1997,11.0862054644865,0.066063480580846,0.040902259396637
"DefInd_s2_GIS_POOLED_AR1","DefInd","GIS",2,"POOLED_AR1","IT",1998,11.0772622464986,0.0702647068221189,0.014857061633029
"DefInd_s2_GIS_POOLED_AR1","DefInd","GIS",2,"POOLED_AR1","IT",1999,11.0578161121766,0.0848097033439217,0.0258784767314964
"DefInd_s2_GIS_POOLED_AR1","DefInd","GIS",2,"POOLED_AR1","IT",2000,11.0457121434744,0.126972495898819,0.0558423357837856
"DefInd_s2_GIS_POOLED_AR1","DefInd","GIS",2,"POOLED_AR1","IT",2001,11.0545796611011,0.113241642409021,0.00674941796551004
"DefInd_s2_GIS_POOLED_AR1","DefInd","GIS",2,"POOLED_AR1","IT",2002,11.0547804654355,0.0903347096036473,-0.00464140561254044
"DefInd_s2_GIS_POOLED_AR1","DefInd","GIS",2,"POOLED_AR1","IT",2003,11.0664162198396,0.0328253798421674,-0.0429386200859495
"DefInd_s2_GIS_POOLED_AR1","DefInd","GIS",2,"POOLED_AR1","IT",2004,11.0833052363606,0.0262967397456126,-0.00123400770367085
"DefInd_s2_GIS_POOLED_AR1","DefInd","GIS",2,"POOLED_AR1","IT",2005,11.0790009625499,0.0248246134477217,0.00276945661002415
"DefInd_s2_GIS_POOLED_AR1","DefInd","GIS",2,"POOLED_AR1","IT",2006,11.0836407103447,0.0318205718427507,0.0110000918775084
"DefInd_s2_GIS_POOLED_AR1","DefInd","GIS",2,"POOLED_AR1","IT",2007,11.1228606132234,0.0239306753767412,-0.00275733650025119
"DefInd_s2_GIS_POOLED_AR1","DefInd","GIS",2,"POOLED_AR1","IT",2008,11.1379921909813,-0.0214693263809647,-0.0415400577252984
"DefInd_s2_GIS_POOLED_AR1","DefInd","GIS",2,"POOLED_AR1","IT",2009,11.0565269400588,-0.0655332292173867,-0.0475268388772726
"DefInd_s2_GIS_POOLED_AR1","DefInd","GIS",2,"POOLED_AR1","IT",2010,11.0469525396026,0.0344920636631247,0.0894549853960893
"DefInd_s2_GIS_POOLED_AR1","DefInd","GIS",2,"POOLED_AR1","IT",2011,11.088853996329,0.00483605826021183,-0.0240925420569809
"DefInd_s2_GIS_POOLED_AR1","DefInd","GIS",2,"POOLED_AR1","IT",2012,11.0995125304109,-0.0446420695414353,-0.0486980865396265
"DefInd_s2_GIS_POOLED_AR1","DefInd","GIS",2,"POOLED_AR1","IT",2013,11.1138712599479,-0.0461491005521957,-0.00870765895827999
"DefInd_s2_GIS_POOLED_AR1","DefInd","GIS",2,"POOLED_AR1","IT",2014,11.1200352948456,-0.0266010048625098,0.012104388294342
"DefInd_s2_GIS_POOLED_AR1","DefInd","GIS",2,"POOLED_AR1","IT",2015,11.0954314226096,0.0460001294128602,0.068310474343771
"DefInd_s2_GIS_POOLED_AR1","DefInd","GIS",2,"POOLED_AR1","IT",2016,11.0994147441679,0.0721829661992412,0.0336025155970223
"DefInd_s2_GIS_POOLED_AR1","DefInd","GIS",2,"POOLED_AR1","IT",2017,11.1059362300756,0.0842953770879458,0.0237553004117069
"DefInd_s2_GIS_POOLED_AR1","DefInd","GIS",2,"POOLED_AR1","IT",2018,11.1198312668895,0.0756226192586222,0.0049238261628857
"DefInd_s2_GIS_POOLED_AR1","DefInd","GIS",2,"POOLED_AR1","IT",2019,11.1090688900797,0.0754857151850246,0.0120607908650937
"DefInd_s2_GIS_POOLED_AR1","DefInd","GIS",2,"POOLED_AR1","IT",2020,11.0975048005524,-0.00583235430534046,-0.0691424567559398
"DefInd_s2_GIS_POOLED_AR1","DefInd","GIS",2,"POOLED_AR1","IT",2021,11.241857006092,-0.00936470389170907,-0.00447309032357595
"DefInd_s2_GIS_POOLED_AR1","DefInd","GIS",2,"POOLED_AR1","IT",2022,11.3040622962936,-0.0439561049073554,-0.036101898832068
"DefInd_s2_GIS_POOLED_AR1","DefInd","GIS",2,"POOLED_AR1","IT",2023,11.3189117493222,-0.0620900918622844,-0.0252239709254579
"DefInd_s2_GIS_POOLED_AR1","DefInd","GIS",2,"POOLED_AR1","IT",2024,11.3386216321449,-0.0627132293058281,-0.0106380775061377
"DefInd_s3_FRUK_FE_AR1","DefInd","FRUK",3,"FE_AR1","FR",1981,10.9643667732961,-0.168305566931554,NA
"DefInd_s3_FRUK_FE_AR1","DefInd","FRUK",3,"FE_AR1","FR",1982,10.9830866601543,-0.179535307941896,-0.0588702219308504
"DefInd_s3_FRUK_FE_AR1","DefInd","FRUK",3,"FE_AR1","FR",1983,11.0381898840088,-0.202241324799845,-0.0735251820733336
"DefInd_s3_FRUK_FE_AR1","DefInd","FRUK",3,"FE_AR1","FR",1984,11.0525096025966,-0.181542242903447,-0.0365472359237595
"DefInd_s3_FRUK_FE_AR1","DefInd","FRUK",3,"FE_AR1","FR",1985,11.0642596636073,-0.147004811994531,-0.0168498162094479
"DefInd_s3_FRUK_FE_AR1","DefInd","FRUK",3,"FE_AR1","FR",1986,11.055290161792,-0.11543510206743,-0.0100413910526815
"DefInd_s3_FRUK_FE_AR1","DefInd","FRUK",3,"FE_AR1","FR",1987,11.0361363109018,-0.0720714245441876,0.0106886812182366
"DefInd_s3_FRUK_FE_AR1","DefInd","FRUK",3,"FE_AR1","FR",1988,11.0286212933865,-0.00915999436490367,0.0425109325100202
"DefInd_s3_FRUK_FE_AR1","DefInd","FRUK",3,"FE_AR1","FR",1989,11.0344056388881,0.0127753634242609,0.0193425348378558
"DefInd_s3_FRUK_FE_AR1","DefInd","FRUK",3,"FE_AR1","FR",1990,11.0338946526059,0.0404585995361018,0.0312994234344716
"DefInd_s3_FRUK_FE_AR1","DefInd","FRUK",3,"FE_AR1","FR",1991,11.0696218028003,0.0152673069944722,-0.0137391036781796
"DefInd_s3_FRUK_FE_AR1","DefInd","FRUK",3,"FE_AR1","FR",1992,11.0691770603364,0.0443839801992478,0.033438228699571
"DefInd_s3_FRUK_FE_AR1","DefInd","FRUK",3,"FE_AR1","FR",1993,11.0955600879908,0.0265149722255984,-0.00530570302534415
"DefInd_s3_FRUK_FE_AR1","DefInd","FRUK",3,"FE_AR1","FR",1994,11.0907979121274,0.055010496194301,0.0360008373784198
"DefInd_s3_FRUK_FE_AR1","DefInd","FRUK",3,"FE_AR1","FR",1995,11.1168998981015,0.0642614683451068,0.0248222128539617
"DefInd_s3_FRUK_FE_AR1","DefInd","FRUK",3,"FE_AR1","FR",1996,11.1237872983344,0.0500252815398046,0.00395362897104683
"DefInd_s3_FRUK_FE_AR1","DefInd","FRUK",3,"FE_AR1","FR",1997,11.1669751769484,0.0590897038657872,0.0232245509194079
"DefInd_s3_FRUK_FE_AR1","DefInd","FRUK",3,"FE_AR1","FR",1998,11.1717509217931,0.0876740376367948,0.0453102327471323
"DefInd_s3_FRUK_FE_AR1","DefInd","FRUK",3,"FE_AR1","FR",1999,11.1811777279935,0.103234968956583,0.0403778960429951
"DefInd_s3_FRUK_FE_AR1","DefInd","FRUK",3,"FE_AR1","FR",2000,11.2002575426122,0.127128618860057,0.0531152832610063
"DefInd_s3_FRUK_FE_AR1","DefInd","FRUK",3,"FE_AR1","FR",2001,11.2030870545918,0.106571833247445,0.0154281711043349
"DefInd_s3_FRUK_FE_AR1","DefInd","FRUK",3,"FE_AR1","FR",2002,11.211206258148,0.0931199632341304,0.0167142943094219
"DefInd_s3_FRUK_FE_AR1","DefInd","FRUK",3,"FE_AR1","FR",2003,11.2165845448497,0.0838485023825619,0.0170870245666722
"DefInd_s3_FRUK_FE_AR1","DefInd","FRUK",3,"FE_AR1","FR",2004,11.2128311794374,0.116571812974147,0.0564574214162984
"DefInd_s3_FRUK_FE_AR1","DefInd","FRUK",3,"FE_AR1","FR",2005,11.2566769106888,0.0791581676157538,-0.00441689229126214
"DefInd_s3_FRUK_FE_AR1","DefInd","FRUK",3,"FE_AR1","FR",2006,11.1590632948997,0.180822188989703,0.124070488627254
"DefInd_s3_FRUK_FE_AR1","DefInd","FRUK",3,"FE_AR1","FR",2007,11.1399912765632,0.230943644652038,0.101304884717133
"DefInd_s3_FRUK_FE_AR1","DefInd","FRUK",3,"FE_AR1","FR",2008,11.2738810528848,0.0674624677160747,-0.0981103962936773
"DefInd_s3_FRUK_FE_AR1","DefInd","FRUK",3,"FE_AR1","FR",2009,11.2880515580326,0.0226597494275236,-0.0257068293962654
"DefInd_s3_FRUK_FE_AR1","DefInd","FRUK",3,"FE_AR1","FR",2010,11.3545102125242,0.000167208381904871,-0.0160784848741763
"DefInd_s3_FRUK_FE_AR1","DefInd","FRUK",3,"FE_AR1","FR",2011,11.446330847194,-0.0578311611071474,-0.0579510395767201
"DefInd_s3_FRUK_FE_AR1","DefInd","FRUK",3,"FE_AR1","FR",2012,11.428469335275,-0.0392118025136234,0.00224970203631464
"DefInd_s3_FRUK_FE_AR1","DefInd","FRUK",3,"FE_AR1","FR",2013,11.4511659344632,-0.042516684850618,-0.0144041535231268
"DefInd_s3_FRUK_FE_AR1","DefInd","FRUK",3,"FE_AR1","FR",2014,11.44125587043,-0.0238908936044417,0.00659104188905669
"DefInd_s3_FRUK_FE_AR1","DefInd","FRUK",3,"FE_AR1","FR",2015,11.4157492584962,0.0459528511240777,0.0630812015655877
"DefInd_s3_FRUK_FE_AR1","DefInd","FRUK",3,"FE_AR1","FR",2016,11.4151684151012,0.0453619440854443,0.0124164816480992
"DefInd_s3_FRUK_FE_AR1","DefInd","FRUK",3,"FE_AR1","FR",2017,11.4132250472973,0.0588161197852219,0.0262943025661615
"DefInd_s3_FRUK_FE_AR1","DefInd","FRUK",3,"FE_AR1","FR",2018,11.4802217925589,-0.00487675243470065,-0.0470444138027048
"DefInd_s3_FRUK_FE_AR1","DefInd","FRUK",3,"FE_AR1","FR",2019,11.4782742942282,-0.0109088652148426,-0.0074125236337763
"DefInd_s3_FRUK_FE_AR1","DefInd","FRUK",3,"FE_AR1","FR",2020,11.374614983853,-0.0500546677110663,-0.0422336598654542
"DefInd_s3_FRUK_FE_AR1","DefInd","FRUK",3,"FE_AR1","FR",2021,11.3810339301643,-0.0118431012565967,0.0240431198276194
"DefInd_s3_FRUK_FE_AR1","DefInd","FRUK",3,"FE_AR1","FR",2022,11.4461787716984,-0.018828364974425,-0.0103375654256143
"DefInd_s3_FRUK_FE_AR1","DefInd","FRUK",3,"FE_AR1","FR",2023,11.4563644322773,-0.0092509849177933,0.00424783345468677
"DefInd_s3_FRUK_FE_AR1","DefInd","FRUK",3,"FE_AR1","FR",2024,11.4641245437467,-0.0131575513145421,-0.00652514508375848
"DefInd_s3_FRUK_FE_AR1","DefInd","FRUK",3,"FE_AR1","UK",1981,11.1314318301692,-0.389568736606034,NA
"DefInd_s3_FRUK_FE_AR1","DefInd","FRUK",3,"FE_AR1","UK",1982,11.1337524115771,-0.351730126222042,-0.0724325012724295
"DefInd_s3_FRUK_FE_AR1","DefInd","FRUK",3,"FE_AR1","UK",1983,11.1127778247553,-0.26696548947359,-0.0147958987284513
"DefInd_s3_FRUK_FE_AR1","DefInd","FRUK",3,"FE_AR1","UK",1984,11.0829513568209,-0.188913876739138,0.00248450857043359
"DefInd_s3_FRUK_FE_AR1","DefInd","FRUK",3,"FE_AR1","UK",1985,11.0793798763387,-0.156949749424788,-0.0215097304105726
"DefInd_s3_FRUK_FE_AR1","DefInd","FRUK",3,"FE_AR1","UK",1986,11.0933580944495,-0.125366824962597,-0.0128431850199223
"DefInd_s3_FRUK_FE_AR1","DefInd","FRUK",3,"FE_AR1","UK",1987,11.079410599701,-0.061122239912546,0.0287583207417276
"DefInd_s3_FRUK_FE_AR1","DefInd","FRUK",3,"FE_AR1","UK",1988,11.0953791485312,-0.0360481805640198,0.00777283184036758
"DefInd_s3_FRUK_FE_AR1","DefInd","FRUK",3,"FE_AR1","UK",1989,11.0714641262207,-0.010995966792132,0.0148484356694222
"DefInd_s3_FRUK_FE_AR1","DefInd","FRUK",3,"FE_AR1","UK",1990,11.1021142160136,-0.0541490603638497,-0.0462656058653613
"DefInd_s3_FRUK_FE_AR1","DefInd","FRUK",3,"FE_AR1","UK",1991,11.1080294062628,-0.0129209969929747,0.0259006602186277
"DefInd_s3_FRUK_FE_AR1","DefInd","FRUK",3,"FE_AR1","UK",1992,11.128936222335,0.0135951449028653,0.0228587316155959
"DefInd_s3_FRUK_FE_AR1","DefInd","FRUK",3,"FE_AR1","UK",1993,11.1256017139569,0.0522971378969448,0.0425502272097659
"DefInd_s3_FRUK_FE_AR1","DefInd","FRUK",3,"FE_AR1","UK",1994,11.1589549985791,0.0959452869607134,0.0584513480642499
"DefInd_s3_FRUK_FE_AR1","DefInd","FRUK",3,"FE_AR1","UK",1995,11.1205254723214,0.0846000947187111,0.0158130277515378
"DefInd_s3_FRUK_FE_AR1","DefInd","FRUK",3,"FE_AR1","UK",1996,11.1083751296004,0.0949476006389229,0.0342943620569377
"DefInd_s3_FRUK_FE_AR1","DefInd","FRUK",3,"FE_AR1","UK",1997,11.1610273223709,0.0765299598885623,0.00845817470336263
"DefInd_s3_FRUK_FE_AR1","DefInd","FRUK",3,"FE_AR1","UK",1998,11.17216524429,0.0668725247008304,0.0120050930363113
"DefInd_s3_FRUK_FE_AR1","DefInd","FRUK",3,"FE_AR1","UK",1999,11.1833792564615,0.0814943868263391,0.0335507620733743
"DefInd_s3_FRUK_FE_AR1","DefInd","FRUK",3,"FE_AR1","UK",2000,11.2082530266676,0.096528758754669,0.0381021281024777
"DefInd_s3_FRUK_FE_AR1","DefInd","FRUK",3,"FE_AR1","UK",2001,11.2570214179268,0.0599503137859259,-0.00925506777111069
"DefInd_s3_FRUK_FE_AR1","DefInd","FRUK",3,"FE_AR1","UK",2002,11.2686488443272,0.08628406974948,0.0433032587088699
"DefInd_s3_FRUK_FE_AR1","DefInd","FRUK",3,"FE_AR1","UK",2003,11.29271456539,0.104115065119373,0.0422545165497699
"DefInd_s3_FRUK_FE_AR1","DefInd","FRUK",3,"FE_AR1","UK",2004,11.3494395475018,0.0591749679714049,-0.015469344256151
"DefInd_s3_FRUK_FE_AR1","DefInd","FRUK",3,"FE_AR1","UK",2005,11.343125348555,0.09796409492977,0.0555391607451853
"DefInd_s3_FRUK_FE_AR1","DefInd","FRUK",3,"FE_AR1","UK",2006,11.418241167853,0.0298176274144026,-0.0404168048518939
"DefInd_s3_FRUK_FE_AR1","DefInd","FRUK",3,"FE_AR1","UK",2007,11.4124121225549,0.0477193889325669,0.0263419226835308
"DefInd_s3_FRUK_FE_AR1","DefInd","FRUK",3,"FE_AR1","UK",2008,11.4320608673775,0.0446790287838397,0.0104670637554674
"DefInd_s3_FRUK_FE_AR1","DefInd","FRUK",3,"FE_AR1","UK",2009,11.4688524120209,-0.0289573896653508,-0.0609895972113106
"DefInd_s3_FRUK_FE_AR1","DefInd","FRUK",3,"FE_AR1","UK",2010,11.4522135935314,0.0738132974149313,0.0945740243375641
"DefInd_s3_FRUK_FE_AR1","DefInd","FRUK",3,"FE_AR1","UK",2011,11.5087112599835,0.0209365194274831,-0.0319832267443929
"DefInd_s3_FRUK_FE_AR1","DefInd","FRUK",3,"FE_AR1","UK",2012,11.4730535561734,0.0655197988351564,0.05050955904602
"DefInd_s3_FRUK_FE_AR1","DefInd","FRUK",3,"FE_AR1","UK",2013,11.4824331639213,0.10729292034269,0.0603191196181683
"DefInd_s3_FRUK_FE_AR1","DefInd","FRUK",3,"FE_AR1","UK",2014,11.4473364977718,0.148869202445452,0.0719465569408504
"DefInd_s3_FRUK_FE_AR1","DefInd","FRUK",3,"FE_AR1","UK",2015,11.4259288436473,0.170415406127811,0.0636850379945844
"DefInd_s3_FRUK_FE_AR1","DefInd","FRUK",3,"FE_AR1","UK",2016,11.4344228373702,0.164251340226478,0.0420736249380588
"DefInd_s3_FRUK_FE_AR1","DefInd","FRUK",3,"FE_AR1","UK",2017,11.4590406389223,0.144957802288133,0.0271993558077645
"DefInd_s3_FRUK_FE_AR1","DefInd","FRUK",3,"FE_AR1","UK",2018,11.4908311508008,0.0998740288427591,-0.00405209790373703
"DefInd_s3_FRUK_FE_AR1","DefInd","FRUK",3,"FE_AR1","UK",2019,11.5667289425181,0.0347823794348283,-0.036821361904768
"DefInd_s3_FRUK_FE_AR1","DefInd","FRUK",3,"FE_AR1","UK",2020,11.5588730736931,-0.0213120217084821,-0.0462489200101241
"DefInd_s3_FRUK_FE_AR1","DefInd","FRUK",3,"FE_AR1","UK",2021,11.4733429495051,0.139797539853317,0.15507699245496
"DefInd_s3_FRUK_FE_AR1","DefInd","FRUK",3,"FE_AR1","UK",2022,11.5278695528668,0.057866639606333,-0.0423598857432006
"DefInd_s3_FRUK_FE_AR1","DefInd","FRUK",3,"FE_AR1","UK",2023,11.5455851556319,0.0727724696214516,0.0312855290967337
"DefInd_s3_FRUK_FE_AR1","DefInd","FRUK",3,"FE_AR1","UK",2024,11.5651658772988,0.0560587894367668,0.00388525491737873
"DefInd_s3_FRUK_POOLED_AR1","DefInd","FRUK",3,"POOLED_AR1","FR",1981,11.0808344643717,-0.284773258007162,NA
"DefInd_s3_FRUK_POOLED_AR1","DefInd","FRUK",3,"POOLED_AR1","FR",1982,11.1100311268964,-0.306479774684009,-0.0891662340101091
"DefInd_s3_FRUK_POOLED_AR1","DefInd","FRUK",3,"POOLED_AR1","FR",1983,11.1519583102512,-0.316009751042193,-0.0821317336763699
"DefInd_s3_FRUK_POOLED_AR1","DefInd","FRUK",3,"POOLED_AR1","FR",1984,11.1624484366883,-0.291481076995053,-0.0503306320163693
"DefInd_s3_FRUK_POOLED_AR1","DefInd","FRUK",3,"POOLED_AR1","FR",1985,11.1667825655135,-0.249527713900662,-0.02709536430257
"DefInd_s3_FRUK_POOLED_AR1","DefInd","FRUK",3,"POOLED_AR1","FR",1986,11.155645690572,-0.215790630847369,-0.0253733445351377
"DefInd_s3_FRUK_POOLED_AR1","DefInd","FRUK",3,"POOLED_AR1","FR",1987,11.1282199885508,-0.164155102193169,0.000517052635768678
"DefInd_s3_FRUK_POOLED_AR1","DefInd","FRUK",3,"POOLED_AR1","FR",1988,11.1155057755933,-0.0960444765716879,0.0292240501394339
"DefInd_s3_FRUK_POOLED_AR1","DefInd","FRUK",3,"POOLED_AR1","FR",1989,11.1140993509841,-0.0669183486716562,0.00637422596131723
"DefInd_s3_FRUK_POOLED_AR1","DefInd","FRUK",3,"POOLED_AR1","FR",1990,11.0940019329918,-0.0196486808497536,0.0314174318451486
"DefInd_s3_FRUK_POOLED_AR1","DefInd","FRUK",3,"POOLED_AR1","FR",1991,11.1247292855916,-0.0398401757968205,-0.0248460557909174
"DefInd_s3_FRUK_POOLED_AR1","DefInd","FRUK",3,"POOLED_AR1","FR",1992,11.1266799778376,-0.0131189373019662,0.0172835299945239
"DefInd_s3_FRUK_POOLED_AR1","DefInd","FRUK",3,"POOLED_AR1","FR",1993,11.1620268380023,-0.0399517777859124,-0.0299405754176848
"DefInd_s3_FRUK_POOLED_AR1","DefInd","FRUK",3,"POOLED_AR1","FR",1994,11.1512176508379,-0.00540924251622421,0.0250783894602837
"DefInd_s3_FRUK_POOLED_AR1","DefInd","FRUK",3,"POOLED_AR1","FR",1995,11.1593468969714,0.0218144694751796,0.025942320705982
"DefInd_s3_FRUK_POOLED_AR1","DefInd","FRUK",3,"POOLED_AR1","FR",1996,11.1646244834775,0.00918809639665064,-0.00745876023851407
"DefInd_s3_FRUK_POOLED_AR1","DefInd","FRUK",3,"POOLED_AR1","FR",1997,11.2067058513821,0.0193590294321311,0.0123474941005409
"DefInd_s3_FRUK_POOLED_AR1","DefInd","FRUK",3,"POOLED_AR1","FR",1998,11.2073981287191,0.0520268307108438,0.037253746821763
"DefInd_s3_FRUK_POOLED_AR1","DefInd","FRUK",3,"POOLED_AR1","FR",1999,11.2204634499467,0.0639492470033733,0.0242470120711498
"DefInd_s3_FRUK_POOLED_AR1","DefInd","FRUK",3,"POOLED_AR1","FR",2000,11.2371720807469,0.0902140807253744,0.0414137214957752
"DefInd_s3_FRUK_POOLED_AR1","DefInd","FRUK",3,"POOLED_AR1","FR",2001,11.2334542845713,0.0762046032679056,0.00736126650845785
"DefInd_s3_FRUK_POOLED_AR1","DefInd","FRUK",3,"POOLED_AR1","FR",2002,11.2422259633989,0.0621002579831895,0.00394770437725395
"DefInd_s3_FRUK_POOLED_AR1","DefInd","FRUK",3,"POOLED_AR1","FR",2003,11.2418533022051,0.0585797450271706,0.0111903692356061
"DefInd_s3_FRUK_POOLED_AR1","DefInd","FRUK",3,"POOLED_AR1","FR",2004,11.2317858581323,0.0976171342791883,0.0529142998462284
"DefInd_s3_FRUK_POOLED_AR1","DefInd","FRUK",3,"POOLED_AR1","FR",2005,11.2719024052199,0.0639326730846985,-0.0105600135850464
"DefInd_s3_FRUK_POOLED_AR1","DefInd","FRUK",3,"POOLED_AR1","FR",2006,11.2051552186328,0.134730265256628,0.0859425537628991
"DefInd_s3_FRUK_POOLED_AR1","DefInd","FRUK",3,"POOLED_AR1","FR",2007,11.1912946633473,0.179640257867939,0.0768261411782491
"DefInd_s3_FRUK_POOLED_AR1","DefInd","FRUK",3,"POOLED_AR1","FR",2008,11.2833607679184,0.0579827526825305,-0.0791026631252717
"DefInd_s3_FRUK_POOLED_AR1","DefInd","FRUK",3,"POOLED_AR1","FR",2009,11.3081687952892,0.00254251217087287,-0.041704750973277
"DefInd_s3_FRUK_POOLED_AR1","DefInd","FRUK",3,"POOLED_AR1","FR",2010,11.3738465713836,-0.019169150477504,-0.0211093689022445
"DefInd_s3_FRUK_POOLED_AR1","DefInd","FRUK",3,"POOLED_AR1","FR",2011,11.4666279324359,-0.0781282463490047,-0.0635000611355167
"DefInd_s3_FRUK_POOLED_AR1","DefInd","FRUK",3,"POOLED_AR1","FR",2012,11.4706745612424,-0.081417028481015,-0.0217965221190099
"DefInd_s3_FRUK_POOLED_AR1","DefInd","FRUK",3,"POOLED_AR1","FR",2013,11.4925590432658,-0.0839097936531825,-0.021779582220506
"DefInd_s3_FRUK_POOLED_AR1","DefInd","FRUK",3,"POOLED_AR1","FR",2014,11.4851255308337,-0.0677605540081032,-0.00372808662125738
"DefInd_s3_FRUK_POOLED_AR1","DefInd","FRUK",3,"POOLED_AR1","FR",2015,11.4821337086998,-0.0204315990795223,0.0312772095795955
"DefInd_s3_FRUK_POOLED_AR1","DefInd","FRUK",3,"POOLED_AR1","FR",2016,11.4826976333274,-0.0221672741408003,-0.00657570080040992
"DefInd_s3_FRUK_POOLED_AR1","DefInd","FRUK",3,"POOLED_AR1","FR",2017,11.4709328969418,0.00110827014066039,0.018024355816462
"DefInd_s3_FRUK_POOLED_AR1","DefInd","FRUK",3,"POOLED_AR1","FR",2018,11.521320685835,-0.045975645710822,-0.0468213785930999
"DefInd_s3_FRUK_POOLED_AR1","DefInd","FRUK",3,"POOLED_AR1","FR",2019,11.5192530794683,-0.0518876504549102,-0.016803139977679
"DefInd_s3_FRUK_POOLED_AR1","DefInd","FRUK",3,"POOLED_AR1","FR",2020,11.4249602233167,-0.100399907174802,-0.0608038821950879
"DefInd_s3_FRUK_POOLED_AR1","DefInd","FRUK",3,"POOLED_AR1","FR",2021,11.3638806367345,0.00531019217323703,0.0819264428147859
"DefInd_s3_FRUK_POOLED_AR1","DefInd","FRUK",3,"POOLED_AR1","FR",2022,11.410598011543,0.0167523951809905,0.0127001303338609
"DefInd_s3_FRUK_POOLED_AR1","DefInd","FRUK",3,"POOLED_AR1","FR",2023,11.4188045990247,0.028308848334758,0.015524915120573
"DefInd_s3_FRUK_POOLED_AR1","DefInd","FRUK",3,"POOLED_AR1","FR",2024,11.4218197700515,0.0291472223807077,0.00754443528237704
"DefInd_s3_FRUK_POOLED_AR1","DefInd","FRUK",3,"POOLED_AR1","UK",1981,11.0707874566853,-0.328924363122143,NA
"DefInd_s3_FRUK_POOLED_AR1","DefInd","FRUK",3,"POOLED_AR1","UK",1982,11.0898999056112,-0.307877620256056,-0.0568718956869928
"DefInd_s3_FRUK_POOLED_AR1","DefInd","FRUK",3,"POOLED_AR1","UK",1983,11.085495038859,-0.239682703577314,-0.00473797519830566
"DefInd_s3_FRUK_POOLED_AR1","DefInd","FRUK",3,"POOLED_AR1","UK",1984,11.0540043308459,-0.159966850764111,0.0229376021229964
"DefInd_s3_FRUK_POOLED_AR1","DefInd","FRUK",3,"POOLED_AR1","UK",1985,11.0410576905858,-0.118627563671939,0.00344486325913131
"DefInd_s3_FRUK_POOLED_AR1","DefInd","FRUK",3,"POOLED_AR1","UK",1986,11.0610478969826,-0.0930566274956952,-0.00253065583855558
"DefInd_s3_FRUK_POOLED_AR1","DefInd","FRUK",3,"POOLED_AR1","UK",1987,11.0402478450937,-0.0219594853051674,0.0490530295137385
"DefInd_s3_FRUK_POOLED_AR1","DefInd","FRUK",3,"POOLED_AR1","UK",1988,11.0599152985427,-0.000584330575509995,0.0161731892015837
"DefInd_s3_FRUK_POOLED_AR1","DefInd","FRUK",3,"POOLED_AR1","UK",1989,11.0401759973967,0.0202921620319447,0.0207380709883429
"DefInd_s3_FRUK_POOLED_AR1","DefInd","FRUK",3,"POOLED_AR1","UK",1990,11.0664602768486,-0.0184951211988942,-0.0339802886263058
"DefInd_s3_FRUK_POOLED_AR1","DefInd","FRUK",3,"POOLED_AR1","UK",1991,11.0817298639051,0.0133785453647288,0.0274923715752767
"DefInd_s3_FRUK_POOLED_AR1","DefInd","FRUK",3,"POOLED_AR1","UK",1992,11.1057709857803,0.036760381457583,0.0265510693802443
"DefInd_s3_FRUK_POOLED_AR1","DefInd","FRUK",3,"POOLED_AR1","UK",1993,11.1062231346533,0.0716757172004527,0.043623474138818
"DefInd_s3_FRUK_POOLED_AR1","DefInd","FRUK",3,"POOLED_AR1","UK",1994,11.1293156682209,0.1255846173189,0.0708881054547845
"DefInd_s3_FRUK_POOLED_AR1","DefInd","FRUK",3,"POOLED_AR1","UK",1995,11.0760452822726,0.129080284767454,0.0332453105331089
"DefInd_s3_FRUK_POOLED_AR1","DefInd","FRUK",3,"POOLED_AR1","UK",1996,11.0600942756926,0.143228454546653,0.0447258988280779
"DefInd_s3_FRUK_POOLED_AR1","DefInd","FRUK",3,"POOLED_AR1","UK",1997,11.1165788763741,0.120978405885408,0.0116792294086575
"DefInd_s3_FRUK_POOLED_AR1","DefInd","FRUK",3,"POOLED_AR1","UK",1998,11.140522809571,0.0985149594198251,0.00619503474704917
"DefInd_s3_FRUK_POOLED_AR1","DefInd","FRUK",3,"POOLED_AR1","UK",1999,11.1578203417518,0.10705330153603,0.0318754748303734
"DefInd_s3_FRUK_POOLED_AR1","DefInd","FRUK",3,"POOLED_AR1","UK",2000,11.1812052105963,0.123576574826016,0.041883047279127
"DefInd_s3_FRUK_POOLED_AR1","DefInd","FRUK",3,"POOLED_AR1","UK",2001,11.2323665022845,0.0846052294281936,-0.0096973859498251
"DefInd_s3_FRUK_POOLED_AR1","DefInd","FRUK",3,"POOLED_AR1","UK",2002,11.233917674002,0.121015240074707,0.0564520781569328
"DefInd_s3_FRUK_POOLED_AR1","DefInd","FRUK",3,"POOLED_AR1","UK",2003,11.2531725630348,0.14365706747464,0.0513090342352441
"DefInd_s3_FRUK_POOLED_AR1","DefInd","FRUK",3,"POOLED_AR1","UK",2004,11.3021791348766,0.106435380596562,-0.00319087502242024
"DefInd_s3_FRUK_POOLED_AR1","DefInd","FRUK",3,"POOLED_AR1","UK",2005,11.2694094722209,0.171679971263877,0.0904579858419485
"DefInd_s3_FRUK_POOLED_AR1","DefInd","FRUK",3,"POOLED_AR1","UK",2006,11.3574211450744,0.0906376501929511,-0.0403731851615691
"DefInd_s3_FRUK_POOLED_AR1","DefInd","FRUK",3,"POOLED_AR1","UK",2007,11.3514712208689,0.1086602906186,0.0394937234358863
"DefInd_s3_FRUK_POOLED_AR1","DefInd","FRUK",3,"POOLED_AR1","UK",2008,11.3698308964838,0.106908999677509,0.023989161451727
"DefInd_s3_FRUK_POOLED_AR1","DefInd","FRUK",3,"POOLED_AR1","UK",2009,11.4012981248128,0.0385968975427069,-0.0429865117015702
"DefInd_s3_FRUK_POOLED_AR1","DefInd","FRUK",3,"POOLED_AR1","UK",2010,11.390215085493,0.135811805453271,0.1063580971847
"DefInd_s3_FRUK_POOLED_AR1","DefInd","FRUK",3,"POOLED_AR1","UK",2011,11.4470264776111,0.082621301799886,-0.0210181498638754
"DefInd_s3_FRUK_POOLED_AR1","DefInd","FRUK",3,"POOLED_AR1","UK",2012,11.4222767239077,0.11629663110085,0.0532474257264867
"DefInd_s3_FRUK_POOLED_AR1","DefInd","FRUK",3,"POOLED_AR1","UK",2013,11.4274597738828,0.162266310381206,0.0735190984771426
"DefInd_s3_FRUK_POOLED_AR1","DefInd","FRUK",3,"POOLED_AR1","UK",2014,11.4011584844376,0.19504721577969,0.0712200464457526
"DefInd_s3_FRUK_POOLED_AR1","DefInd","FRUK",3,"POOLED_AR1","UK",2015,11.3799688704449,0.216375379330191,0.0675327479809917
"DefInd_s3_FRUK_POOLED_AR1","DefInd","FRUK",3,"POOLED_AR1","UK",2016,11.3940187427173,0.204655434879413,0.0395370521845061
"DefInd_s3_FRUK_POOLED_AR1","DefInd","FRUK",3,"POOLED_AR1","UK",2017,11.4047900725311,0.199208368679324,0.0430336018383887
"DefInd_s3_FRUK_POOLED_AR1","DefInd","FRUK",3,"POOLED_AR1","UK",2018,11.4235400950913,0.167165084552311,0.0151470326027601
"DefInd_s3_FRUK_POOLED_AR1","DefInd","FRUK",3,"POOLED_AR1","UK",2019,11.4954717916009,0.106039530352049,-0.0215259463199241
"DefInd_s3_FRUK_POOLED_AR1","DefInd","FRUK",3,"POOLED_AR1","UK",2020,11.4677205444631,0.0698405075215334,-0.011079400314833
"DefInd_s3_FRUK_POOLED_AR1","DefInd","FRUK",3,"POOLED_AR1","UK",2021,11.3886220586825,0.22451843067593,0.171222387086104
"DefInd_s3_FRUK_POOLED_AR1","DefInd","FRUK",3,"POOLED_AR1","UK",2022,11.4427176801918,0.143018512281284,-0.0283139206099637
"DefInd_s3_FRUK_POOLED_AR1","DefInd","FRUK",3,"POOLED_AR1","UK",2023,11.4541959053188,0.164161719934608,0.0550227526619936
"DefInd_s3_FRUK_POOLED_AR1","DefInd","FRUK",3,"POOLED_AR1","UK",2024,11.4713269587121,0.149897708023413,0.024624131242515
"DefInd_s3_GIS_FE_AR1","DefInd","GIS",3,"FE_AR1","DE",1991,11.1726747705303,-0.158029845551383,NA
"DefInd_s3_GIS_FE_AR1","DefInd","GIS",3,"FE_AR1","DE",1992,11.1740282099698,-0.123167739403945,-0.0018972468884581
"DefInd_s3_GIS_FE_AR1","DefInd","GIS",3,"FE_AR1","DE",1993,11.1667669978504,-0.149127927352357,-0.0546102597091334
"DefInd_s3_GIS_FE_AR1","DefInd","GIS",3,"FE_AR1","DE",1994,11.1777280817207,-0.108406467561668,0.00603278367428799
"DefInd_s3_GIS_FE_AR1","DefInd","GIS",3,"FE_AR1","DE",1995,11.2203892783208,-0.126975281839732,-0.0437852637314557
"DefInd_s3_GIS_FE_AR1","DefInd","GIS",3,"FE_AR1","DE",1996,11.2141938287701,-0.109992981628729,-0.0125534447344759
"DefInd_s3_GIS_FE_AR1","DefInd","GIS",3,"FE_AR1","DE",1997,11.1945334845834,-0.047596061492019,0.0368114313383509
"DefInd_s3_GIS_FE_AR1","DefInd","GIS",3,"FE_AR1","DE",1998,11.1982035164526,-0.0280008345808493,0.00852389781255033
"DefInd_s3_GIS_FE_AR1","DefInd","GIS",3,"FE_AR1","DE",1999,11.1793899204214,-0.00239457104257568,0.019092983973481
"DefInd_s3_GIS_FE_AR1","DefInd","GIS",3,"FE_AR1","DE",2000,11.1662467167087,0.0540622369115056,0.0558998063192543
"DefInd_s3_GIS_FE_AR1","DefInd","GIS",3,"FE_AR1","DE",2001,11.1943500790692,0.0307416967707113,-0.0107451127232302
"DefInd_s3_GIS_FE_AR1","DefInd","GIS",3,"FE_AR1","DE",2002,11.2093975467926,0.00432309560943622,-0.019267769110695
"DefInd_s3_GIS_FE_AR1","DefInd","GIS",3,"FE_AR1","DE",2003,11.2298074689467,0.00889999198172653,0.00558249248080215
"DefInd_s3_GIS_FE_AR1","DefInd","GIS",3,"FE_AR1","DE",2004,11.2614202281193,0.0164953565207373,0.00966559340072636
"DefInd_s3_GIS_FE_AR1","DefInd","GIS",3,"FE_AR1","DE",2005,11.2687356347984,0.0339462179738135,0.0212878495339232
"DefInd_s3_GIS_FE_AR1","DefInd","GIS",3,"FE_AR1","DE",2006,11.292015797205,0.0878634549381978,0.0618134733137843
"DefInd_s3_GIS_FE_AR1","DefInd","GIS",3,"FE_AR1","DE",2007,11.3408061307344,0.0618154542624687,-0.00561006537459892
"DefInd_s3_GIS_FE_AR1","DefInd","GIS",3,"FE_AR1","DE",2008,11.3552685348331,-0.00697523071639772,-0.0544117801689548
"DefInd_s3_GIS_FE_AR1","DefInd","GIS",3,"FE_AR1","DE",2009,11.2473512807298,-0.0613902916336873,-0.0560375706876197
"DefInd_s3_GIS_FE_AR1","DefInd","GIS",3,"FE_AR1","DE",2010,11.284638657855,0.0740208486513723,0.121131132636722
"DefInd_s3_GIS_FE_AR1","DefInd","GIS",3,"FE_AR1","DE",2011,11.3646613904467,0.0465239912545474,-0.0102788534299241
"DefInd_s3_GIS_FE_AR1","DefInd","GIS",3,"FE_AR1","DE",2012,11.3572896886426,0.037373918693298,0.00167188207142015
"DefInd_s3_GIS_FE_AR1","DefInd","GIS",3,"FE_AR1","DE",2013,11.3549313568396,0.0256893622080607,-0.00299100200640866
"DefInd_s3_GIS_FE_AR1","DefInd","GIS",3,"FE_AR1","DE",2014,11.3541288073579,0.0597072045763127,0.0399934498959204
"DefInd_s3_GIS_FE_AR1","DefInd","GIS",3,"FE_AR1","DE",2015,11.315116568547,0.11265403235425,0.066835332219293
"DefInd_s3_GIS_FE_AR1","DefInd","GIS",3,"FE_AR1","DE",2016,11.3139240992617,0.147590451176011,0.0611408951457015
"DefInd_s3_GIS_FE_AR1","DefInd","GIS",3,"FE_AR1","DE",2017,11.3154199109822,0.152297338825067,0.039037931133763
"DefInd_s3_GIS_FE_AR1","DefInd","GIS",3,"FE_AR1","DE",2018,11.3202499670031,0.125121471811543,0.00825004652049793
"DefInd_s3_GIS_FE_AR1","DefInd","GIS",3,"FE_AR1","DE",2019,11.2972867298124,0.127164845132056,0.0311479031556441
"DefInd_s3_GIS_FE_AR1","DefInd","GIS",3,"FE_AR1","DE",2020,11.26929005413,0.0992010047754963,0.0016159989431279
"DefInd_s3_GIS_FE_AR1","DefInd","GIS",3,"FE_AR1","DE",2021,11.3643556992327,0.0575672276802006,-0.0185586121267113
"DefInd_s3_GIS_FE_AR1","DefInd","GIS",3,"FE_AR1","DE",2022,11.40227403294,0.00797701390503391,-0.0361994897748307
"DefInd_s3_GIS_FE_AR1","DefInd","GIS",3,"FE_AR1","DE",2023,11.4094678933769,0.0102309765579509,0.00410949740512968
"DefInd_s3_GIS_FE_AR1","DefInd","GIS",3,"FE_AR1","DE",2024,11.4091604829015,0.0144535746745778,0.00660242755886604
"DefInd_s3_GIS_FE_AR1","DefInd","GIS",3,"FE_AR1","ES",1981,10.8505095670139,-0.0380379525283683,NA
"DefInd_s3_GIS_FE_AR1","DefInd","GIS",3,"FE_AR1","ES",1982,10.8447083120695,-0.00780047480343526,0.0213894622068877
"DefInd_s3_GIS_FE_AR1","DefInd","GIS",3,"FE_AR1","ES",1983,10.8471680994812,0.0228921993629498,0.0288782042088488
"DefInd_s3_GIS_FE_AR1","DefInd","GIS",3,"FE_AR1","ES",1984,10.8677925615879,0.03902521843799,0.0214579780105798
"DefInd_s3_GIS_FE_AR1","DefInd","GIS",3,"FE_AR1","ES",1985,10.8635567412687,0.0812195654992323,0.0512720106940818
"DefInd_s3_GIS_FE_AR1","DefInd","GIS",3,"FE_AR1","ES",1986,10.8723281811488,0.113974240347225,0.0516471737376261
"DefInd_s3_GIS_FE_AR1","DefInd","GIS",3,"FE_AR1","ES",1987,10.8811996254056,0.0961472901384131,0.00868461995253086
"DefInd_s3_GIS_FE_AR1","DefInd","GIS",3,"FE_AR1","ES",1988,10.880176334856,0.109404511648137,0.0356220613240706
"DefInd_s3_GIS_FE_AR1","DefInd","GIS",3,"FE_AR1","ES",1989,10.8800742704086,0.105698585080736,0.021742678114593
"DefInd_s3_GIS_FE_AR1","DefInd","GIS",3,"FE_AR1","ES",1990,10.9056732350063,0.0107262291694585,-0.0703857875271799
"DefInd_s3_GIS_FE_AR1","DefInd","GIS",3,"FE_AR1","ES",1991,10.9152337109531,-0.00178842225179565,-0.0100196211729594
"DefInd_s3_GIS_FE_AR1","DefInd","GIS",3,"FE_AR1","ES",1992,10.9173266326401,-0.0490431910394271,-0.0476707740346254
"DefInd_s3_GIS_FE_AR1","DefInd","GIS",3,"FE_AR1","ES",1993,10.9139206427139,-0.0705785682992026,-0.0329433234432008
"DefInd_s3_GIS_FE_AR1","DefInd","GIS",3,"FE_AR1","ES",1994,10.9286538320725,-0.0540622907056338,9.89831272844091e-05
"DefInd_s3_GIS_FE_AR1","DefInd","GIS",3,"FE_AR1","ES",1995,10.9631096459486,-0.0508915502650886,-0.00940469949008152
"DefInd_s3_GIS_FE_AR1","DefInd","GIS",3,"FE_AR1","ES",1996,10.9591707331431,-0.0521019162877554,-0.0130482594042064
"DefInd_s3_GIS_FE_AR1","DefInd","GIS",3,"FE_AR1","ES",1997,10.9540184547625,-0.0421358271760219,-0.00215334774518336
"DefInd_s3_GIS_FE_AR1","DefInd","GIS",3,"FE_AR1","ES",1998,10.95003417829,-0.0420088944427714,-0.00967429020168732
"DefInd_s3_GIS_FE_AR1","DefInd","GIS",3,"FE_AR1","ES",1999,10.9477531947549,-0.0488809299578161,-0.0166437326022726
"DefInd_s3_GIS_FE_AR1","DefInd","GIS",3,"FE_AR1","ES",2000,10.9538383505468,-0.0407565116200157,-0.00324578426394823
"DefInd_s3_GIS_FE_AR1","DefInd","GIS",3,"FE_AR1","ES",2001,10.9403053922556,-0.0111598588285435,0.0201162727156426
"DefInd_s3_GIS_FE_AR1","DefInd","GIS",3,"FE_AR1","ES",2002,10.9670920573017,-0.0397145818096138,-0.0311506199085011
"DefInd_s3_GIS_FE_AR1","DefInd","GIS",3,"FE_AR1","ES",2003,10.9797718202662,-0.0589350237578063,-0.0284584585286611
"DefInd_s3_GIS_FE_AR1","DefInd","GIS",3,"FE_AR1","ES",2004,10.9983091657239,-0.0877697899477852,-0.0425436535013173
"DefInd_s3_GIS_FE_AR1","DefInd","GIS",3,"FE_AR1","ES",2005,10.9893891550355,-0.0786725321608159,-0.0113188900825674
"DefInd_s3_GIS_FE_AR1","DefInd","GIS",3,"FE_AR1","ES",2006,11.0031837409166,-0.070154211661789,-0.00978171247156163
"DefInd_s3_GIS_FE_AR1","DefInd","GIS",3,"FE_AR1","ES",2007,11.0192661941349,-0.0663498733737136,-0.0125142464984431
"DefInd_s3_GIS_FE_AR1","DefInd","GIS",3,"FE_AR1","ES",2008,11.0188050171469,-0.0635611262171079,-0.0126449097625761
"DefInd_s3_GIS_FE_AR1","DefInd","GIS",3,"FE_AR1","ES",2009,10.9803500609698,-0.0169173311863045,0.0318588291288142
"DefInd_s3_GIS_FE_AR1","DefInd","GIS",3,"FE_AR1","ES",2010,11.0019864780584,-0.00819796608196555,0.00478422141465947
"DefInd_s3_GIS_FE_AR1","DefInd","GIS",3,"FE_AR1","ES",2011,11.0381045500227,-0.00100574165248446,0.00528529394852147
"DefInd_s3_GIS_FE_AR1","DefInd","GIS",3,"FE_AR1","ES",2012,11.0220495227607,0.0268215163515944,0.0275933122431525
"DefInd_s3_GIS_FE_AR1","DefInd","GIS",3,"FE_AR1","ES",2013,11.022662869008,0.0685192946888495,0.0479367364599203
"DefInd_s3_GIS_FE_AR1","DefInd","GIS",3,"FE_AR1","ES",2014,11.0290361483611,0.0983286072012515,0.0457475989446257
"DefInd_s3_GIS_FE_AR1","DefInd","GIS",3,"FE_AR1","ES",2015,11.0384726639384,0.103066204991743,0.0276098341900613
"DefInd_s3_GIS_FE_AR1","DefInd","GIS",3,"FE_AR1","ES",2016,11.0582171533652,0.0698495261789347,-0.00924242887196614
"DefInd_s3_GIS_FE_AR1","DefInd","GIS",3,"FE_AR1","ES",2017,11.0500676146123,0.0936149950756082,0.0400131807339079
"DefInd_s3_GIS_FE_AR1","DefInd","GIS",3,"FE_AR1","ES",2018,11.0450081860772,0.0710512579417646,-0.000787934965391535
"DefInd_s3_GIS_FE_AR1","DefInd","GIS",3,"FE_AR1","ES",2019,11.0361473351734,0.063653353958097,0.00912934291208808
"DefInd_s3_GIS_FE_AR1","DefInd","GIS",3,"FE_AR1","ES",2020,11.025045492392,0.0156201923973889,-0.0332267425459927
"DefInd_s3_GIS_FE_AR1","DefInd","GIS",3,"FE_AR1","ES",2021,11.120813391891,0.0244823306889881,0.012495554275908
"DefInd_s3_GIS_FE_AR1","DefInd","GIS",3,"FE_AR1","ES",2022,11.1718837378389,-0.014820018087244,-0.0336075090844129
"DefInd_s3_GIS_FE_AR1","DefInd","GIS",3,"FE_AR1","ES",2023,11.1702656550636,-0.00971647433562595,0.00165625646884818
"DefInd_s3_GIS_FE_AR1","DefInd","GIS",3,"FE_AR1","ES",2024,11.1822910114396,-0.0147813125224356,-0.00732498916728613
"DefInd_s3_GIS_FE_AR1","DefInd","GIS",3,"FE_AR1","IT",1981,11.0177931433436,-0.0970605426249023,NA
"DefInd_s3_GIS_FE_AR1","DefInd","GIS",3,"FE_AR1","IT",1982,10.9970812778924,-0.0935699628066633,-0.0190866918341866
"DefInd_s3_GIS_FE_AR1","DefInd","GIS",3,"FE_AR1","IT",1983,10.9879855278001,-0.104064471025577,-0.0322598354225489
"DefInd_s3_GIS_FE_AR1","DefInd","GIS",3,"FE_AR1","IT",1984,10.9779879569939,-0.0215793677057761,0.0582786465231373
"DefInd_s3_GIS_FE_AR1","DefInd","GIS",3,"FE_AR1","IT",1985,10.9731685135537,0.0170206563365412,0.0335804431332786
"DefInd_s3_GIS_FE_AR1","DefInd","GIS",3,"FE_AR1","IT",1986,11.0168528745916,-0.0078601657696904,-0.0209216439333076
"DefInd_s3_GIS_FE_AR1","DefInd","GIS",3,"FE_AR1","IT",1987,11.0455693440856,-0.00984523670208581,-0.00381342561717405
"DefInd_s3_GIS_FE_AR1","DefInd","GIS",3,"FE_AR1","IT",1988,11.0485343196809,0.00139805923587666,0.00895319351844032
"DefInd_s3_GIS_FE_AR1","DefInd","GIS",3,"FE_AR1","IT",1989,11.0510960551236,0.0247290128321858,0.0236561564264288
"DefInd_s3_GIS_FE_AR1","DefInd","GIS",3,"FE_AR1","IT",1990,11.0581513442526,-0.0391498947870694,-0.0581266871462436
"DefInd_s3_GIS_FE_AR1","DefInd","GIS",3,"FE_AR1","IT",1991,11.0496260091605,-0.0574032347064701,-0.0273600045419903
"DefInd_s3_GIS_FE_AR1","DefInd","GIS",3,"FE_AR1","IT",1992,11.0643515439289,-0.0539330800702285,-0.00988242292665573
"DefInd_s3_GIS_FE_AR1","DefInd","GIS",3,"FE_AR1","IT",1993,11.0473922138349,-0.0189157160573235,0.0224719797932504
"DefInd_s3_GIS_FE_AR1","DefInd","GIS",3,"FE_AR1","IT",1994,11.0520857196933,0.0294677089766537,0.0439834366517077
"DefInd_s3_GIS_FE_AR1","DefInd","GIS",3,"FE_AR1","IT",1995,11.0985739162263,0.0336582958627911,0.0110450763887526
"DefInd_s3_GIS_FE_AR1","DefInd","GIS",3,"FE_AR1","IT",1996,11.1084083256772,0.0319927537977822,0.00616372066628123
"DefInd_s3_GIS_FE_AR1","DefInd","GIS",3,"FE_AR1","IT",1997,11.0837457734141,0.068523171653208,0.0439722585238127
"DefInd_s3_GIS_FE_AR1","DefInd","GIS",3,"FE_AR1","IT",1998,11.0715865630534,0.075940390267311,0.0233564068677584
"DefInd_s3_GIS_FE_AR1","DefInd","GIS",3,"FE_AR1","IT",1999,11.0708379356252,0.0717878798953038,0.0135119985426215
"DefInd_s3_GIS_FE_AR1","DefInd","GIS",3,"FE_AR1","IT",2000,11.0799730112386,0.0927116281345715,0.0376223409105612
"DefInd_s3_GIS_FE_AR1","DefInd","GIS",3,"FE_AR1","IT",2001,11.0711708573176,0.0966504461924664,0.0255044878669142
"DefInd_s3_GIS_FE_AR1","DefInd","GIS",3,"FE_AR1","IT",2002,11.0711995982112,0.073915576827865,-0.000252990322894955
"DefInd_s3_GIS_FE_AR1","DefInd","GIS",3,"FE_AR1","IT",2003,11.0827359057867,0.0165056938951444,-0.0402163662651115
"DefInd_s3_GIS_FE_AR1","DefInd","GIS",3,"FE_AR1","IT",2004,11.0883500509294,0.0212519251768146,0.00858562394118379
"DefInd_s3_GIS_FE_AR1","DefInd","GIS",3,"FE_AR1","IT",2005,11.0842627676272,0.019562808370388,0.00325429763241731
"DefInd_s3_GIS_FE_AR1","DefInd","GIS",3,"FE_AR1","IT",2006,11.0916160780108,0.0238452041766699,0.0088329044570472
"DefInd_s3_GIS_FE_AR1","DefInd","GIS",3,"FE_AR1","IT",2007,11.1092238019593,0.0375674866408033,0.019268920034302
"DefInd_s3_GIS_FE_AR1","DefInd","GIS",3,"FE_AR1","IT",2008,11.1304730026435,-0.0139501380431817,-0.0427790443273296
"DefInd_s3_GIS_FE_AR1","DefInd","GIS",3,"FE_AR1","IT",2009,11.0508832505734,-0.0598895397320103,-0.0491843460057682
"DefInd_s3_GIS_FE_AR1","DefInd","GIS",3,"FE_AR1","IT",2010,11.0474364728066,0.0340081304591102,0.0799667527338198
"DefInd_s3_GIS_FE_AR1","DefInd","GIS",3,"FE_AR1","IT",2011,11.0957930983033,-0.0021030437141043,-0.0282005363485969
"DefInd_s3_GIS_FE_AR1","DefInd","GIS",3,"FE_AR1","IT",2012,11.0920640023898,-0.037193541520292,-0.0355796872125745
"DefInd_s3_GIS_FE_AR1","DefInd","GIS",3,"FE_AR1","IT",2013,11.1079004054345,-0.0401782460388223,-0.0116363014281478
"DefInd_s3_GIS_FE_AR1","DefInd","GIS",3,"FE_AR1","IT",2014,11.1011515459477,-0.00771725596458595,0.0231151204674477
"DefInd_s3_GIS_FE_AR1","DefInd","GIS",3,"FE_AR1","IT",2015,11.0890994906267,0.052332061395779,0.0582542049530801
"DefInd_s3_GIS_FE_AR1","DefInd","GIS",3,"FE_AR1","IT",2016,11.0951101992137,0.0764875111534415,0.0363284207128113
"DefInd_s3_GIS_FE_AR1","DefInd","GIS",3,"FE_AR1","IT",2017,11.1028521331709,0.0873794739926321,0.0286837376492989
"DefInd_s3_GIS_FE_AR1","DefInd","GIS",3,"FE_AR1","IT",2018,11.1129378269355,0.0825160592125709,0.0154619416194151
"DefInd_s3_GIS_FE_AR1","DefInd","GIS",3,"FE_AR1","IT",2019,11.1062133841011,0.0783412211636421,0.0150192384949197
"DefInd_s3_GIS_FE_AR1","DefInd","GIS",3,"FE_AR1","IT",2020,11.0816076375203,0.0100648087268471,-0.0500534457815426
"DefInd_s3_GIS_FE_AR1","DefInd","GIS",3,"FE_AR1","IT",2021,11.2132126125994,0.019279689600932,0.0115560579848898
"DefInd_s3_GIS_FE_AR1","DefInd","GIS",3,"FE_AR1","IT",2022,11.2802572558818,-0.0201510644956358,-0.0349461017576985
"DefInd_s3_GIS_FE_AR1","DefInd","GIS",3,"FE_AR1","IT",2023,11.2901207343149,-0.0332990768550037,-0.0178353553815652
"DefInd_s3_GIS_FE_AR1","DefInd","GIS",3,"FE_AR1","IT",2024,11.3082104416088,-0.0323020387697657,-0.00674866664295222
"DefInd_s3_GIS_POOLED_AR1","DefInd","GIS",3,"POOLED_AR1","DE",1991,11.1532308072759,-0.138585882296979,NA
"DefInd_s3_GIS_POOLED_AR1","DefInd","GIS",3,"POOLED_AR1","DE",1992,11.1518922720405,-0.101031801474628,0.0141450766306378
"DefInd_s3_GIS_POOLED_AR1","DefInd","GIS",3,"POOLED_AR1","DE",1993,11.1395620498215,-0.121922979323454,-0.0379567968355265
"DefInd_s3_GIS_POOLED_AR1","DefInd","GIS",3,"POOLED_AR1","DE",1994,11.1477221259985,-0.0784005118394813,0.0229280498799281
"DefInd_s3_GIS_POOLED_AR1","DefInd","GIS",3,"POOLED_AR1","DE",1995,11.1888012790777,-0.0953872825965938,-0.0302296630334705
"DefInd_s3_GIS_POOLED_AR1","DefInd","GIS",3,"POOLED_AR1","DE",1996,11.1839257858522,-0.0797249387107968,-0.000449840567124868
"DefInd_s3_GIS_POOLED_AR1","DefInd","GIS",3,"POOLED_AR1","DE",1997,11.1643731787141,-0.0174357556227314,0.0488225774458986
"DefInd_s3_GIS_POOLED_AR1","DefInd","GIS",3,"POOLED_AR1","DE",1998,11.1680678720667,0.00213480980507441,0.0166254337181878
"DefInd_s3_GIS_POOLED_AR1","DefInd","GIS",3,"POOLED_AR1","DE",1999,11.1508946969057,0.02610065247314,0.0243264405215209
"DefInd_s3_GIS_POOLED_AR1","DefInd","GIS",3,"POOLED_AR1","DE",2000,11.1385085446627,0.0818004089574753,0.060108504857715
"DefInd_s3_GIS_POOLED_AR1","DefInd","GIS",3,"POOLED_AR1","DE",2001,11.1651948269603,0.0598969488796417,-0.00808627982518692
"DefInd_s3_GIS_POOLED_AR1","DefInd","GIS",3,"POOLED_AR1","DE",2002,11.1771342471692,0.0365863952328311,-0.0131931599833655
"DefInd_s3_GIS_POOLED_AR1","DefInd","GIS",3,"POOLED_AR1","DE",2003,11.1977846235669,0.0409228373614514,0.0105163723290842
"DefInd_s3_GIS_POOLED_AR1","DefInd","GIS",3,"POOLED_AR1","DE",2004,11.2273550222095,0.0505605624304959,0.0165501381911704
"DefInd_s3_GIS_POOLED_AR1","DefInd","GIS",3,"POOLED_AR1","DE",2005,11.2341925183115,0.0684893344607111,0.0264691254793103
"DefInd_s3_GIS_POOLED_AR1","DefInd","GIS",3,"POOLED_AR1","DE",2006,11.2578912725271,0.121987979616101,0.0650674073619383
"DefInd_s3_GIS_POOLED_AR1","DefInd","GIS",3,"POOLED_AR1","DE",2007,11.3070713767296,0.095550208267305,-0.00583237432824936
"DefInd_s3_GIS_POOLED_AR1","DefInd","GIS",3,"POOLED_AR1","DE",2008,11.3229093918582,0.0253839122584871,-0.0540265912367595
"DefInd_s3_GIS_POOLED_AR1","DefInd","GIS",3,"POOLED_AR1","DE",2009,11.2168643242311,-0.0309033351349601,-0.0519995660033063
"DefInd_s3_GIS_POOLED_AR1","DefInd","GIS",3,"POOLED_AR1","DE",2010,11.2534091692409,0.105250337265531,0.130933686859958
"DefInd_s3_GIS_POOLED_AR1","DefInd","GIS",3,"POOLED_AR1","DE",2011,11.3312634351264,0.0799219465748404,-0.00755020473558468
"DefInd_s3_GIS_POOLED_AR1","DefInd","GIS",3,"POOLED_AR1","DE",2012,11.3245509381079,0.0701126692280045,0.00369060555156192
"DefInd_s3_GIS_POOLED_AR1","DefInd","GIS",3,"POOLED_AR1","DE",2013,11.3223212135844,0.0582995054632658,2.98013385427454e-05
"DefInd_s3_GIS_POOLED_AR1","DefInd","GIS",3,"POOLED_AR1","DE",2014,11.3215530174416,0.0922829944926011,0.0438310531905961
"DefInd_s3_GIS_POOLED_AR1","DefInd","GIS",3,"POOLED_AR1","DE",2015,11.2830892972911,0.144681303610231,0.0679861379000153
"DefInd_s3_GIS_POOLED_AR1","DefInd","GIS",3,"POOLED_AR1","DE",2016,11.2826236815643,0.178890868873383,0.0586481674247835
"DefInd_s3_GIS_POOLED_AR1","DefInd","GIS",3,"POOLED_AR1","DE",2017,11.2875338712201,0.180183378587188,0.0315095637882054
"DefInd_s3_GIS_POOLED_AR1","DefInd","GIS",3,"POOLED_AR1","DE",2018,11.2927780520126,0.152593386802033,0.00284538442139143
"DefInd_s3_GIS_POOLED_AR1","DefInd","GIS",3,"POOLED_AR1","DE",2019,11.2731596084833,0.15129196646121,0.024473638215444
"DefInd_s3_GIS_POOLED_AR1","DefInd","GIS",3,"POOLED_AR1","DE",2020,11.2442174336548,0.124273625250652,-0.00146310991020338
"DefInd_s3_GIS_POOLED_AR1","DefInd","GIS",3,"POOLED_AR1","DE",2021,11.3379383205054,0.0839846064074905,-0.0192975457854804
"DefInd_s3_GIS_POOLED_AR1","DefInd","GIS",3,"POOLED_AR1","DE",2022,11.3772560598763,0.0329949869687312,-0.0368034991006185
"DefInd_s3_GIS_POOLED_AR1","DefInd","GIS",3,"POOLED_AR1","DE",2023,11.3828051072186,0.0368937627163373,0.00947206918453366
"DefInd_s3_GIS_POOLED_AR1","DefInd","GIS",3,"POOLED_AR1","DE",2024,11.3822342745181,0.0413797830580016,0.0107178690102329
"DefInd_s3_GIS_POOLED_AR1","DefInd","GIS",3,"POOLED_AR1","ES",1981,10.8299497279322,-0.0174781134466606,NA
"DefInd_s3_GIS_POOLED_AR1","DefInd","GIS",3,"POOLED_AR1","ES",1982,10.8239139358417,0.0129939014244407,0.0275197283599879
"DefInd_s3_GIS_POOLED_AR1","DefInd","GIS",3,"POOLED_AR1","ES",1983,10.8260275063836,0.0440327924605128,0.0332337343193124
"DefInd_s3_GIS_POOLED_AR1","DefInd","GIS",3,"POOLED_AR1","ES",1984,10.8488350003876,0.0579827796383192,0.0213877132015305
"DefInd_s3_GIS_POOLED_AR1","DefInd","GIS",3,"POOLED_AR1","ES",1985,10.8490789816185,0.0956973251493967,0.0475086104555283
"DefInd_s3_GIS_POOLED_AR1","DefInd","GIS",3,"POOLED_AR1","ES",1986,10.8570773642859,0.12922505721008,0.0496922868365984
"DefInd_s3_GIS_POOLED_AR1","DefInd","GIS",3,"POOLED_AR1","ES",1987,10.8747645406612,0.102582374882829,-0.00481484636180435
"DefInd_s3_GIS_POOLED_AR1","DefInd","GIS",3,"POOLED_AR1","ES",1988,10.8799651364135,0.109615710090608,0.0243608667270593
"DefInd_s3_GIS_POOLED_AR1","DefInd","GIS",3,"POOLED_AR1","ES",1989,10.8867405263558,0.0990323291334771,0.00793217470019036
"DefInd_s3_GIS_POOLED_AR1","DefInd","GIS",3,"POOLED_AR1","ES",1990,10.9134663619612,0.00293310221459819,-0.0793713454826378
"DefInd_s3_GIS_POOLED_AR1","DefInd","GIS",3,"POOLED_AR1","ES",1991,10.9244332382849,-0.0109879495835852,-0.0134256117079069
"DefInd_s3_GIS_POOLED_AR1","DefInd","GIS",3,"POOLED_AR1","ES",1992,10.9212878460305,-0.053004404429835,-0.0438724661050972
"DefInd_s3_GIS_POOLED_AR1","DefInd","GIS",3,"POOLED_AR1","ES",1993,10.9161529622573,-0.0728108878425999,-0.0287596343752735
"DefInd_s3_GIS_POOLED_AR1","DefInd","GIS",3,"POOLED_AR1","ES",1994,10.9273121034511,-0.0527205620842164,0.007791595538105
"DefInd_s3_GIS_POOLED_AR1","DefInd","GIS",3,"POOLED_AR1","ES",1995,10.963086704629,-0.0508686089454553,-0.00705325306524653
"DefInd_s3_GIS_POOLED_AR1","DefInd","GIS",3,"POOLED_AR1","ES",1996,10.9603391154245,-0.0532702985692453,-0.0109940762384601
"DefInd_s3_GIS_POOLED_AR1","DefInd","GIS",3,"POOLED_AR1","ES",1997,10.959241502343,-0.0473588747564886,-0.00308664021680349
"DefInd_s3_GIS_POOLED_AR1","DefInd","GIS",3,"POOLED_AR1","ES",1998,10.9603877656408,-0.0523624817935673,-0.0130031527289969
"DefInd_s3_GIS_POOLED_AR1","DefInd","GIS",3,"POOLED_AR1","ES",1999,10.9601682110281,-0.061295946231029,-0.0177781861037527
"DefInd_s3_GIS_POOLED_AR1","DefInd","GIS",3,"POOLED_AR1","ES",2000,10.9658635885966,-0.0527817496697658,-0.00183950641681063
"DefInd_s3_GIS_POOLED_AR1","DefInd","GIS",3,"POOLED_AR1","ES",2001,10.9545195884759,-0.0253740550487809,0.0184921530175638
"DefInd_s3_GIS_POOLED_AR1","DefInd","GIS",3,"POOLED_AR1","ES",2002,10.982601171105,-0.0552236956128596,-0.0341356569400096
"DefInd_s3_GIS_POOLED_AR1","DefInd","GIS",3,"POOLED_AR1","ES",2003,10.9948222980596,-0.0739855015512116,-0.0280898247859943
"DefInd_s3_GIS_POOLED_AR1","DefInd","GIS",3,"POOLED_AR1","ES",2004,10.9997106250053,-0.0891712492291585,-0.0276828858224151
"DefInd_s3_GIS_POOLED_AR1","DefInd","GIS",3,"POOLED_AR1","ES",2005,10.9903279936364,-0.079611370761727,-0.00550233503071222
"DefInd_s3_GIS_POOLED_AR1","DefInd","GIS",3,"POOLED_AR1","ES",2006,11.0075720486161,-0.0745425193613389,-0.00837857110023681
"DefInd_s3_GIS_POOLED_AR1","DefInd","GIS",3,"POOLED_AR1","ES",2007,11.0258718098116,-0.0729554890504449,-0.0110041955720654
"DefInd_s3_GIS_POOLED_AR1","DefInd","GIS",3,"POOLED_AR1","ES",2008,11.0275755533469,-0.072331662417108,-0.01169932865986
"DefInd_s3_GIS_POOLED_AR1","DefInd","GIS",3,"POOLED_AR1","ES",2009,10.9872836609144,-0.0238509311308679,0.0362629486329733
"DefInd_s3_GIS_POOLED_AR1","DefInd","GIS",3,"POOLED_AR1","ES",2010,11.0038095661669,-0.0100210541904566,0.00980113651198646
"DefInd_s3_GIS_POOLED_AR1","DefInd","GIS",3,"POOLED_AR1","ES",2011,11.0377627931301,-0.000663984759880165,0.00766437970156715
"DefInd_s3_GIS_POOLED_AR1","DefInd","GIS",3,"POOLED_AR1","ES",2012,11.0204531335609,0.0284179055513647,0.0289697344280506
"DefInd_s3_GIS_POOLED_AR1","DefInd","GIS",3,"POOLED_AR1","ES",2013,11.0188418651158,0.0723402985810377,0.0487225563590522
"DefInd_s3_GIS_POOLED_AR1","DefInd","GIS",3,"POOLED_AR1","ES",2014,11.0237921166506,0.103572638911757,0.0434515817472763
"DefInd_s3_GIS_POOLED_AR1","DefInd","GIS",3,"POOLED_AR1","ES",2015,11.0355334906693,0.106005378260766,0.0199275396724404
"DefInd_s3_GIS_POOLED_AR1","DefInd","GIS",3,"POOLED_AR1","ES",2016,11.0536570679928,0.0744096115513351,-0.0136900442583316
"DefInd_s3_GIS_POOLED_AR1","DefInd","GIS",3,"POOLED_AR1","ES",2017,11.0459311283407,0.097751481347176,0.0359106457767618
"DefInd_s3_GIS_POOLED_AR1","DefInd","GIS",3,"POOLED_AR1","ES",2018,11.0432952737084,0.0727641703105988,-0.00847578187736107
"DefInd_s3_GIS_POOLED_AR1","DefInd","GIS",3,"POOLED_AR1","ES",2019,11.0381602408416,0.0616404482899249,0.00116711698525931
"DefInd_s3_GIS_POOLED_AR1","DefInd","GIS",3,"POOLED_AR1","ES",2020,11.0273817832343,0.0132839015551003,-0.0379446527635047
"DefInd_s3_GIS_POOLED_AR1","DefInd","GIS",3,"POOLED_AR1","ES",2021,11.1187454929175,0.0265502296625062,0.0155101562811826
"DefInd_s3_GIS_POOLED_AR1","DefInd","GIS",3,"POOLED_AR1","ES",2022,11.173634510189,-0.0165707904373349,-0.0386363321420251
"DefInd_s3_GIS_POOLED_AR1","DefInd","GIS",3,"POOLED_AR1","ES",2023,11.1744016765858,-0.0138524958578312,-8.07329720641653e-05
"DefInd_s3_GIS_POOLED_AR1","DefInd","GIS",3,"POOLED_AR1","ES",2024,11.1867698392604,-0.0192601403432668,-0.00774751582172929
"DefInd_s3_GIS_POOLED_AR1","DefInd","GIS",3,"POOLED_AR1","IT",1981,11.0375450306104,-0.116812429891748,NA
"DefInd_s3_GIS_POOLED_AR1","DefInd","GIS",3,"POOLED_AR1","IT",1982,11.0135315633287,-0.110020248243019,-0.0129389959839283
"DefInd_s3_GIS_POOLED_AR1","DefInd","GIS",3,"POOLED_AR1","IT",1983,11.0051478731056,-0.121226816331127,-0.0297904556357239
"DefInd_s3_GIS_POOLED_AR1","DefInd","GIS",3,"POOLED_AR1","IT",1984,10.9996580321784,-0.0432494428902856,0.0575005470526942
"DefInd_s3_GIS_POOLED_AR1","DefInd","GIS",3,"POOLED_AR1","IT",1985,10.9949350439331,-0.00474587404289473,0.0311981610156002
"DefInd_s3_GIS_POOLED_AR1","DefInd","GIS",3,"POOLED_AR1","IT",1986,11.0388241356381,-0.0298314268161874,-0.0258871942069086
"DefInd_s3_GIS_POOLED_AR1","DefInd","GIS",3,"POOLED_AR1","IT",1987,11.0683938845035,-0.0326697771199527,-0.00787727623049475
"DefInd_s3_GIS_POOLED_AR1","DefInd","GIS",3,"POOLED_AR1","IT",1988,11.0765602545266,-0.0266278756098419,0.000523540354791276
"DefInd_s3_GIS_POOLED_AR1","DefInd","GIS",3,"POOLED_AR1","IT",1989,11.0762311190588,-0.000406051102952887,0.0217240211128069
"DefInd_s3_GIS_POOLED_AR1","DefInd","GIS",3,"POOLED_AR1","IT",1990,11.0822882970906,-0.0632868476250845,-0.0629493839699548
"DefInd_s3_GIS_POOLED_AR1","DefInd","GIS",3,"POOLED_AR1","IT",1991,11.0747906064817,-0.0825678320276566,-0.0299709771838083
"DefInd_s3_GIS_POOLED_AR1","DefInd","GIS",3,"POOLED_AR1","IT",1992,11.0882860704979,-0.0778676066392396,-0.00924658285785317
"DefInd_s3_GIS_POOLED_AR1","DefInd","GIS",3,"POOLED_AR1","IT",1993,11.0666624528751,-0.038185955097477,0.026528774062435
"DefInd_s3_GIS_POOLED_AR1","DefInd","GIS",3,"POOLED_AR1","IT",1994,11.0707005914989,0.0108528371711305,0.042588675069614
"DefInd_s3_GIS_POOLED_AR1","DefInd","GIS",3,"POOLED_AR1","IT",1995,11.1128907185016,0.0193414935874934,0.0103218453864093
"DefInd_s3_GIS_POOLED_AR1","DefInd","GIS",3,"POOLED_AR1","IT",1996,11.1198814981299,0.0205195813450612,0.00444512403109957
"DefInd_s3_GIS_POOLED_AR1","DefInd","GIS",3,"POOLED_AR1","IT",1997,11.098898918394,0.0533700266732744,0.0363164763391456
"DefInd_s3_GIS_POOLED_AR1","DefInd","GIS",3,"POOLED_AR1","IT",1998,11.0848532399144,0.0626737134062711,0.0183185961696543
"DefInd_s3_GIS_POOLED_AR1","DefInd","GIS",3,"POOLED_AR1","IT",1999,11.0796822226926,0.0629435928278532,0.010856305654333
"DefInd_s3_GIS_POOLED_AR1","DefInd","GIS",3,"POOLED_AR1","IT",2000,11.0909852728596,0.0816993665136359,0.0293877861529057
"DefInd_s3_GIS_POOLED_AR1","DefInd","GIS",3,"POOLED_AR1","IT",2001,11.0926220173868,0.0751992861232615,0.00730003244564829
"DefInd_s3_GIS_POOLED_AR1","DefInd","GIS",3,"POOLED_AR1","IT",2002,11.0928159960194,0.0522991790196983,-0.0101979445535494
"DefInd_s3_GIS_POOLED_AR1","DefInd","GIS",3,"POOLED_AR1","IT",2003,11.1030781393555,-0.00383653967366548,-0.047301689710009
"DefInd_s3_GIS_POOLED_AR1","DefInd","GIS",3,"POOLED_AR1","IT",2004,11.1087417893688,0.000860186737355662,0.00404868368246921
"DefInd_s3_GIS_POOLED_AR1","DefInd","GIS",3,"POOLED_AR1","IT",2005,11.104473452806,-0.000647876808356429,-0.00136276653127836
"DefInd_s3_GIS_POOLED_AR1","DefInd","GIS",3,"POOLED_AR1","IT",2006,11.1056394321859,0.00982185000159319,0.0103602917746404
"DefInd_s3_GIS_POOLED_AR1","DefInd","GIS",3,"POOLED_AR1","IT",2007,11.1306817677808,0.0161095208193007,0.00794671230192581
"DefInd_s3_GIS_POOLED_AR1","DefInd","GIS",3,"POOLED_AR1","IT",2008,11.1443073457259,-0.0277844811255825,-0.0411728889849253
"DefInd_s3_GIS_POOLED_AR1","DefInd","GIS",3,"POOLED_AR1","IT",2009,11.0609153438727,-0.069921633031349,-0.0468303214000414
"DefInd_s3_GIS_POOLED_AR1","DefInd","GIS",3,"POOLED_AR1","IT",2010,11.0576518790378,0.0237927242278992,0.0819036607179167
"DefInd_s3_GIS_POOLED_AR1","DefInd","GIS",3,"POOLED_AR1","IT",2011,11.1040637787042,-0.0103737241149595,-0.0301475398367986
"DefInd_s3_GIS_POOLED_AR1","DefInd","GIS",3,"POOLED_AR1","IT",2012,11.0993396257065,-0.0444691648369826,-0.0358477011057351
"DefInd_s3_GIS_POOLED_AR1","DefInd","GIS",3,"POOLED_AR1","IT",2013,11.1128341348182,-0.0451119754225484,-0.0081542457246819
"DefInd_s3_GIS_POOLED_AR1","DefInd","GIS",3,"POOLED_AR1","IT",2014,11.1073325351395,-0.0138982451563976,0.0235937158443359
"DefInd_s3_GIS_POOLED_AR1","DefInd","GIS",3,"POOLED_AR1","IT",2015,11.0950931333627,0.0463384186597757,0.0578890648130773
"DefInd_s3_GIS_POOLED_AR1","DefInd","GIS",3,"POOLED_AR1","IT",2016,11.1014313614953,0.0701663488717834,0.0316551072567774
"DefInd_s3_GIS_POOLED_AR1","DefInd","GIS",3,"POOLED_AR1","IT",2017,11.1088668994787,0.0813647076848394,0.0230503911242334
"DefInd_s3_GIS_POOLED_AR1","DefInd","GIS",3,"POOLED_AR1","IT",2018,11.1199570004724,0.0754968856756957,0.00787576248650075
"DefInd_s3_GIS_POOLED_AR1","DefInd","GIS",3,"POOLED_AR1","IT",2019,11.1141997980704,0.0703548071942901,0.00761035260285514
"DefInd_s3_GIS_POOLED_AR1","DefInd","GIS",3,"POOLED_AR1","IT",2020,11.0900914250268,0.00158102122032666,-0.0568899205381675
"DefInd_s3_GIS_POOLED_AR1","DefInd","GIS",3,"POOLED_AR1","IT",2021,11.220320560981,0.012171741219337,0.0108577755732174
"DefInd_s3_GIS_POOLED_AR1","DefInd","GIS",3,"POOLED_AR1","IT",2022,11.2889831803286,-0.0288769889423737,-0.0389927607043504
"DefInd_s3_GIS_POOLED_AR1","DefInd","GIS",3,"POOLED_AR1","IT",2023,11.2956448348549,-0.0388231773950469,-0.0148238970907546
"DefInd_s3_GIS_POOLED_AR1","DefInd","GIS",3,"POOLED_AR1","IT",2024,11.3129808601888,-0.0370724573497672,-0.00480703250002485
